movie_id,title,release_year,release_month,release_day_of_week,budget,runtime,original_language,primary_genre,primary_production_company,director_popularity,lead_actor_popularity,vote_average,vote_count
157336,Interstellar,2014,11,2,165000000.0,169,en,Adventure,Legendary Pictures,11.7366,8.6775,8.486,40986
27205,Inception,2010,7,3,160000000.0,148,en,Action,Legendary Pictures,11.7366,10.1668,8.372,40047
24428,The Avengers,2012,4,2,220000000.0,143,en,Science Fiction,Marvel Studios,2.5969,12.0576,8.073,39532
155,The Dark Knight,2008,7,2,185000000.0,152,en,Action,Warner Bros. Pictures,11.7366,6.5506,8.534,36557
19995,Avatar,2009,12,2,237000000.0,162,en,Science Fiction,Dune Entertainment,6.1702,5.7128,7.609,34559
293660,Deadpool,2016,2,1,58000000.0,108,en,Action,20th Century Fox,1.1828,8.4533,7.625,33210
299536,Avengers: Infinity War,2018,4,2,300000000.0,149,en,Adventure,Marvel Studios,1.8474,12.0576,8.242,32764
550,Fight Club,1999,10,4,63000000.0,139,en,Drama,Fox 2000 Pictures,4.5377,10.0001,8.437,32749
278,The Shawshank Redemption,1994,9,4,25000000.0,142,en,Drama,Castle Rock Entertainment,4.595,5.0587,8.729,31189
680,Pulp Fiction,1994,9,5,8000000.0,154,en,Thriller,Miramax,6.0396,7.9888,8.48,30768
13,Forrest Gump,1994,6,3,55000000.0,142,en,Comedy,Paramount Pictures,3.5231,16.1984,8.463,30338
118340,Guardians of the Galaxy,2014,7,2,170000000.0,121,en,Action,Marvel Studios,6.6929,7.1108,7.907,30215
671,Harry Potter and the Philosopher's Stone,2001,11,4,125000000.0,152,en,Adventure,Warner Bros. Pictures,4.9744,6.063,7.903,30114
1726,Iron Man,2008,4,2,140000000.0,126,en,Action,Marvel Studios,4.6586,12.0576,7.664,28713
603,The Matrix,1999,3,2,63000000.0,136,en,Action,Village Roadshow Pictures,1.9307,9.6407,8.256,28605
68718,Django Unchained,2012,12,1,100000000.0,165,en,Drama,The Weinstein Company,6.0396,6.5532,8.193,28515
299534,Avengers: Endgame,2019,4,2,356000000.0,181,en,Adventure,Marvel Studios,1.8474,12.0576,8.241,28512
120,The Lord of the Rings: The Fellowship of the Ring,2001,12,1,93000000.0,179,en,Adventure,New Line Cinema,4.9872,6.9543,8.444,28241
475557,Joker,2019,10,1,55000000.0,122,en,Crime,Warner Bros. Pictures,1.8025,5.8049,8.117,28212
597,Titanic,1997,12,3,200000000.0,194,en,Drama,Paramount Pictures,6.1702,10.1668,7.9,27643
122,The Lord of the Rings: The Return of the King,2003,12,2,94000000.0,201,en,Adventure,New Line Cinema,4.9872,6.9543,8.506,27226
106646,The Wolf of Wall Street,2013,12,2,100000000.0,180,en,Crime,Red Granite Pictures,5.8366,10.1668,8.027,26421
11324,Shutter Island,2010,2,6,80000000.0,138,en,Drama,Paramount Pictures,5.8366,10.1668,8.197,26335
99861,Avengers: Age of Ultron,2015,4,2,235000000.0,141,en,Action,Marvel Studios,2.5969,12.0576,7.277,24930
49026,The Dark Knight Rises,2012,7,1,250000000.0,165,en,Action,Syncopy,11.7366,6.5506,7.797,24837
16869,Inglourious Basterds,2009,8,6,70000000.0,153,en,Drama,Universal Pictures,6.0396,11.6228,8.218,24670
76341,Mad Max: Fury Road,2015,5,2,150000000.0,121,en,Action,Warner Bros. Pictures,1.648,9.2886,7.637,24512
271110,Captain America: Civil War,2016,4,2,250000000.0,147,en,Adventure,Marvel Studios,1.8474,7.4976,7.453,24488
121,The Lord of the Rings: The Two Towers,2002,12,2,79000000.0,179,en,Adventure,New Line Cinema,4.9872,6.9543,8.428,24468
672,Harry Potter and the Chamber of Secrets,2002,11,2,100000000.0,161,en,Adventure,Warner Bros. Pictures,4.9744,6.063,7.707,23981
284054,Black Panther,2018,2,1,200000000.0,135,en,Action,Marvel Studios,4.0533,2.6017,7.363,23880
284052,Doctor Strange,2016,10,1,180000000.0,115,en,Fantasy,Marvel Studios,2.0657,7.5303,7.425,23825
150540,Inside Out,2015,6,2,175000000.0,95,en,Animation,Pixar,4.2222,2.3348,7.906,23815
68721,Iron Man 3,2013,4,3,200000000.0,130,en,Action,Marvel Studios,1.8349,12.0576,6.932,23810
315635,Spider-Man: Homecoming,2017,7,2,175000000.0,133,en,Action,Marvel Studios,2.1101,22.972,7.3,23798
807,Se7en,1995,9,4,33000000.0,127,en,Crime,New Line Cinema,4.5377,11.3118,8.38,23675
70160,The Hunger Games,2012,3,0,75000000.0,142,en,Science Fiction,Lionsgate,1.734,10.1687,7.222,23641
673,Harry Potter and the Prisoner of Azkaban,2004,5,0,130000000.0,141,en,Adventure,Warner Bros. Pictures,4.6126,6.063,8.01,23558
238,The Godfather,1972,3,1,6000000.0,175,en,Drama,Paramount Pictures,3.601,4.4996,8.686,23456
283995,Guardians of the Galaxy Vol. 2,2017,4,1,200000000.0,137,en,Science Fiction,Marvel Studios,6.6929,7.1108,7.609,23356
1771,Captain America: The First Avenger,2011,7,4,140000000.0,124,en,Action,Marvel Studios,2.3245,7.4976,7.01,23157
272,Batman Begins,2005,6,4,150000000.0,140,en,Drama,Warner Bros. Pictures,11.7366,6.5506,7.73,23069
634649,Spider-Man: No Way Home,2021,12,2,200000000.0,148,en,Action,Marvel Studios,2.1101,22.972,7.945,22946
10138,Iron Man 2,2010,4,2,200000000.0,124,en,Adventure,Marvel Studios,4.6586,12.0576,6.854,22829
11,Star Wars,1977,5,2,11000000.0,121,en,Adventure,Lucasfilm Ltd.,2.9259,5.6973,8.207,22774
10195,Thor,2011,4,3,150000000.0,115,en,Adventure,Marvel Studios,6.8627,8.6502,6.771,22728
22,Pirates of the Caribbean: The Curse of the Black Pearl,2003,7,2,140000000.0,143,en,Adventure,Walt Disney Pictures,2.0894,8.6846,7.834,22682
674,Harry Potter and the Goblet of Fire,2005,11,2,150000000.0,157,en,Adventure,Warner Bros. Pictures,1.4797,6.063,7.801,22555
284053,Thor: Ragnarok,2017,10,0,180000000.0,131,en,Action,Marvel Studios,3.1858,8.6502,7.58,22413
297761,Suicide Squad,2016,8,2,175000000.0,122,en,Action,Warner Bros. Pictures,1.5009,8.6553,5.917,22367
12445,Harry Potter and the Deathly Hallows: Part 2,2011,7,1,125000000.0,130,en,Adventure,Warner Bros. Pictures,1.8664,6.063,8.08,22360
105,Back to the Future,1985,7,2,19000000.0,116,en,Adventure,Universal Pictures,3.5231,5.1653,8.329,22296
14160,Up,2009,5,3,175000000.0,96,en,Animation,Pixar,4.2222,5.1154,7.96,22040
135397,Jurassic World,2015,6,5,150000000.0,124,en,Adventure,Amblin Entertainment,1.447,7.1108,6.703,21863
286217,The Martian,2015,9,2,108000000.0,141,en,Science Fiction,Genre Films,9.4611,13.0917,7.706,21726
98,Gladiator,2000,5,3,103000000.0,155,en,Action,Universal Pictures,9.4611,6.2703,8.231,21387
354912,Coco,2017,10,4,175000000.0,105,en,Family,Pixar,1.3901,1.0245,8.197,21332
557,Spider-Man,2002,5,2,139000000.0,121,en,Action,Marvel Enterprises,5.0662,9.0893,7.351,21304
245891,John Wick,2014,10,3,20000000.0,101,en,Action,87Eleven,2.1529,9.6407,7.463,21257
496243,Parasite,2019,5,3,11363000.0,133,ko,Comedy,Barunson E&A,5.3531,2.79,8.491,21212
102899,Ant-Man,2015,7,1,130000000.0,117,en,Science Fiction,Marvel Studios,1.3732,6.509,7.066,21177
675,Harry Potter and the Order of the Phoenix,2007,7,6,150000000.0,138,en,Adventure,Warner Bros. Pictures,1.8664,6.063,7.673,21156
297762,Wonder Woman,2017,5,1,149000000.0,141,en,Action,Atlas Entertainment,1.7812,7.2792,7.204,21152
767,Harry Potter and the Half-Blood Prince,2009,7,2,250000000.0,153,en,Adventure,Warner Bros. Pictures,1.8664,6.063,7.681,21124
12,Finding Nemo,2003,5,4,94000000.0,100,en,Animation,Pixar,3.2918,3.0232,7.82,20894
140607,Star Wars: The Force Awakens,2015,12,1,245000000.0,136,en,Adventure,Lucasfilm Ltd.,2.2189,3.3199,7.242,20846
263115,Logan,2017,2,1,97000000.0,137,en,Action,Hutch Parker Entertainment,1.7096,8.5559,7.821,20763
10681,WALL·E,2008,6,3,180000000.0,98,en,Animation,Pixar,3.2918,1.6153,8.122,20763
37165,The Truman Show,1998,6,3,60000000.0,103,en,Comedy,Paramount Pictures,2.3737,8.8079,8.157,20736
12444,Harry Potter and the Deathly Hallows: Part 1,2010,11,2,250000000.0,146,en,Adventure,Warner Bros. Pictures,1.8664,6.063,7.732,20725
346364,It,2017,9,2,35000000.0,135,en,Horror,New Line Cinema,2.078,2.9954,7.24,20611
862,Toy Story,1995,11,2,30000000.0,81,en,Family,Pixar,2.3116,16.1984,7.987,20438
100402,Captain America: The Winter Soldier,2014,3,3,170000000.0,136,en,Action,Marvel Studios,1.8474,7.4976,7.654,20389
210577,Gone Girl,2014,10,2,61000000.0,149,en,Mystery,20th Century Fox,4.5377,6.648,7.889,20325
585,"Monsters, Inc.",2001,11,3,115000000.0,92,en,Animation,Pixar,4.2222,5.1223,7.856,20172
8587,The Lion King,1994,6,2,45000000.0,89,en,Animation,Walt Disney Pictures,1.1021,2.6277,8.251,20062
49051,The Hobbit: An Unexpected Journey,2012,12,2,250000000.0,169,en,Adventure,New Line Cinema,4.9872,5.1122,7.381,19992
259316,Fantastic Beasts and Where to Find Them,2016,11,2,180000000.0,133,en,Fantasy,Heyday Films,1.8664,5.4298,7.309,19933
329865,Arrival,2016,11,3,47000000.0,116,en,Drama,FilmNation Entertainment,5.9894,8.4967,7.633,19788
497,The Green Mile,1999,12,4,60000000.0,189,en,Fantasy,Castle Rock Entertainment,4.595,16.1984,8.506,19714
281957,The Revenant,2015,12,4,135000000.0,157,en,Western,Monarchy Enterprises S.a.r.l.,5.0626,10.1668,7.541,19637
383498,Deadpool 2,2018,5,1,110000000.0,120,en,Action,Maximum Effort,1.8595,8.4533,7.488,19590
24,Kill Bill: Vol. 1,2003,10,4,30000000.0,111,en,Action,Miramax,6.0396,5.7331,8.0,19326
694,The Shining,1980,5,4,19000000.0,144,en,Horror,Warner Bros. Pictures,4.1712,4.6107,8.2,19297
209112,Batman v Superman: Dawn of Justice,2016,3,2,250000000.0,152,en,Action,Warner Bros. Pictures,3.3444,6.648,6.011,19289
419430,Get Out,2017,2,4,4500000.0,104,en,Mystery,Monkeypaw Productions,3.6758,5.8321,7.625,19260
808,Shrek,2001,5,4,60000000.0,90,en,Animation,Pacific Data Images,1.3816,6.6375,7.777,19230
9806,The Incredibles,2004,10,2,92000000.0,115,en,Action,Pixar,2.6721,3.4993,7.728,19227
1930,The Amazing Spider-Man,2012,6,5,215000000.0,136,en,Action,Marvel Entertainment,1.2533,10.3499,6.758,19019
2062,Ratatouille,2007,6,3,150000000.0,111,en,Animation,Pixar,2.6721,3.4906,7.846,18862
129,Spirited Away,2001,7,4,19000000.0,125,ja,Animation,Studio Ghibli,3.7071,4.3545,8.5,18801
1891,The Empire Strikes Back,1980,5,1,18000000.0,124,en,Adventure,Lucasfilm Ltd.,1.1689,5.6973,8.393,18773
77338,The Intouchables,2011,11,2,13000000.0,113,fr,Drama,Gaumont,1.1459,1.6009,8.272,18751
101299,The Hunger Games: Catching Fire,2013,11,4,130000000.0,146,en,Adventure,Lionsgate,1.8883,10.1687,7.426,18709
76338,Thor: The Dark World,2013,10,2,170000000.0,112,en,Action,Marvel Studios,1.3123,8.6502,6.509,18663
381288,Split,2017,1,3,9000000.0,117,en,Horror,Blinding Edge Pictures,2.9273,5.5475,7.341,18582
269149,Zootopia,2016,2,3,150000000.0,109,en,Animation,Walt Disney Animation Studios,2.3406,3.0563,7.765,18464
18785,The Hangover,2009,6,1,35000000.0,100,en,Comedy,Legendary Pictures,1.8025,10.5498,7.337,18442
313369,La La Land,2016,12,3,30000000.0,129,en,Comedy,Summit Entertainment,3.2554,13.3033,7.897,18413
274,The Silence of the Lambs,1991,2,3,19000000.0,119,en,Crime,Orion Pictures,1.702,5.899,8.345,18412
198663,The Maze Runner,2014,9,2,34000000.0,113,en,Action,Ingenious Media,1.3101,8.0577,7.191,18409
205596,The Imitation Game,2014,11,4,14000000.0,113,en,History,Bristol Automotive,1.7391,7.5303,7.98,18352
329,Jurassic Park,1993,6,4,63000000.0,127,en,Adventure,Universal Pictures,7.5877,6.3605,7.976,18270
207703,Kingsman: The Secret Service,2015,1,5,81000000.0,129,en,Crime,20th Century Fox,2.1336,5.3432,7.617,18085
1124,The Prestige,2006,10,3,40000000.0,130,en,Drama,Warner Bros. Pictures,11.7366,8.5559,8.211,18035
424694,Bohemian Rhapsody,2018,10,2,52000000.0,135,en,Music,20th Century Fox,1.8461,5.5669,7.951,18001
374720,Dunkirk,2017,7,2,150000000.0,107,en,War,Warner Bros. Pictures,11.7366,2.3325,7.451,17901
109445,Frozen,2013,11,2,150000000.0,102,en,Animation,Walt Disney Animation Studios,1.0409,5.6149,7.249,17834
424,Schindler's List,1993,12,2,22000000.0,195,en,Drama,Amblin Entertainment,7.5877,8.5147,8.57,17833
324857,Spider-Man: Into the Spider-Verse,2018,12,3,90000000.0,117,en,Animation,Columbia Pictures,1.65,2.7098,8.399,17765
857,Saving Private Ryan,1998,7,4,70000000.0,169,en,War,DreamWorks Pictures,7.5877,16.1984,8.233,17688
335983,Venom,2018,9,4,116000000.0,112,en,Science Fiction,Matt Tolmach Productions,1.5204,9.2886,6.824,17529
429617,Spider-Man: Far From Home,2019,6,4,160000000.0,129,en,Action,Marvel Studios,2.1101,22.972,7.394,17513
58,Pirates of the Caribbean: Dead Man's Chest,2006,7,3,200000000.0,151,en,Adventure,Walt Disney Pictures,2.0894,8.6846,7.39,17508
640,Catch Me If You Can,2002,12,0,52000000.0,141,en,Drama,Kemp Company,7.5877,10.1668,7.978,17474
240832,Lucy,2014,7,4,40000000.0,89,en,Action,EuropaCorp,3.4195,15.4476,6.476,17319
333339,Ready Player One,2018,3,2,175000000.0,140,en,Adventure,Amblin Entertainment,7.5877,2.975,7.587,17305
6479,I Am Legend,2007,12,2,150000000.0,101,en,Drama,Village Roadshow Pictures,1.8883,8.6553,7.223,17244
1892,Return of the Jedi,1983,5,2,32350000.0,132,en,Adventure,Lucasfilm Ltd.,0.7926,5.6973,7.911,17237
339403,Baby Driver,2017,6,2,34000000.0,113,en,Action,Big Talk Studios,4.2661,2.0592,7.444,17133
299537,Captain Marvel,2019,3,2,152000000.0,124,en,Action,Marvel Studios,0.7303,5.4285,6.772,17078
75656,Now You See Me,2013,5,2,75000000.0,116,en,Thriller,Summit Entertainment,2.3288,6.3683,7.326,17076
244786,Whiplash,2014,10,4,3300000.0,107,en,Drama,Bold Films,3.2554,5.1928,8.375,17014
72190,World War Z,2013,6,2,200000000.0,116,en,Action,GK Films,2.1586,11.6228,6.849,16954
131631,The Hunger Games: Mockingjay - Part 1,2014,11,2,125000000.0,123,en,Science Fiction,Lionsgate,1.8883,10.1687,6.816,16944
177572,Big Hero 6,2014,10,4,165000000.0,102,en,Adventure,Walt Disney Animation Studios,1.3197,1.8458,7.725,16869
558,Spider-Man 2,2004,6,4,200000000.0,127,en,Action,Marvel Enterprises,5.0662,9.0893,7.328,16825
348,Alien,1979,5,4,11000000.0,117,en,Horror,Brandywine Productions,9.4611,3.8718,8.172,16760
330459,Rogue One: A Star Wars Story,2016,12,2,200000000.0,133,en,Action,Lucasfilm Ltd.,3.617,4.737,7.51,16696
77,Memento,2000,10,2,9000000.0,113,en,Mystery,Newmarket Films,11.7366,4.6498,8.174,16670
38,Eternal Sunshine of the Spotless Mind,2004,3,4,20000000.0,108,en,Science Fiction,Focus Features,1.3942,8.8079,8.089,16665
181808,Star Wars: The Last Jedi,2017,12,2,300000000.0,152,en,Adventure,Lucasfilm Ltd.,2.3285,5.6973,6.741,16621
49047,Gravity,2013,10,3,105000000.0,91,en,Science Fiction,Esperanto Filmoj,4.6126,8.1384,7.173,16609
127585,X-Men: Days of Future Past,2014,5,3,250000000.0,132,en,Action,Bad Hat Harry Productions,1.8461,8.5559,7.535,16591
1422,The Departed,2006,10,2,90000000.0,151,en,Drama,Warner Bros. Pictures,5.8366,10.1668,8.2,16562
49521,Man of Steel,2013,6,2,225000000.0,143,en,Action,Syncopy,3.3444,8.1022,6.66,16536
101,Léon: The Professional,1994,9,2,16000000.0,111,fr,Crime,Gaumont,3.4195,5.9743,8.293,16444
120467,The Grand Budapest Hotel,2014,2,2,30000000.0,100,en,Comedy,Fox Searchlight Pictures,7.9027,5.8452,8.025,16433
37724,Skyfall,2012,10,2,200000000.0,143,en,Action,Metro-Goldwyn-Mayer,4.4407,5.1208,7.265,16353
118,Charlie and the Chocolate Factory,2005,7,2,150000000.0,115,en,Adventure,Warner Bros. Pictures,4.818,8.6846,7.038,16337
20352,Despicable Me,2010,7,3,69000000.0,95,en,Animation,Illumination,8.7714,5.8553,7.26,16328
1893,Star Wars: Episode I - The Phantom Menace,1999,5,2,115000000.0,136,en,Adventure,Lucasfilm Ltd.,2.9259,8.5147,6.582,16149
10193,Toy Story 3,2010,6,2,200000000.0,103,en,Animation,Pixar,1.3901,16.1984,7.816,16145
321612,Beauty and the Beast,2017,3,3,160000000.0,129,en,Family,Walt Disney Pictures,1.6263,8.6652,6.967,16138
752,V for Vendetta,2006,2,3,54000000.0,132,en,Action,Virtual Studios,1.1473,13.8542,7.898,15869
44214,Black Swan,2010,12,4,13000000.0,108,en,Drama,Fox Searchlight Pictures,3.1197,13.8542,7.684,15809
500,Reservoir Dogs,1992,9,2,1200000.0,99,en,Crime,Live Entertainment,6.0396,4.1695,8.111,15767
285,Pirates of the Caribbean: At World's End,2007,5,5,300000000.0,169,en,Adventure,Jerry Bruckheimer Films,2.0894,8.6846,7.278,15761
122917,The Hobbit: The Battle of the Five Armies,2014,12,2,250000000.0,144,en,Action,New Line Cinema,4.9872,4.6765,7.338,15693
559,Spider-Man 3,2007,5,1,258000000.0,139,en,Action,Laura Ziskin Productions,5.0662,9.0893,6.479,15682
447332,A Quiet Place,2018,4,1,17000000.0,91,en,Horror,Paramount Pictures,6.0242,11.5143,7.395,15661
335984,Blade Runner 2049,2017,10,2,150000000.0,164,en,Science Fiction,Alcon Entertainment,5.9894,13.3033,7.604,15591
152601,Her,2013,12,2,23000000.0,126,en,Romance,Annapurna Pictures,2.7601,5.8049,7.836,15575
273248,The Hateful Eight,2015,12,4,44000000.0,188,en,Drama,The Weinstein Company,6.0396,9.4487,7.757,15558
920,Cars,2006,6,3,120000000.0,117,en,Animation,Pixar,2.3116,6.8795,7.049,15444
438631,Dune,2021,9,2,165000000.0,155,en,Science Fiction,Legendary Pictures,5.9894,7.9798,7.784,15444
137113,Edge of Tomorrow,2014,5,1,178000000.0,114,en,Action,RatPac Entertainment,3.342,12.2838,7.642,15432
393,Kill Bill: Vol. 2,2004,4,4,30000000.0,136,en,Action,Super Cool ManChu,6.0396,5.7331,7.875,15376
78,Blade Runner,1982,6,4,28000000.0,118,en,Science Fiction,Shaw Brothers,9.4611,7.1495,7.935,15341
863,Toy Story 2,1999,10,5,90000000.0,92,en,Animation,Pixar,2.3116,16.1984,7.619,15287
1895,Star Wars: Episode III - Revenge of the Sith,2005,5,1,113000000.0,140,en,Adventure,Lucasfilm Ltd.,2.9259,4.3409,7.473,15234
324786,Hacksaw Ridge,2016,10,4,40000000.0,139,en,Drama,Summit Entertainment,5.2865,10.3499,8.193,15219
1865,Pirates of the Caribbean: On Stranger Tides,2011,5,6,379000000.0,136,en,Adventure,Walt Disney Pictures,1.2052,8.6846,6.573,15193
466272,Once Upon a Time... in Hollywood,2019,7,2,95000000.0,162,en,Comedy,Heyday Films,6.0396,10.1668,7.42,15169
297802,Aquaman,2018,12,4,160000000.0,143,en,Action,The Safran Company,4.6549,9.2917,6.865,15157
607,Men in Black,1997,7,2,90000000.0,98,en,Action,Columbia Pictures,2.0671,4.4909,7.227,15122
1271,300,2007,3,2,65000000.0,117,en,Action,Virtual Studios,3.3444,7.5862,7.208,15031
218,The Terminator,1984,10,4,6400000.0,108,en,Action,Hemdale,6.1702,6.3894,7.69,15027
12155,Alice in Wonderland,2010,3,2,200000000.0,108,en,Family,Walt Disney Pictures,4.818,4.3599,6.644,15016
10528,Sherlock Holmes,2009,12,2,90000000.0,129,en,Action,Warner Bros. Pictures,5.5444,12.0576,7.223,14988
353486,Jumanji: Welcome to the Jungle,2017,12,5,90000000.0,119,en,Adventure,Matt Tolmach Productions,1.3675,7.3971,6.823,14762
280,Terminator 2: Judgment Day,1991,7,2,102000000.0,137,en,Action,Carolco Pictures,6.1702,6.3894,8.2,14752
769,GoodFellas,1990,9,2,25000000.0,145,en,Drama,Winkler Films,5.8366,10.1679,8.451,14690
102382,The Amazing Spider-Man 2,2014,4,2,200000000.0,141,en,Action,Columbia Pictures,1.2533,10.3499,6.559,14672
10191,How to Train Your Dragon,2010,3,3,165000000.0,98,en,Fantasy,DreamWorks Animation,2.3542,3.1203,7.867,14657
8966,Twilight,2008,11,3,37000000.0,122,en,Fantasy,Summit Entertainment,2.0134,5.9963,6.275,14634
1894,Star Wars: Episode II - Attack of the Clones,2002,5,2,120000000.0,142,en,Adventure,Lucasfilm Ltd.,2.9259,4.3409,6.597,14628
425,Ice Age,2002,3,3,59000000.0,81,en,Animation,Blue Sky Studios,1.2339,2.9522,7.383,14572
76600,Avatar: The Way of Water,2022,12,2,460000000.0,192,en,Action,20th Century Studios,6.1702,5.7128,7.588,14567
324552,John Wick: Chapter 2,2017,2,2,40000000.0,122,en,Action,Thunder Road,2.1529,9.6407,7.345,14557
264660,Ex Machina,2015,1,2,15000000.0,108,en,Drama,DNA Films,4.1618,4.0539,7.571,14530
57158,The Hobbit: The Desolation of Smaug,2013,12,2,250000000.0,161,en,Fantasy,New Line Cinema,4.9872,4.6765,7.581,14507
274870,Passengers,2016,12,2,110000000.0,116,en,Drama,Columbia Pictures,1.7391,10.1687,6.956,14459
363088,Ant-Man and the Wasp,2018,7,2,140000000.0,119,en,Action,Marvel Studios,1.3732,6.509,6.897,14444
546554,Knives Out,2019,11,2,40000000.0,131,en,Comedy,MRC,2.3285,5.1208,7.842,14415
62177,Brave,2012,6,3,185000000.0,93,en,Adventure,Pixar,1.1336,7.6113,7.035,14396
240,The Godfather Part II,1974,12,4,13000000.0,202,en,Drama,Paramount Pictures,3.601,6.8539,8.573,14261
489,Good Will Hunting,1997,12,4,10000000.0,127,en,Drama,Lawrence Bender Productions,1.5155,13.0917,8.165,14219
165,Back to the Future Part II,1989,11,2,40000000.0,108,en,Adventure,Universal Pictures,3.5231,5.1653,7.784,14211
637,Life Is Beautiful,1997,12,5,20000000.0,116,it,Comedy,Mario e Vittorio Cecchi Gori - C.E.I.A.D.,2.5944,2.5944,8.437,14201
350,The Devil Wears Prada,2006,6,3,35000000.0,109,en,Drama,Fox 2000 Pictures,1.5772,7.1363,7.438,14170
185,A Clockwork Orange,1971,10,3,2200000.0,137,en,Science Fiction,Polaris Productions Limited,4.1712,4.1359,8.17,14067
246655,X-Men: Apocalypse,2016,5,2,178000000.0,144,en,Science Fiction,The Donners' Company,1.8461,5.5475,6.527,14051
162,Edward Scissorhands,1990,12,4,20000000.0,105,en,Fantasy,20th Century Fox,4.818,8.6846,7.721,13993
4922,The Curious Case of Benjamin Button,2008,12,3,150000000.0,166,en,Drama,Paramount Pictures,4.5377,11.6228,7.601,13975
277834,Moana,2016,10,3,150000000.0,107,en,Adventure,Walt Disney Animation Studios,1.4266,2.5743,7.565,13973
87827,Life of Pi,2012,11,1,120000000.0,127,en,Adventure,Fox 2000 Pictures,4.5145,2.1196,7.414,13969
64690,Drive,2011,9,3,15000000.0,100,en,Drama,FilmDistrict,2.4376,13.3033,7.583,13936
85,Raiders of the Lost Ark,1981,6,4,18000000.0,115,en,Adventure,Paramount Pictures,7.5877,7.1495,7.927,13919
102651,Maleficent,2014,5,2,180000000.0,97,en,Fantasy,Walt Disney Pictures,0.8943,8.2317,7.09,13909
260513,Incredibles 2,2018,6,3,200000000.0,118,en,Action,Pixar,2.6721,3.4993,7.453,13903
141052,Justice League,2017,11,2,300000000.0,120,en,Action,Cruel & Unusual Films,3.3444,6.648,6.069,13892
190859,American Sniper,2014,12,3,58800000.0,133,en,War,Warner Bros. Pictures,9.0746,10.5498,7.408,13847
530915,1917,2019,12,2,100000000.0,119,en,War,DreamWorks Pictures,4.4407,3.4604,7.984,13834
49538,X-Men: First Class,2011,6,2,160000000.0,132,en,Action,The Donners' Company,2.1336,5.5475,7.305,13798
194662,Birdman or (The Unexpected Virtue of Ignorance),2014,10,4,18000000.0,120,en,Drama,TSG Entertainment,5.0626,7.7596,7.435,13786
68726,Pacific Rim,2013,7,3,180000000.0,131,en,Action,Double Dare You,6.0982,7.3777,6.9,13746
103,Taxi Driver,1976,2,0,1900000.0,114,en,Crime,Bill/Phillips Productions,5.8366,10.1679,8.122,13732
809,Shrek 2,2004,5,2,150000000.0,92,en,Animation,DreamWorks Animation,1.3816,6.6375,7.328,13716
6977,No Country for Old Men,2007,11,4,25000000.0,122,en,Crime,Miramax,2.3023,6.1669,7.95,13693
141,Donnie Darko,2001,1,4,4500000.0,114,en,Fantasy,Flower Films,1.4822,11.2983,7.759,13687
157350,Divergent,2014,3,4,85000000.0,140,en,Action,Summit Entertainment,3.0302,9.3808,6.901,13677
70981,Prometheus,2012,5,2,130000000.0,124,en,Science Fiction,Dune Entertainment,9.4611,5.3433,6.608,13562
131634,The Hunger Games: Mockingjay - Part 2,2015,11,2,160000000.0,137,en,Action,Lionsgate,1.8883,10.1687,6.9,13537
296096,Me Before You,2016,6,2,20000000.0,110,en,Drama,New Line Cinema,0.8995,7.2484,7.93,13518
37799,The Social Network,2010,10,4,40000000.0,121,en,Drama,Columbia Pictures,4.5377,6.3683,7.376,13444
19908,Zombieland,2009,10,4,23600000.0,88,en,Comedy,Columbia Pictures,1.5204,6.3683,7.26,13427
146233,Prisoners,2013,9,3,46000000.0,153,en,Drama,Alcon Entertainment,5.9894,8.5559,8.106,13430
72105,Ted,2012,6,4,50000000.0,107,en,Comedy,Universal Pictures,4.0423,7.5299,6.454,13410
111,Scarface,1983,12,4,25000000.0,170,en,Action,Universal Pictures,2.294,6.8539,8.152,13356
14,American Beauty,1999,9,2,15000000.0,122,en,Drama,DreamWorks Pictures,4.4407,4.345,7.998,13289
82690,Wreck-It Ralph,2012,11,3,165000000.0,101,en,Family,Walt Disney Animation Studios,0.9676,3.9857,7.361,13274
745,The Sixth Sense,1999,8,4,40000000.0,107,en,Mystery,Spyglass Entertainment,2.9273,8.5919,7.954,13194
228150,Fury,2014,10,2,68000000.0,135,en,War,Columbia Pictures,1.5009,11.6228,7.547,13180
490132,Green Book,2018,11,4,23000000.0,130,en,Drama,Participant,2.0961,4.6962,8.222,13168
64682,The Great Gatsby,2013,5,3,105000000.0,143,en,Drama,Warner Bros. Pictures,2.2661,10.1668,7.347,13124
1724,The Incredible Hulk,2008,6,3,150000000.0,114,en,Science Fiction,Marvel Studios,2.3288,10.0001,6.26,13082
399055,The Shape of Water,2017,12,4,19500000.0,123,en,Drama,Double Dare You,6.0982,3.9948,7.233,13040
61791,Rise of the Planet of the Apes,2011,8,2,93000000.0,105,en,Thriller,Dune Entertainment,2.0311,5.4899,7.352,13027
166426,Pirates of the Caribbean: Dead Men Tell No Tales,2017,5,1,230000000.0,129,en,Adventure,Walt Disney Pictures,0.8345,8.6846,6.664,13016
138843,The Conjuring,2013,7,3,13000000.0,112,en,Horror,Evergreen Media Group,4.6549,5.7388,7.542,13009
14161,2012,2009,10,5,200000000.0,158,en,Action,Columbia Pictures,2.2711,3.6691,5.893,12976
351286,Jurassic World: Fallen Kingdom,2018,6,2,170000000.0,129,en,Adventure,Amblin Entertainment,1.057,7.1108,6.526,12968
9502,Kung Fu Panda,2008,6,2,130000000.0,90,en,Action,DreamWorks Animation,1.1045,10.5948,7.336,12934
372058,Your Name.,2016,7,4,7500000.0,106,ja,Animation,CoMix Wave Films,3.6897,2.6238,8.485,12926
2048,"I, Robot",2004,7,3,120000000.0,115,en,Action,Davis Entertainment,1.1929,8.6553,6.97,12926
398818,Call Me by Your Name,2017,10,6,3500000.0,132,en,Romance,La Cinéfacture,1.9634,7.9798,8.081,12923
207,Dead Poets Society,1989,6,4,16400000.0,129,en,Drama,A Steven Haft Production,2.3737,4.7179,8.296,12902
62,2001: A Space Odyssey,1968,4,1,12000000.0,149,en,Science Fiction,Stanley Kubrick Productions,4.1712,2.034,8.045,12880
73,American History X,1998,7,2,20000000.0,119,en,Drama,New Line Cinema,0.7299,10.0001,8.325,12848
161,Ocean's Eleven,2001,12,4,85000000.0,116,en,Thriller,Warner Bros. Pictures,2.161,7.6526,7.466,12833
127380,Finding Dory,2016,6,3,200000000.0,97,en,Adventure,Pixar,3.2918,2.2391,7.0,12815
11036,The Notebook,2004,6,4,29000000.0,123,en,Romance,New Line Cinema,1.5961,13.3033,7.89,12815
82693,Silver Linings Playbook,2012,11,4,21000000.0,122,en,Drama,The Weinstein Company,1.4652,10.5498,7.2,12803
771,Home Alone,1990,11,4,18000000.0,103,en,Comedy,Hughes Entertainment,4.9744,4.6067,7.469,12773
38757,Tangled,2010,11,2,260000000.0,100,en,Animation,Walt Disney Animation Studios,1.2952,3.4582,7.617,12653
1359,American Psycho,2000,4,3,7000000.0,102,en,Thriller,Lionsgate,0.9073,6.5506,7.403,12646
194,Amélie,2001,4,2,10000000.0,122,fr,Comedy,Victoires Productions,1.7026,2.2475,7.92,12611
23483,Kick-Ass,2010,3,4,28000000.0,118,en,Action,Plan B Entertainment,2.1336,4.8232,7.123,12592
562,Die Hard,1988,7,4,28000000.0,132,en,Action,Gordon Company,1.8349,8.5919,7.816,12568
216015,Fifty Shades of Grey,2015,2,2,40000000.0,125,en,Drama,Universal Pictures,1.1334,5.7059,5.86,12531
8358,Cast Away,2000,12,4,90000000.0,143,en,Adventure,20th Century Fox,3.5231,16.1984,7.667,12497
1858,Transformers,2007,6,2,150000000.0,144,en,Adventure,DreamWorks Pictures,3.8592,4.1238,6.845,12488
36657,X-Men,2000,7,3,75000000.0,104,en,Adventure,The Donners' Company,1.8461,8.5559,7.02,12460
119450,Dawn of the Planet of the Apes,2014,7,1,170000000.0,130,en,Science Fiction,TSG Entertainment,2.3584,5.4899,7.343,12456
115,The Big Lebowski,1998,3,4,15000000.0,117,en,Comedy,PolyGram Filmed Entertainment,2.3023,3.7819,7.834,12437
414906,The Batman,2022,3,1,185000000.0,177,en,Crime,6th & Idaho Motion Picture Company,2.3584,11.5404,7.669,12423
49530,In Time,2011,10,3,40000000.0,109,en,Action,New Regency Pictures,1.8838,10.3817,6.971,12379
872585,Oppenheimer,2023,7,2,100000000.0,181,en,Drama,Syncopy,11.7366,8.7014,8.022,12364
332562,A Star Is Born,2018,10,2,36000000.0,136,en,Music,Warner Bros. Pictures,10.5498,2.9993,7.49,12363
8681,Taken,2008,2,0,25000000.0,94,en,Action,EuropaCorp,1.9739,8.5147,7.409,12332
604,The Matrix Reloaded,2003,5,3,150000000.0,138,en,Adventure,Village Roadshow Pictures,1.9307,9.6407,7.086,12244
812,Aladdin,1992,11,2,28000000.0,91,en,Animation,Walt Disney Feature Animation,1.4266,1.3025,7.657,12222
601,E.T. the Extra-Terrestrial,1982,6,4,10500000.0,115,en,Adventure,Universal Pictures,7.5877,3.6495,7.518,12213
93456,Despicable Me 2,2013,6,2,76000000.0,98,en,Animation,Illumination,8.7714,5.8553,6.948,12197
76203,12 Years a Slave,2013,10,4,20000000.0,134,en,Drama,New Regency Pictures,1.4803,6.293,7.928,12182
18,The Fifth Element,1997,5,4,90000000.0,126,fr,Science Fiction,Gaumont,3.4195,8.5919,7.59,12078
458156,John Wick: Chapter 3 - Parabellum,2019,5,2,55000000.0,131,en,Action,Thunder Road,2.1529,9.6407,7.439,12022
242582,Nightcrawler,2014,10,3,8500000.0,118,en,Crime,Sierra/Affinity,2.1716,11.2983,7.709,11995
953,Madagascar,2005,5,2,75000000.0,86,en,Adventure,Pacific Data Images,0.9939,5.028,6.929,11955
36557,Casino Royale,2006,11,1,150000000.0,144,en,Adventure,Metro-Goldwyn-Mayer,1.395,5.1208,7.576,11946
1949,Zodiac,2007,3,4,65000000.0,157,en,Crime,Paramount Pictures,4.5377,11.2983,7.532,11829
578,Jaws,1975,6,4,7000000.0,124,en,Horror,The Zanuck/Brown Company,7.5877,2.5613,7.684,11798
13223,Gran Torino,2008,12,4,33000000.0,116,en,Drama,Matten Productions,9.0746,9.0746,7.988,11775
75612,Oblivion,2013,4,2,120000000.0,124,en,Action,Universal Pictures,2.248,12.2838,6.692,11770
291805,Now You See Me 2,2016,6,3,120000000.0,129,en,Crime,Summit Entertainment,1.9714,6.3683,6.824,11768
196,Back to the Future Part III,1990,5,4,40000000.0,119,en,Adventure,Universal Pictures,3.5231,5.1653,7.496,11759
411,"The Chronicles of Narnia: The Lion, the Witch and the Wardrobe",2005,12,2,180000000.0,143,en,Adventure,Walt Disney Pictures,1.3816,2.0515,7.143,11722
600,Full Metal Jacket,1987,6,4,30000000.0,117,en,Drama,Natant,4.1712,3.0528,8.119,11702
510,One Flew Over the Cuckoo's Nest,1975,11,2,3000000.0,135,en,Drama,Fantasy Films,1.3329,4.6107,8.4,11696
310,Bruce Almighty,2003,5,4,80000000.0,101,en,Fantasy,Pit Bull Productions,1.0346,8.8079,6.729,11691
1417,Pan's Labyrinth,2006,10,2,19000000.0,118,es,Fantasy,Estudios Picasso,6.0982,2.8624,7.768,11684
51876,Limitless,2011,3,3,27000000.0,106,en,Thriller,Relativity Media,3.0302,10.5498,7.202,11683
629,The Usual Suspects,1995,7,2,6000000.0,106,en,Drama,Bad Hat Harry Productions,1.8461,2.3229,8.165,11677
508442,Soul,2020,12,4,150000000.0,101,en,Animation,Pixar,4.2222,6.5532,8.089,11675
222935,The Fault in Our Stars,2014,6,0,14000000.0,126,en,Romance,TSG Entertainment,1.1375,9.3808,7.591,11669
338952,Fantastic Beasts: The Crimes of Grindelwald,2018,11,2,200000000.0,134,en,Fantasy,Warner Bros. Pictures,1.8664,5.4298,6.83,11634
497698,Black Widow,2021,7,2,200000000.0,134,en,Action,Marvel Studios,1.1262,15.4476,7.154,11555
12405,Slumdog Millionaire,2008,11,2,15000000.0,121,en,Drama,Celador Films,2.1713,4.1629,7.728,11537
854,The Mask,1994,7,4,23000000.0,101,en,Comedy,Dark Horse Entertainment,1.8666,8.8079,6.996,11530
8844,Jumanji,1995,12,4,65000000.0,104,en,Adventure,TriStar Pictures,2.3245,9.5508,7.248,11513
62211,Monsters University,2013,6,2,200000000.0,104,en,Animation,Pixar,0.9612,2.9282,7.057,11508
45243,The Hangover Part II,2011,5,2,80000000.0,102,en,Comedy,Legendary Pictures,1.8025,10.5498,6.511,11496
346698,Barbie,2023,7,2,145000000.0,114,en,Comedy,LuckyChap Entertainment,2.4699,8.7483,6.913,11482
2080,X-Men Origins: Wolverine,2009,4,1,150000000.0,107,en,Adventure,The Donners' Company,1.0158,8.5559,6.296,11484
168259,Furious 7,2015,4,2,190000000.0,138,en,Action,Original Film,4.6549,11.0759,7.214,11458
652,Troy,2004,5,3,175000000.0,163,en,War,Warner Bros. Pictures,1.5927,11.6228,7.19,11457
361743,Top Gun: Maverick,2022,5,5,170000000.0,131,en,Action,Skydance Media,2.248,12.2838,8.16,11455
577922,Tenet,2020,8,5,205000000.0,150,en,Action,Warner Bros. Pictures,11.7366,3.0793,7.171,11452
787,Mr. & Mrs. Smith,2005,6,1,110000000.0,120,en,Action,Regency Enterprises,3.342,8.2317,6.694,11447
206647,Spectre,2015,10,0,245000000.0,148,en,Action,Metro-Goldwyn-Mayer,4.4407,5.1208,6.57,11436
84892,The Perks of Being a Wallflower,2012,9,3,13000000.0,103,en,Drama,Mr. Mudd,1.5359,3.8127,7.804,11411
580489,Venom: Let There Be Carnage,2021,9,3,110000000.0,97,en,Science Fiction,Columbia Pictures,5.4899,9.2886,6.732,11384
197,Braveheart,1995,5,2,72000000.0,178,en,Action,The Ladd Company,5.2865,5.2865,7.945,11372
4935,Howl's Moving Castle,2004,9,3,24000000.0,119,ja,Fantasy,Studio Ghibli,3.7071,2.724,8.387,11365
343668,Kingsman: The Golden Circle,2017,9,2,104000000.0,141,en,Action,20th Century Fox,2.1336,5.3432,6.942,11330
82992,Fast & Furious 6,2013,5,1,160000000.0,130,en,Action,Relativity Media,2.6676,11.0759,6.8,11329
453,A Beautiful Mind,2001,12,4,58000000.0,135,en,Drama,Universal Pictures,4.1046,6.2703,7.852,11319
293167,Kong: Skull Island,2017,3,2,185000000.0,118,en,Action,Legendary Pictures,1.303,5.7593,6.558,11314
89,Indiana Jones and the Last Crusade,1989,5,2,48000000.0,127,en,Adventure,Paramount Pictures,7.5877,7.1495,7.855,11291
211672,Minions,2015,6,2,74000000.0,91,en,Family,Illumination,2.8944,8.1384,6.423,11272
19913,(500) Days of Summer,2009,7,4,7500000.0,95,en,Comedy,Fox Searchlight Pictures,1.2533,6.1524,7.304,11245
266856,The Theory of Everything,2014,11,4,15000000.0,123,en,Drama,Working Title Films,0.9878,5.4298,7.825,11243
641,Requiem for a Dream,2000,10,4,4500000.0,102,en,Crime,Artisan Entertainment,3.1197,3.0742,8.008,11234
64688,21 Jump Street,2012,3,2,42000000.0,109,en,Action,Columbia Pictures,3.9654,4.1278,6.884,11228
294254,Maze Runner: The Scorch Trials,2015,9,2,61000000.0,131,en,Science Fiction,Temple Hill Entertainment,1.3101,8.0577,6.732,11209
539,Psycho,1960,6,2,806947.0,109,en,Horror,Shamley Productions,5.6026,1.9785,8.408,11209
1593,Night at the Museum,2006,12,2,110000000.0,108,en,Fantasy,1492 Pictures,2.8946,5.028,6.6,11159
41154,Men in Black 3,2012,5,2,225000000.0,106,en,Action,Columbia Pictures,2.0671,8.6553,6.547,11156
359940,"Three Billboards Outside Ebbing, Missouri",2017,12,4,15000000.0,115,en,Crime,Blueprint Pictures,4.8133,3.5958,8.052,11143
59967,Looper,2012,9,2,30000000.0,118,en,Action,Endgame Entertainment,2.3285,6.1524,6.915,11143
36658,X2,2003,4,6,110000000.0,133,en,Adventure,The Donners' Company,1.8461,8.5559,7.0,11122
679,Aliens,1986,7,4,18500000.0,137,en,Action,SLM Production Group,6.1702,5.9717,7.966,11119
58574,Sherlock Holmes: A Game of Shadows,2011,11,1,125000000.0,129,en,Action,Village Roadshow Pictures,5.5444,12.0576,7.146,11110
181812,Star Wars: The Rise of Skywalker,2019,12,2,489900000.0,142,en,Adventure,Lucasfilm Ltd.,2.2189,2.8199,6.251,11093
502356,The Super Mario Bros. Movie,2023,4,2,100000000.0,93,en,Family,Universal Pictures,0.9577,7.1108,7.595,11084
791373,Zack Snyder's Justice League,2021,3,3,70000000.0,242,en,Action,Warner Bros. Pictures,3.3444,6.648,8.079,11074
9799,The Fast and the Furious,2001,6,4,38000000.0,106,en,Action,Ardustry Entertainment,1.2822,4.916,7.014,11071
605,The Matrix Revolutions,2003,11,2,150000000.0,129,en,Adventure,Village Roadshow Pictures,1.9307,9.6407,6.758,11063
495764,Birds of Prey (and the Fantabulous Emancipation of One Harley Quinn),2020,2,2,75000000.0,109,en,Action,Warner Bros. Pictures,0.7949,8.7483,6.867,10969
56292,Mission: Impossible - Ghost Protocol,2011,12,2,145000000.0,133,en,Action,Paramount Pictures,2.6721,12.2838,7.115,10958
337339,The Fate of the Furious,2017,4,2,250000000.0,136,en,Action,Original Film,1.3149,11.0759,6.9,10955
301528,Toy Story 4,2019,6,2,175000000.0,100,en,Family,Pixar,1.0376,16.1984,7.465,10930
420818,The Lion King,2019,7,4,260000000.0,118,en,Adventure,Walt Disney Pictures,4.6586,6.293,7.092,10882
10020,Beauty and the Beast,1991,10,1,25000000.0,84,en,Romance,Silver Screen Partners IV,1.0786,1.287,7.725,10854
772,Home Alone 2: Lost in New York,1992,11,6,18000000.0,120,en,Comedy,20th Century Fox,4.9744,4.6067,6.793,10852
608,Men in Black II,2002,7,2,140000000.0,88,en,Action,Columbia Pictures,2.0671,4.4909,6.389,10842
1402,The Pursuit of Happyness,2006,12,3,55000000.0,117,en,Drama,Escape Artists,1.1007,8.6553,7.884,10815
399566,Godzilla vs. Kong,2021,3,2,200000000.0,114,en,Action,Legendary Pictures,1.4775,3.4312,7.524,10796
420817,Aladdin,2019,5,2,183000000.0,127,en,Adventure,Walt Disney Pictures,5.5444,8.6553,7.077,10784
405774,Bird Box,2018,12,3,19800000.0,124,en,Horror,Bluegrass Films,1.3043,8.1384,6.823,10779
453395,Doctor Strange in the Multiverse of Madness,2022,5,2,295400000.0,126,en,Fantasy,Marvel Studios,5.0662,7.5303,7.226,10744
392044,Murder on the Orient Express,2017,11,4,55000000.0,114,en,Mystery,The Mark Gordon Company,6.8627,6.8627,6.705,10698
13475,Star Trek,2009,5,2,150000000.0,127,en,Science Fiction,Paramount Pictures,2.2189,4.7176,7.436,10686
566525,Shang-Chi and the Legend of the Ten Rings,2021,9,2,150000000.0,132,en,Action,Marvel Studios,3.2113,3.9123,7.486,10683
602,Independence Day,1996,7,1,75000000.0,145,en,Action,20th Century Fox,2.2711,8.6553,6.917,10679
10674,Mulan,1998,6,3,90000000.0,88,en,Animation,Walt Disney Feature Animation,0.7534,3.9991,7.902,10641
515001,Jojo Rabbit,2019,10,4,14000000.0,108,en,Comedy,Fox Searchlight Pictures,3.1858,1.9814,7.973,10640
82702,How to Train Your Dragon 2,2014,6,3,145000000.0,102,en,Fantasy,DreamWorks Animation,1.4495,3.1203,7.685,10638
110415,Snowpiercer,2013,8,3,39200000.0,127,ko,Action,Opus Pictures,5.3531,7.4976,6.909,10631
381284,Hidden Figures,2016,12,5,25000000.0,127,en,Drama,Fox 2000 Pictures,0.8747,3.7816,8.047,10618
36668,X-Men: The Last Stand,2006,5,2,210000000.0,104,en,Adventure,The Donners' Company,1.6681,8.5559,6.425,10610
627,Trainspotting,1996,2,4,4000000.0,94,en,Drama,Figment Films,2.1713,7.3177,7.962,10610
283366,Miss Peregrine's Home for Peculiar Children,2016,9,2,110000000.0,127,en,Adventure,Chernin Entertainment,4.818,7.4142,6.84,10601
17654,District 9,2009,8,2,30000000.0,112,en,Science Fiction,TriStar Pictures,1.5102,4.0401,7.48,10593
262500,Insurgent,2015,3,2,110000000.0,119,en,Action,Summit Entertainment,0.9896,9.3808,6.36,10572
70,Million Dollar Baby,2004,12,6,30000000.0,132,en,Drama,Lakeshore Entertainment,9.0746,9.0746,7.953,10547
454626,Sonic the Hedgehog,2020,2,2,85000000.0,99,en,Action,Original Film,1.0341,2.0382,7.273,10546
9479,The Nightmare Before Christmas,1993,10,5,18000000.0,76,en,Fantasy,Touchstone Pictures,1.8903,1.9102,7.834,10531
76170,The Wolverine,2013,7,6,120000000.0,126,en,Action,The Donners' Company,1.7096,8.5559,6.436,10512
950,Ice Age: The Meltdown,2006,3,2,80000000.0,91,en,Animation,20th Century Fox Animation,1.3262,2.9522,6.726,10511
330457,Frozen II,2019,11,2,150000000.0,103,en,Family,Walt Disney Animation Studios,1.6649,5.6149,7.227,10442
8960,Hancock,2008,7,1,150000000.0,92,en,Fantasy,Columbia Pictures,3.0938,8.6553,6.357,10433
287947,Shazam!,2019,3,4,80000000.0,132,en,Action,New Line Cinema,1.0354,3.371,6.97,10397
423,The Pianist,2002,9,1,35000000.0,150,en,Drama,R.P. Productions,2.6007,7.7298,8.371,10388
3933,Corpse Bride,2005,9,0,40000000.0,77,en,Romance,Tim Burton Productions,4.818,8.6846,7.59,10377
568124,Encanto,2021,10,2,150000000.0,102,en,Animation,Walt Disney Animation Studios,2.3406,3.6007,7.565,10367
564,The Mummy,1999,4,4,80000000.0,124,en,Adventure,Alphaville Films,1.7173,4.7362,6.992,10335
399579,Alita: Battle Angel,2019,1,3,170000000.0,122,en,Action,Troublemaker Studios,2.8327,2.3637,7.273,10328
2501,The Bourne Identity,2002,6,4,60000000.0,119,en,Action,Universal Pictures,3.342,13.0917,7.485,10329
87,Indiana Jones and the Temple of Doom,1984,5,2,28000000.0,118,en,Adventure,Paramount Pictures,7.5877,7.1495,7.3,10322
5915,Into the Wild,2007,9,4,15000000.0,148,en,Adventure,River Road Entertainment,5.5397,2.9825,7.795,10307
389,12 Angry Men,1957,4,2,397751.0,97,en,Drama,Orion-Nova Productions,3.2191,3.3715,8.57,10304
176,Saw,2004,10,4,1200000.0,103,en,Horror,Twisted Pictures,4.6549,2.5064,7.427,10285
591,The Da Vinci Code,2006,5,2,125000000.0,149,en,Thriller,Imagine Entertainment,4.1046,16.1984,6.734,10268
337404,Cruella,2021,5,2,200000000.0,134,en,Comedy,Walt Disney Pictures,3.1504,11.4889,7.967,10263
107,Snatch,2000,9,4,100000000.0,103,en,Crime,Marv,5.5444,35.8713,7.828,10219
13183,Watchmen,2009,3,2,130000000.0,163,en,Mystery,Warner Bros. Pictures,3.3444,4.2925,7.356,10214
316029,The Greatest Showman,2017,12,2,84000000.0,105,en,Drama,Chernin Entertainment,0.9359,8.5559,7.9,10205
954,Mission: Impossible,1996,5,2,80000000.0,111,en,Adventure,Paramount Pictures,2.294,12.2838,7.027,10201
9738,Fantastic Four,2005,6,2,100000000.0,106,en,Action,Kumar Mobiliengesellschaft & Company Projekt Nr. 3,1.0637,4.7689,5.81,10177
156022,The Equalizer,2014,9,2,55000000.0,132,en,Thriller,Lonetree Entertainment,1.8645,9.1225,7.292,10156
670,Oldboy,2003,11,4,3000000.0,120,ko,Thriller,Show East,3.4838,2.3403,8.236,10142
550988,Free Guy,2021,8,2,110000000.0,115,en,Comedy,Berlanti Productions,2.8946,8.4533,7.437,10109
9741,Unbreakable,2000,11,2,75000000.0,106,en,Thriller,Barry Mendel Productions,2.9273,8.5919,7.146,10098
318846,The Big Short,2015,12,4,28000000.0,131,en,Comedy,Paramount Pictures,1.8702,5.8553,7.37,10038
124905,Godzilla,2014,5,2,160000000.0,123,en,Action,Legendary Pictures,3.617,4.8232,6.368,9975
810,Shrek the Third,2007,5,3,160000000.0,93,en,Fantasy,DreamWorks Animation,1.2084,6.6375,6.314,9959
620,Ghostbusters,1984,6,4,30000000.0,105,en,Comedy,Columbia Pictures,1.2251,4.5082,7.498,9943
281338,War for the Planet of the Apes,2017,7,1,150000000.0,140,en,Drama,20th Century Fox,2.3584,5.4899,7.225,9919
177677,Mission: Impossible - Rogue Nation,2015,7,1,150000000.0,131,en,Action,Paramount Pictures,2.9888,12.2838,7.224,9894
429,"The Good, the Bad and the Ugly",1966,12,4,1200000.0,161,it,Western,United Artists,2.4074,9.0746,8.466,9893
9487,A Bug's Life,1998,11,2,80000000.0,95,en,Adventure,Pixar,2.3116,2.2942,6.982,9886
18239,The Twilight Saga: New Moon,2009,11,2,50000000.0,131,en,Adventure,Summit Entertainment,1.4276,5.9963,6.0,9884
180,Minority Report,2002,6,3,102000000.0,145,en,Science Fiction,Digital Image Associates,7.5877,12.2838,7.355,9875
744,Top Gun,1986,5,4,15000000.0,110,en,Action,Paramount Pictures,2.7841,12.2838,7.071,9847
436969,The Suicide Squad,2021,7,2,185000000.0,132,en,Action,DC Films,6.6929,8.7483,7.45,9839
54138,Star Trek Into Darkness,2013,5,6,190000000.0,132,en,Action,Bad Robot,2.2189,4.7176,7.321,9840
264644,Room,2015,10,4,13000000.0,118,en,Drama,Téléfilm Canada,0.7755,5.4285,7.987,9815
273481,Sicario,2015,9,3,30000000.0,122,en,Action,Lionsgate,5.9894,11.5143,7.427,9813
474350,It Chapter Two,2019,9,2,79000000.0,169,en,Horror,Vertigo Entertainment,2.078,5.4152,6.83,9808
68724,Elysium,2013,8,2,115000000.0,109,en,Science Fiction,TriStar Pictures,1.5102,13.0917,6.527,9773
10625,Mean Girls,2004,4,4,17000000.0,97,en,Drama,Broadway Video,1.5577,4.663,7.227,9631
138832,We're the Millers,2013,8,2,37000000.0,110,en,Comedy,New Line Cinema,1.241,6.0036,6.839,9628
646380,Don't Look Up,2021,12,2,75000000.0,138,en,Comedy,Hyperobject Industries,1.8702,10.1668,7.057,9622
126889,Alien: Covenant,2017,5,1,97000000.0,122,en,Horror,20th Century Fox,9.4611,5.7677,6.186,9623
300668,Annihilation,2018,2,3,40000000.0,115,en,Science Fiction,Paramount Pictures,4.1618,13.8542,6.447,9579
664413,365 Days,2020,2,4,5000000.0,114,pl,Romance,Ekipa,0.7011,2.6432,6.99,9578
747,Shaun of the Dead,2004,4,4,6000000.0,99,en,Horror,WT² Productions,4.2661,5.408,7.545,9578
512200,Jumanji: The Next Level,2019,12,2,125000000.0,123,en,Adventure,Columbia Pictures,1.3675,7.3971,6.871,9560
39254,Real Steel,2011,9,2,110000000.0,127,en,Action,DreamWorks Pictures,2.8946,8.5559,7.14,9499
45269,The King's Speech,2010,11,4,15000000.0,118,en,Drama,The Weinstein Company,1.5243,6.0339,7.732,9484
50620,The Twilight Saga: Breaking Dawn - Part 2,2012,11,1,120000000.0,115,en,Fantasy,Summit Entertainment,1.6263,5.9963,6.451,9481
50646,"Crazy, Stupid, Love.",2011,7,4,50000000.0,118,en,Comedy,Warner Bros. Pictures,2.0272,5.8553,7.277,9476
122906,About Time,2013,9,2,12000000.0,123,en,Drama,Universal Pictures,2.4566,4.0539,7.903,9465
348350,Solo: A Star Wars Story,2018,5,1,250000000.0,135,en,Science Fiction,Lucasfilm Ltd.,4.1046,2.3996,6.554,9457
74,War of the Worlds,2005,6,1,132000000.0,117,en,Adventure,Paramount Pictures,7.5877,12.2838,6.567,9455
106,Predator,1987,6,4,15000000.0,107,en,Science Fiction,20th Century Fox,1.8349,6.3894,7.577,9448
330,The Lost World: Jurassic Park,1997,5,4,73000000.0,129,en,Adventure,Universal Pictures,7.5877,4.1105,6.565,9431
109439,The Hangover Part III,2013,5,3,103000000.0,100,en,Comedy,Green Hat Films,1.8025,10.5498,6.213,9403
50619,The Twilight Saga: Breaking Dawn - Part 1,2011,11,2,110000000.0,117,en,Adventure,Summit Entertainment,1.6263,5.9963,6.184,9394
259693,The Conjuring 2,2016,6,2,40000000.0,134,en,Horror,New Line Cinema,4.6549,5.7388,7.3,9373
24021,The Twilight Saga: Eclipse,2010,6,2,68000000.0,124,en,Adventure,Summit Entertainment,0.8093,5.9963,6.187,9369
524434,Eternals,2021,11,2,200000000.0,156,en,Science Fiction,Marvel Studios,2.9604,3.3965,6.757,9367
8373,Transformers: Revenge of the Fallen,2009,6,4,200000000.0,150,en,Science Fiction,DreamWorks Pictures,3.8592,4.1238,6.224,9366
14836,Coraline,2009,2,3,60000000.0,100,en,Animation,LAIKA,1.8903,7.799,7.934,9360
45612,Source Code,2011,3,2,32000000.0,93,en,Thriller,The Mark Gordon Company,1.5261,11.2983,7.313,9352
63,Twelve Monkeys,1995,12,4,29000000.0,129,en,Science Fiction,Universal Pictures,3.9146,8.5919,7.612,9339
353081,Mission: Impossible - Fallout,2018,7,2,178000000.0,147,en,Action,Paramount Pictures,2.9888,12.2838,7.45,9327
76492,Hotel Transylvania,2012,9,3,85000000.0,91,en,Animation,Columbia Pictures,1.5246,6.8857,6.969,9326
28,Apocalypse Now,1979,5,5,31500000.0,147,en,Drama,American Zoetrope,3.601,2.8533,8.262,9323
533535,Deadpool & Wolverine,2024,7,2,200000000.0,128,en,Action,Marvel Studios,2.8946,8.4533,7.585,9323
275,Fargo,1996,3,4,7000000.0,98,en,Crime,PolyGram Filmed Entertainment,2.3023,3.5958,7.85,9315
47971,xXx: Return of Xander Cage,2017,1,4,85000000.0,107,en,Action,Rox Productions,1.4311,11.0759,6.129,9312
359724,Ford v Ferrari,2019,11,2,97600000.0,153,en,Drama,20th Century Fox,1.7096,13.0917,8.006,9242
50014,The Help,2011,8,1,25000000.0,146,en,Drama,1492 Pictures,1.3856,11.4889,8.206,9238
152532,Dallas Buyers Club,2013,11,4,5000000.0,117,en,Drama,Truth Entertainment,1.248,8.6775,7.906,9236
450465,Glass,2019,1,2,20000000.0,129,en,Thriller,Blinding Edge Pictures,2.9273,5.5475,6.664,9226
128,Princess Mononoke,1997,7,5,23500000.0,134,ja,Adventure,Studio Ghibli,3.7071,1.2233,8.319,9227
464052,Wonder Woman 1984,2020,12,2,200000000.0,151,en,Action,Warner Bros. Pictures,1.7812,7.2792,6.356,9217
217,Indiana Jones and the Kingdom of the Crystal Skull,2008,5,2,185000000.0,122,en,Adventure,Paramount Pictures,7.5877,7.1495,6.025,9196
315162,Puss in Boots: The Last Wish,2022,12,2,90000000.0,103,en,Animation,DreamWorks Animation,1.7691,5.4164,8.215,9175
254128,San Andreas,2015,5,2,110000000.0,114,en,Action,New Line Cinema,1.3444,7.3971,6.25,9174
569094,Spider-Man: Across the Spider-Verse,2023,5,2,100000000.0,140,en,Animation,Columbia Pictures,1.9565,2.7098,8.347,9149
68734,Argo,2012,10,3,44500000.0,120,en,Drama,GK Films,6.648,6.648,7.286,9145
391713,Lady Bird,2017,9,4,10000000.0,94,en,Drama,IAC Films,2.4699,5.0279,7.247,9145
87101,Terminator Genisys,2015,6,1,155000000.0,126,en,Science Fiction,Paramount Pictures,1.3123,6.3894,5.958,9139
114,Pretty Woman,1990,3,4,14000000.0,120,en,Romance,Touchstone Pictures,2.2996,5.8435,7.443,9132
38356,Transformers: Dark of the Moon,2011,6,1,195000000.0,154,en,Action,Paramount Pictures,3.8592,4.1238,6.239,9125
137,Groundhog Day,1993,2,3,14600000.0,101,en,Romance,Columbia Pictures,2.213,4.5082,7.635,9112
508943,Luca,2021,6,3,200000000.0,95,en,Animation,Pixar,0.9477,4.3046,7.774,9100
4951,10 Things I Hate About You,1999,3,1,16000000.0,97,en,Comedy,Mad Chance,1.5176,5.3834,7.597,9100
435,The Day After Tomorrow,2004,5,2,125000000.0,124,en,Science Fiction,20th Century Fox,2.2711,4.6431,6.564,9084
51497,Fast Five,2011,4,2,125000000.0,131,en,Action,Original Film,2.6676,11.0759,7.2,9040
8355,Ice Age: Dawn of the Dinosaurs,2009,6,4,90000000.0,94,en,Animation,Blue Sky Studios,1.3262,2.9522,6.776,9033
187,Sin City,2005,4,4,40000000.0,124,en,Crime,Dimension Films,2.8327,8.5919,7.464,9025
8392,My Neighbor Totoro,1988,4,5,3700000.0,86,ja,Fantasy,Studio Ghibli,3.7071,1.8846,8.068,9025
158015,The Purge,2013,5,4,3000000.0,85,en,Science Fiction,Universal Pictures,1.1342,5.6532,6.245,8985
402900,Ocean's Eight,2018,6,3,70000000.0,111,en,Crime,Village Roadshow Pictures,1.734,8.1384,6.9,8961
314365,Spotlight,2015,11,4,20000000.0,129,en,Drama,Participant,2.2317,11.4746,7.812,8944
91314,Transformers: Age of Extinction,2014,6,2,210000000.0,165,en,Science Fiction,di Bonaventura Pictures,3.8592,7.5299,5.971,8921
4348,Pride & Prejudice,2005,9,4,28000000.0,128,en,Drama,StudioCanal,1.6914,6.9424,8.054,8919
594,The Terminal,2004,6,3,60000000.0,128,en,Comedy,DreamWorks Pictures,7.5877,16.1984,7.357,8911
616037,Thor: Love and Thunder,2022,7,2,250000000.0,119,en,Fantasy,Marvel Studios,3.1858,8.6502,6.361,8887
333371,10 Cloverfield Lane,2016,3,3,15000000.0,104,en,Thriller,Bad Robot,1.1317,5.1223,7.009,8882
290250,The Nice Guys,2016,5,6,50000000.0,116,en,Comedy,Silver Pictures,1.8349,6.2703,7.133,8864
38700,Bad Boys for Life,2020,1,2,90000000.0,124,en,Thriller,Columbia Pictures,1.1654,8.6553,7.1,8861
493922,Hereditary,2018,6,3,10000000.0,128,en,Horror,PalmStar Media,2.0389,4.9121,7.3,8848
1366,Rocky,1976,12,4,1000000.0,120,en,Drama,Winkler Films,2.0576,8.4378,7.801,8846
9552,The Exorcist,1973,12,2,11000000.0,122,en,Horror,Hoya Productions,1.7981,3.0742,7.744,8836
22538,Scott Pilgrim vs. the World,2010,8,3,73000000.0,113,en,Action,Marc Platt Productions,4.2661,3.3973,7.484,8829
170,28 Days Later,2002,10,3,8000000.0,113,en,Horror,DNA Films,2.1713,8.7014,7.246,8812
95,Armageddon,1998,7,2,140000000.0,151,en,Action,Touchstone Pictures,3.8592,8.5919,6.832,8786
22970,The Cabin in the Woods,2012,4,3,30000000.0,95,en,Horror,Mutant Enemy Productions,2.0915,2.5318,6.656,8770
466282,To All the Boys I've Loved Before,2018,8,4,0.0,100,en,Comedy,Awesomeness Films,0.6268,4.378,7.589,8764
268,Batman,1989,6,2,35000000.0,126,en,Fantasy,Warner Bros. Pictures,4.818,7.7596,7.233,8749
447365,Guardians of the Galaxy Vol. 3,2023,5,2,250000000.0,150,en,Science Fiction,Marvel Studios,6.6929,7.1108,7.933,8740
10764,Quantum of Solace,2008,10,2,200000000.0,106,en,Adventure,EON Productions,2.1586,5.1208,6.342,8717
315837,Ghost in the Shell,2017,3,2,110000000.0,107,en,Science Fiction,Weying Galaxy Entertainment,1.1148,15.4476,6.113,8709
2108,The Breakfast Club,1985,2,4,1000000.0,98,en,Comedy,Universal Pictures,3.3642,2.953,7.717,8690
35,The Simpsons Movie,2007,7,2,75000000.0,87,en,Animation,Gracie Films,1.637,2.4397,7.023,8691
254,King Kong,2005,12,0,207000000.0,188,en,Adventure,Universal Pictures,4.9872,5.489,6.901,8689
187017,22 Jump Street,2014,6,3,50000000.0,112,en,Crime,Columbia Pictures,3.9654,4.1278,6.826,8686
137106,The Lego Movie,2014,2,3,60000000.0,100,en,Animation,Lin Pictures,3.9654,7.1108,7.433,8678
396535,Train to Busan,2016,7,2,8500000.0,118,ko,Action,Next Entertainment World,3.51,3.7899,7.753,8661
49013,Cars 2,2011,6,5,200000000.0,106,en,Animation,Pixar,2.3116,2.0946,6.189,8656
328111,The Secret Life of Pets,2016,6,5,75000000.0,86,en,Animation,Illumination,1.5501,2.187,6.326,8638
615457,Nobody,2021,3,3,16000000.0,91,en,Action,87North Productions,1.1789,7.6116,7.865,8637
198184,Chappie,2015,3,2,49000000.0,120,en,Crime,Columbia Pictures,1.5102,4.0401,6.792,8636
4011,Beetlejuice,1988,3,2,15000000.0,92,en,Fantasy,Geffen Pictures,4.818,4.8699,7.4,8625
949,Heat,1995,12,4,60000000.0,170,en,Crime,Warner Bros. Pictures,4.0774,6.8539,7.945,8625
278927,The Jungle Book,2016,4,3,175000000.0,106,en,Adventure,Walt Disney Pictures,4.6586,1.2078,6.879,8614
339846,Baywatch,2017,5,3,69000000.0,116,en,Comedy,Uncharted,1.547,7.3971,6.079,8609
537915,After,2019,4,3,14000000.0,106,en,Drama,CalMaple Films,0.5341,2.4402,7.105,8561
335797,Sing,2016,11,2,75000000.0,108,en,Animation,Illumination,1.4377,8.6775,7.1,8558
4638,Hot Fuzz,2007,2,2,12000000.0,121,en,Crime,Big Talk Studios,4.2661,5.408,7.569,8555
336843,Maze Runner: The Death Cure,2018,1,2,62000000.0,143,en,Science Fiction,The Gotham Group,1.3101,8.0577,7.079,8553
2503,The Bourne Ultimatum,2007,8,4,70000000.0,115,en,Action,Universal Pictures,1.7118,13.0917,7.442,8549
1979,Fantastic Four: Rise of the Silver Surfer,2007,6,2,130000000.0,92,en,Science Fiction,1492 Pictures,1.0637,4.7689,5.634,8550
10144,The Little Mermaid,1989,11,4,40000000.0,83,en,Animation,Silver Screen Partners IV,1.4266,1.8334,7.353,8539
2105,American Pie,1999,7,4,11000000.0,95,en,Comedy,Zide-Perry Productions,1.4479,2.6853,6.617,8516
1372,Blood Diamond,2006,12,4,100000000.0,143,en,Drama,Virtual Studios,1.7378,10.1668,7.559,8501
50544,Friends with Benefits,2011,7,3,35000000.0,109,en,Romance,Castle Rock Entertainment,2.4913,5.3352,6.639,8499
338970,Tomb Raider,2018,3,0,94000000.0,118,en,Action,Square Enix,0.8447,5.1862,6.364,8488
561,Constantine,2005,2,1,100000000.0,121,en,Fantasy,Village Roadshow Pictures,1.8883,9.6407,7.204,8486
693134,Dune: Part Two,2024,2,1,190000000.0,167,en,Science Fiction,Legendary Pictures,5.9894,7.9798,8.134,8471
1954,The Butterfly Effect,2004,1,5,13000000.0,113,en,Science Fiction,FilmEngine,0.8619,3.9954,7.579,8464
116745,The Secret Life of Walter Mitty,2013,12,2,90000000.0,114,en,Adventure,Samuel Goldwyn Films,5.028,5.028,7.228,8442
27578,The Expendables,2010,8,5,80000000.0,103,en,Thriller,Nimar Studios,8.4378,8.4378,6.251,8441
337167,Fifty Shades Freed,2018,1,2,55000000.0,105,en,Drama,Universal Pictures,1.2973,5.7059,6.669,8425
8871,How the Grinch Stole Christmas,2000,11,4,123000000.0,105,en,Family,Universal Pictures,4.1046,8.8079,6.782,8419
340666,Nocturnal Animals,2016,11,4,22500000.0,116,en,Drama,Fade To Black,1.4286,8.4967,7.404,8412
256591,Focus,2015,2,2,50100000.0,105,en,Romance,RatPac Entertainment,2.0272,8.6553,6.87,8397
598,City of God,2002,8,4,3300000.0,129,pt,Drama,O2 Filmes,1.3748,1.1011,8.427,8395
406997,Wonder,2017,11,0,20000000.0,113,en,Family,Lionsgate,1.5359,4.3046,8.1,8380
530385,Midsommar,2019,7,2,9000000.0,147,en,Horror,B-Reel Films,2.0389,13.6743,7.145,8359
2502,The Bourne Supremacy,2004,7,4,75000000.0,108,en,Action,Universal Pictures,1.7118,13.0917,7.335,8356
345940,The Meg,2018,8,2,150000000.0,113,en,Action,Apelles Entertainment,1.7011,35.8713,6.253,8353
58595,Snow White and the Huntsman,2012,5,2,170000000.0,127,en,Adventure,Universal Pictures,1.1148,5.9963,5.982,8340
545611,Everything Everywhere All at Once,2022,3,3,25000000.0,140,en,Action,IAC Films,2.6269,10.382,7.708,8339
584,2 Fast 2 Furious,2003,6,3,76000000.0,108,en,Action,Ardustry Entertainment,1.5502,4.916,6.5,8331
8363,Superbad,2007,8,4,20000000.0,113,en,Comedy,Columbia Pictures,1.3385,4.1278,7.272,8318
153,Lost in Translation,2003,9,3,4000000.0,102,en,Drama,American Zoetrope,3.3007,4.5082,7.38,8274
458723,Us,2019,3,3,20000000.0,116,en,Horror,Monkeypaw Productions,3.6758,4.8219,6.939,8258
44115,127 Hours,2010,11,4,18000000.0,94,en,Adventure,Fox Searchlight Pictures,2.1713,6.6381,7.091,8250
57800,Ice Age: Continental Drift,2012,6,2,95000000.0,88,en,Animation,Blue Sky Studios,1.0566,2.9522,6.4,8248
404368,Ralph Breaks the Internet,2018,11,1,175000000.0,112,en,Action,Walt Disney Animation Studios,1.2959,3.9857,7.154,8247
603692,John Wick: Chapter 4,2023,3,1,100000000.0,170,en,Action,Thunder Road,2.1529,9.6407,7.714,8242
487558,BlacKkKlansman,2018,8,3,15000000.0,136,en,Crime,Legendary Pictures,2.5915,3.0793,7.487,8239
121856,Assassin's Creed,2016,12,2,125000000.0,116,en,Action,New Regency Pictures,0.9941,5.7677,5.446,8234
1091,The Thing,1982,6,4,15000000.0,109,en,Horror,Universal Pictures,2.3727,8.3238,8.073,8198
4232,Scream,1996,12,4,14000000.0,112,en,Crime,Dimension Films,2.0992,5.0443,7.431,8185
339964,Valerian and the City of a Thousand Planets,2017,7,2,177200000.0,137,en,Adventure,Belga Films,3.4195,2.8953,6.655,8183
257344,Pixels,2015,7,3,88000000.0,106,en,Action,Columbia Pictures,4.9744,6.7753,5.8,8175
214756,Ted 2,2015,6,3,68000000.0,115,en,Comedy,Smart Entertainment,4.0423,7.5299,6.3,8129
300669,Don't Breathe,2016,6,2,9900000.0,89,en,Horror,Screen Gems,1.2803,4.8879,7.017,8122
20526,TRON: Legacy,2010,12,1,170000000.0,126,en,Adventure,Walt Disney Pictures,2.248,3.3432,6.546,8112
49444,Kung Fu Panda 2,2011,5,2,150000000.0,91,en,Animation,DreamWorks Animation,1.1448,10.5948,7.083,8099
312221,Creed,2015,11,2,37000000.0,133,en,Drama,Metro-Goldwyn-Mayer,4.0533,8.7129,7.407,8096
10192,Shrek Forever After,2010,5,6,165000000.0,93,en,Comedy,DreamWorks Animation,1.3654,6.6375,6.413,8097
4247,Scary Movie,2000,7,4,19000000.0,88,en,Comedy,Brad Grey Pictures,2.224,5.0612,6.429,8097
408,Snow White and the Seven Dwarfs,1938,1,5,1488423.0,83,en,Fantasy,Walt Disney Productions,1.0675,0.8377,7.128,8095
395992,Life,2017,3,2,58000000.0,104,en,Horror,Columbia Pictures,0.8739,11.2983,6.462,8084
163,Ocean's Twelve,2004,12,3,110000000.0,125,en,Thriller,Warner Bros. Pictures,2.161,7.6526,6.565,8079
11970,Hercules,1997,6,4,85000000.0,93,en,Animation,Walt Disney Feature Animation,1.4033,2.6366,7.499,8075
7191,Cloverfield,2008,1,1,25000000.0,85,en,Action,Bad Robot,2.3584,3.429,6.728,8065
9693,Children of Men,2006,9,4,76000000.0,109,en,Science Fiction,Universal Pictures,4.6126,5.767,7.613,8060
331,Jurassic Park III,2001,7,2,93000000.0,92,en,Adventure,Universal Pictures,2.3245,6.3605,6.178,8036
773,Little Miss Sunshine,2006,7,2,8000000.0,102,en,Comedy,Big Beach,1.4989,3.2321,7.692,8029
96721,Rush,2013,9,0,38000000.0,123,en,Drama,Revolution Films,4.1046,8.6502,7.744,8004
341174,Fifty Shades Darker,2017,2,2,55000000.0,118,en,Drama,Universal Pictures,1.2973,5.7059,6.472,7998
619264,The Platform,2019,11,4,1203235.0,95,es,Drama,Basque Films,0.7374,1.0519,6.965,7975
13804,Fast & Furious,2009,4,3,85000000.0,107,en,Action,Universal Pictures,2.6676,11.0759,6.7,7961
65,8 Mile,2002,11,4,41000000.0,111,en,Drama,Mikona Productions,2.2112,2.6166,7.147,7955
766507,Prey,2022,8,1,65000000.0,100,en,Thriller,20th Century Studios,1.1317,2.9606,7.65,7943
32657,Percy Jackson & the Olympians: The Lightning Thief,2010,2,0,95000000.0,118,en,Adventure,1492 Pictures,4.9744,3.8127,6.215,7930
587,Big Fish,2003,12,2,70000000.0,125,en,Adventure,Columbia Pictures,4.818,7.3177,7.747,7916
384018,Fast & Furious Presents: Hobbs & Shaw,2019,7,2,200000000.0,137,en,Action,Chris Morgan Productions,1.8595,7.3971,6.8,7894
1824,50 First Dates,2004,2,4,75000000.0,99,en,Comedy,Columbia Pictures,1.5123,6.7753,6.876,7887
168672,American Hustle,2013,12,3,40000000.0,138,en,Drama,Annapurna Pictures,1.4652,6.5506,6.851,7882
1734,The Mummy Returns,2001,5,4,98000000.0,130,en,Adventure,Universal Pictures,1.7173,4.7362,6.415,7868
59436,Midnight in Paris,2011,5,2,17000000.0,94,en,Fantasy,Mediapro,3.9776,6.8795,7.509,7859
718930,Bullet Train,2022,8,2,90000000.0,126,en,Action,87North Productions,1.8595,11.6228,7.409,7851
363676,Sully,2016,9,2,60000000.0,96,en,Drama,Warner Bros. Pictures,9.0746,16.1984,7.205,7841
310131,The Witch,2016,2,4,4000000.0,92,en,Horror,Very Special Projects,2.6563,8.8246,7.003,7833
385128,F9,2021,5,2,200000000.0,143,en,Action,Original Film,2.6676,11.0759,7.0,7832
223702,Sausage Party,2016,7,0,19000000.0,89,en,Adventure,Columbia Pictures,1.7736,5.2535,5.751,7829
75780,Jack Reacher,2012,12,3,60000000.0,130,en,Crime,Paramount Pictures,2.9888,12.2838,6.677,7826
9615,The Fast and the Furious: Tokyo Drift,2006,6,5,85000000.0,104,en,Action,MP Munich Pape Filmproductions,2.6676,3.225,6.557,7818
14574,The Boy in the Striped Pyjamas,2008,5,2,12500000.0,94,en,Drama,BBC Film,0.6841,4.3588,7.818,7804
956,Mission: Impossible III,2006,4,1,150000000.0,126,en,Adventure,Paramount Pictures,2.2189,12.2838,6.767,7801
44912,Green Lantern,2011,6,1,200000000.0,114,en,Adventure,De Line Pictures,1.395,8.4533,5.189,7792
621,Grease,1978,6,4,6000000.0,110,en,Romance,Paramount Pictures,1.8576,2.1092,7.366,7792
44826,Hugo,2011,11,1,170000000.0,126,en,Adventure,GK Films,5.8366,4.3588,7.174,7787
7326,Juno,2007,12,2,7500000.0,96,en,Comedy,Mandate Pictures,2.0397,5.8154,7.063,7784
65754,The Girl with the Dragon Tattoo,2011,12,2,90000000.0,158,en,Thriller,Columbia Pictures,4.5377,5.1208,7.386,7764
282035,The Mummy,2017,6,1,125000000.0,110,en,Fantasy,Secret Hideout,1.9778,12.2838,5.521,7765
955,Mission: Impossible II,2000,5,2,125000000.0,123,en,Adventure,Paramount Pictures,2.6432,12.2838,6.138,7764
324852,Despicable Me 3,2017,6,3,80000000.0,90,en,Action,Illumination,2.8944,5.8553,6.469,7758
8909,Wanted,2008,6,3,75000000.0,110,en,Action,Kickstart Entertainment,1.236,5.5475,6.529,7749
616,The Last Samurai,2003,12,4,140000000.0,154,en,Drama,Radar Pictures,1.7378,12.2838,7.612,7729
505642,Black Panther: Wakanda Forever,2022,11,2,250000000.0,162,en,Action,Marvel Studios,4.0533,2.5816,6.994,7727
18240,The Proposal,2009,6,1,40000000.0,108,en,Comedy,Touchstone Pictures,2.4388,8.1384,7.178,7725
9339,Click,2006,6,4,82500000.0,107,en,Comedy,Original Film,0.9021,6.7753,6.315,7725
62213,Dark Shadows,2012,5,2,150000000.0,113,en,Comedy,Village Roadshow Pictures,4.818,8.6846,6.106,7710
427641,Rampage,2018,4,2,120000000.0,107,en,Action,Wrigley Pictures,1.3444,7.3971,6.467,7705
142,Brokeback Mountain,2005,10,5,14000000.0,134,en,Drama,Focus Features,4.5145,5.3834,7.784,7692
49519,The Croods,2013,3,4,135000000.0,99,en,Animation,DreamWorks Animation,2.0864,10.8655,6.946,7679
398978,The Irishman,2019,11,4,159000000.0,209,en,Crime,Tribeca Productions,5.8366,10.1679,7.571,7679
376867,Moonlight,2016,10,4,4000000.0,111,en,Drama,A24,1.5243,1.8118,7.355,7663
7345,There Will Be Blood,2007,12,2,25000000.0,158,en,Drama,Paramount Vantage,7.1013,4.056,8.064,7659
83542,Cloud Atlas,2012,10,4,102000000.0,172,en,Drama,Cloud Atlas Productions,3.2145,16.1984,6.896,7652
38055,Megamind,2010,10,3,130000000.0,96,en,Animation,DreamWorks Animation,1.5124,7.1692,7.037,7653
109424,Captain Phillips,2013,10,3,55000000.0,134,en,Action,Columbia Pictures,1.7118,16.1984,7.539,7651
322,Mystic River,2003,10,2,25000000.0,138,en,Thriller,Warner Bros. Pictures,9.0746,5.5397,7.743,7641
520763,A Quiet Place Part II,2021,5,4,55000000.0,97,en,Science Fiction,Paramount Pictures,6.0242,11.5143,7.428,7599
1487,Hellboy,2004,4,4,66000000.0,122,en,Fantasy,Revolution Studios,6.0982,7.7056,6.677,7583
10527,Madagascar: Escape 2 Africa,2008,10,3,150000000.0,89,en,Adventure,DreamWorks Animation,0.9939,5.028,6.531,7574
295693,The Boss Baby,2017,3,3,125000000.0,97,en,Animation,DreamWorks Animation,1.5124,1.0695,6.45,7558
49018,Insidious,2011,3,3,1500000.0,102,en,Horror,Alliance Films,4.6549,4.5767,7.0,7550
10201,Yes Man,2008,12,1,70000000.0,104,en,Comedy,Warner Bros. Pictures,1.3732,8.8079,6.693,7550
302946,The Accountant,2016,10,3,44000000.0,128,en,Crime,Zero Gravity Management,1.5799,6.648,7.139,7545
492188,Marriage Story,2019,9,5,18000000.0,137,en,Drama,Heyday Films,2.165,4.1461,7.732,7536
2649,The Game,1997,9,4,50000000.0,129,en,Drama,PolyGram Filmed Entertainment,4.5377,3.5081,7.575,7529
2668,Sleepy Hollow,1999,11,4,100000000.0,105,en,Fantasy,Paramount Pictures,4.818,8.6846,7.194,7530
508,Love Actually,2003,9,6,40000000.0,135,en,Comedy,Working Title Films,2.4566,4.3879,7.099,7529
37735,Easy A,2010,9,3,8000000.0,93,en,Comedy,Screen Gems,2.4913,11.4889,6.802,7511
454983,The Kissing Booth,2018,5,4,0.0,105,en,Romance,Komixx Entertainment,0.7115,7.0877,7.155,7505
150689,Cinderella,2015,3,4,95000000.0,105,en,Romance,Walt Disney Pictures,6.8627,5.7636,6.825,7497
447404,Pokémon Detective Pikachu,2019,5,4,150000000.0,105,en,Action,Legendary Pictures,1.0407,8.4533,6.898,7493
158852,Tomorrowland,2015,5,1,190000000.0,130,en,Adventure,Walt Disney Pictures,2.6721,3.4397,6.31,7483
687163,Project Hail Mary,2026,3,6,200000000.0,157,en,Science Fiction,Lord Miller,3.9654,13.3033,8.646,7472
13448,Angels & Demons,2009,4,0,150000000.0,139,en,Thriller,Columbia Pictures,4.1046,16.1984,6.726,7468
37135,Tarzan,1999,6,3,130000000.0,88,en,Animation,Walt Disney Pictures,1.0409,2.5216,7.409,7466
257211,The Intern,2015,9,2,35000000.0,121,en,Comedy,RatPac Entertainment,1.9149,10.1679,7.226,7466
296,Terminator 3: Rise of the Machines,2003,7,2,200000000.0,109,en,Action,Intermedia Films,1.4001,6.3894,6.202,7444
11688,The Emperor's New Groove,2000,12,4,100000000.0,78,en,Adventure,Walt Disney Feature Animation,2.1206,2.7564,7.566,7436
68735,Warcraft,2016,5,2,160000000.0,123,en,Action,Legendary Pictures,1.5261,5.5592,6.41,7422
18360,Night at the Museum: Battle of the Smithsonian,2009,5,2,150000000.0,105,en,Adventure,21 Laps Entertainment,2.8946,5.028,6.157,7422
527774,Raya and the Last Dragon,2021,3,2,100000000.0,107,en,Animation,Walt Disney Animation Studios,1.0247,1.3419,7.8,7417
6957,The 40 Year-Old Virgin,2005,8,3,26000000.0,116,en,Comedy,Universal Pictures,1.7165,5.8553,6.429,7395
296098,Bridge of Spies,2015,10,3,40000000.0,141,en,Thriller,TSG Entertainment,7.5877,16.1984,7.243,7394
195589,Neighbors,2014,5,3,18000000.0,97,en,Comedy,Good Universe,1.3282,5.2535,6.181,7391
3131,Gangs of New York,2002,12,5,100000000.0,168,en,Drama,Miramax,5.8366,10.1668,7.32,7382
419704,Ad Astra,2019,9,1,87500000.0,123,en,Science Fiction,New Regency Productions,1.879,11.6228,6.135,7381
1933,The Others,2001,8,3,17000000.0,101,en,Horror,Cruise/Wagner Productions,1.2756,10.1124,7.618,7373
11321,Seven Pounds,2008,12,3,55000000.0,123,en,Drama,Escape Artists,1.1007,8.6553,7.599,7364
100,"Lock, Stock and Two Smoking Barrels",1998,8,4,1350000.0,105,en,Comedy,The Steve Tisch Company,5.5444,3.3201,8.094,7354
370172,No Time to Die,2021,9,2,250000000.0,163,en,Action,EON Productions,2.3832,5.1208,7.3,7333
567,Rear Window,1954,8,6,1000000.0,113,en,Thriller,Alfred J. Hitchcock Productions,5.6026,2.4574,8.336,7328
46195,Rio,2011,4,6,90000000.0,96,en,Animation,Blue Sky Studios,1.3262,6.3683,6.771,7311
9543,Prince of Persia: The Sands of Time,2010,5,2,200000000.0,116,en,Adventure,Walt Disney Pictures,1.4797,11.2983,6.311,7303
76163,The Expendables 2,2012,8,2,100000000.0,103,en,Action,Millennium Media,1.8366,8.4378,6.355,7301
98566,Teenage Mutant Ninja Turtles,2014,8,3,125000000.0,101,en,Science Fiction,Platinum Dunes,0.7487,1.147,5.932,7299
28178,Hachi: A Dog's Tale,2009,6,0,16000000.0,93,en,Drama,Scion Films,1.478,6.1713,8.005,7297
44896,Rango,2011,3,2,135000000.0,107,en,Animation,Paramount Pictures,2.0894,8.6846,6.916,7283
439079,The Nun,2018,9,2,22000000.0,96,en,Horror,New Line Cinema,0.8755,3.0716,5.909,7281
206487,Predestination,2014,8,3,5500000.0,98,en,Science Fiction,Screen Queensland,1.342,5.6532,7.415,7280
380,Rain Man,1988,12,0,25000000.0,134,en,Drama,United Artists,2.1417,3.5478,7.751,7277
39514,RED,2010,10,2,58000000.0,111,en,Action,di Bonaventura Pictures,0.9896,8.5919,6.705,7273
166428,How to Train Your Dragon: The Hidden World,2019,1,3,129000000.0,104,en,Animation,DreamWorks Animation,1.4495,3.1203,7.751,7262
81188,Rise of the Guardians,2012,11,2,145000000.0,97,en,Action,DreamWorks Animation,1.1535,4.7176,7.38,7261
11224,Cinderella,1950,2,2,2900000.0,74,en,Family,Walt Disney Productions,1.0984,1.38,7.052,7261
320288,Dark Phoenix,2019,6,2,200000000.0,114,en,Science Fiction,Genre Films,1.58,6.6158,5.96,7258
507086,Jurassic World Dominion,2022,6,2,658800000.0,147,en,Adventure,Amblin Entertainment,1.447,7.1108,6.596,7250
345,Eyes Wide Shut,1999,7,4,65000000.0,159,en,Drama,Warner Bros. Pictures,4.1712,12.2838,7.5,7248
1018,Mulholland Drive,2001,6,2,15000000.0,147,en,Thriller,StudioCanal,3.4553,5.489,7.798,7247
37686,Super 8,2011,6,3,50000000.0,112,en,Thriller,Paramount Pictures,2.2189,2.2868,6.784,7246
82675,Taken 2,2012,9,3,45000000.0,91,en,Action,EuropaCorp,0.9362,8.5147,6.369,7237
381283,mother!,2017,9,2,30000000.0,121,en,Horror,Paramount Pictures,3.1197,10.1687,6.95,7238
364,Batman Returns,1992,6,4,80000000.0,126,en,Action,Warner Bros. Pictures,4.818,7.7596,6.949,7237
188927,Star Trek Beyond,2016,7,3,185000000.0,122,en,Action,Skydance Media,2.6676,4.7176,6.792,7232
76757,Jupiter Ascending,2015,2,2,176000000.0,127,en,Science Fiction,Warner Bros. Pictures,3.2145,7.3348,5.474,7225
436270,Black Adam,2022,10,2,200000000.0,125,en,Action,New Line Cinema,1.6624,7.3971,6.773,7215
11544,Lilo & Stitch,2002,6,4,80000000.0,85,en,Animation,Walt Disney Pictures,1.4495,2.5168,7.559,7215
60304,Hansel & Gretel: Witch Hunters,2013,1,3,50000000.0,88,en,Fantasy,Paramount Pictures,1.0819,6.3359,6.109,7209
534,Terminator Salvation,2009,5,2,200000000.0,115,en,Action,The Halcyon Company,2.3421,6.5506,6.101,7208
117263,Olympus Has Fallen,2013,3,2,70000000.0,120,en,Action,Millennium Media,1.8645,7.5862,6.417,7183
293863,The Age of Adaline,2015,4,3,25000000.0,112,en,Romance,Lakeshore Entertainment,1.2346,5.0633,7.467,7175
7446,Tropic Thunder,2008,8,5,92000000.0,107,en,Action,DreamWorks Pictures,5.028,5.028,6.725,7156
11631,Mamma Mia!,2008,7,3,52000000.0,108,en,Comedy,Littlestar,0.7716,10.3817,6.962,7148
676,Pearl Harbor,2001,5,0,140000000.0,183,en,War,Touchstone Pictures,3.8592,6.648,6.932,7144
337401,Mulan,2020,9,4,200000000.0,115,en,Adventure,Walt Disney Pictures,1.0157,3.9893,6.821,7140
927,Gremlins,1984,6,4,11000000.0,106,en,Fantasy,Amblin Entertainment,1.7598,1.4608,7.144,7120
335787,Uncharted,2022,2,3,120000000.0,116,en,Action,Columbia Pictures,1.5204,22.972,6.874,7115
1576,Resident Evil,2002,3,4,33000000.0,100,en,Horror,Impact Pictures,2.1593,6.9434,6.669,7113
270303,It Follows,2015,2,2,2300000.0,101,en,Horror,Two Flints,1.4562,4.1713,6.581,7110
782,Gattaca,1997,7,2,36000000.0,107,en,Science Fiction,Jersey Films,1.8838,5.6532,7.57,7107
661374,Glass Onion: A Knives Out Mystery,2022,11,2,40000000.0,140,en,Comedy,T-Street,2.3285,5.1208,7.026,7105
9737,Bad Boys,1995,4,4,19000000.0,119,en,Action,Columbia Pictures,3.8592,8.6553,6.832,7105
184,Jackie Brown,1997,12,3,12000000.0,154,en,Crime,Miramax,6.0396,3.6945,7.357,7091
328387,Nerve,2016,6,0,19000000.0,96,en,Mystery,Lionsgate,0.9362,4.6607,6.995,7091
53182,300: Rise of an Empire,2014,3,2,110000000.0,102,en,Action,Legendary Pictures,0.6093,2.8382,6.123,7089
262504,Allegiant,2016,3,2,110000000.0,120,en,Adventure,Mandeville Films,0.9896,9.3808,6.104,7088
1368,First Blood,1982,10,4,15000000.0,93,en,Action,Carolco Pictures,1.1873,8.4378,7.516,7059
254320,The Lobster,2015,10,3,4000000.0,119,en,Comedy,Scarlet Films,1.7638,8.8777,7.024,7049
334543,Lion,2016,11,3,12000000.0,118,en,Drama,The Weinstein Company,1.1313,4.1629,8.037,7050
298,Ocean's Thirteen,2007,6,1,85000000.0,122,en,Crime,Warner Bros. Pictures,2.161,7.6526,6.73,7043
2059,National Treasure,2004,11,4,100000000.0,131,en,Adventure,Walt Disney Pictures,1.7011,10.8655,6.652,7024
1637,Speed,1994,6,3,30000000.0,116,en,Action,20th Century Fox,1.1251,9.6407,7.2,7019
203801,The Man from U.N.C.L.E.,2015,8,3,75000000.0,116,en,Comedy,Wigram Productions,5.5444,8.1022,7.076,7013
242,The Godfather Part III,1990,12,1,54000000.0,162,en,Crime,Paramount Pictures,3.601,6.8539,7.418,7014
57214,Project X,2012,3,3,12000000.0,88,en,Comedy,Silver Pictures,0.81,2.0847,6.924,7010
460465,Mortal Kombat,2021,4,2,20000000.0,110,en,Action,Atomic Monster,0.7669,1.899,7.04,7005
1813,The Devil's Advocate,1997,10,4,57000000.0,144,en,Horror,Monarchy Enterprises B.V.,1.394,9.6407,7.481,6997
5255,The Polar Express,2004,11,2,165000000.0,100,en,Adventure,Golden Mean,3.5231,16.1984,6.726,6998
109414,This Is the End,2013,6,2,32000000.0,106,en,Action,Columbia Pictures,5.2535,6.6381,6.232,6990
331482,Little Women,2019,12,2,40000000.0,135,en,Drama,Columbia Pictures,2.4699,5.0279,7.8,6978
114150,Pitch Perfect,2012,9,4,17000000.0,112,en,Comedy,Brownstone Productions,0.9565,4.3361,7.266,6975
22881,The Blind Side,2009,11,4,29000000.0,129,en,Drama,Alcon Entertainment,1.2485,8.1384,7.664,6958
82700,After Earth,2013,5,3,130000000.0,100,en,Science Fiction,Columbia Pictures,2.9273,2.2846,5.18,6956
334533,Captain Fantastic,2016,7,4,5000000.0,119,en,Drama,Electric City Entertainment,1.4214,4.6962,7.889,6940
51540,Horrible Bosses,2011,7,4,35000000.0,98,en,Comedy,New Line Cinema,1.547,5.2974,6.575,6938
1022789,Inside Out 2,2024,6,1,200000000.0,97,en,Animation,Pixar,1.5285,2.3348,7.541,6934
36647,Blade,1998,8,4,45000000.0,121,en,Horror,New Line Cinema,0.9622,3.5686,6.851,6918
9532,Final Destination,2000,3,4,23000000.0,98,en,Horror,Zide-Perry Productions,1.4037,2.7964,6.641,6902
2454,The Chronicles of Narnia: Prince Caspian,2008,5,3,225000000.0,150,en,Adventure,Walt Disney Pictures,1.3816,2.0515,6.636,6896
68728,Oz the Great and Powerful,2013,3,3,200000000.0,130,en,Fantasy,Roth Films,5.0662,6.6381,5.94,6895
43074,Ghostbusters,2016,7,3,144000000.0,117,en,Action,Ghost Corps,2.3516,3.4179,5.342,6886
8467,Dumb and Dumber,1994,12,4,16000000.0,107,en,Comedy,New Line Cinema,2.0961,8.8079,6.662,6886
373571,Godzilla: King of the Monsters,2019,5,2,170000000.0,132,en,Science Fiction,Legendary Pictures,1.0249,8.5436,6.686,6873
335988,Transformers: The Last Knight,2017,6,4,217000000.0,154,en,Action,Paramount Pictures,3.8592,7.5299,6.062,6869
241259,Alice Through the Looking Glass,2016,5,2,170000000.0,113,en,Adventure,Walt Disney Pictures,1.0888,4.3599,6.568,6866
509,Notting Hill,1999,5,4,42000000.0,124,en,Romance,Working Title Films,0.898,5.8435,7.265,6857
20504,The Book of Eli,2010,1,3,80000000.0,118,en,Action,Alcon Entertainment,0.9205,9.1225,6.808,6852
47964,A Good Day to Die Hard,2013,2,2,92000000.0,98,en,Action,Mid Atlantic Films,0.8728,8.5919,5.327,6850
38365,Grown Ups,2010,6,3,80000000.0,102,en,Comedy,Columbia Pictures,1.9846,6.7753,6.433,6846
565,The Ring,2002,10,4,48000000.0,115,en,Horror,DreamWorks Pictures,2.0894,5.489,6.708,6841
644,A.I. Artificial Intelligence,2001,6,4,100000000.0,146,en,Drama,Warner Bros. Pictures,7.5877,3.6395,7.069,6829
80278,The Impossible,2012,9,6,45000000.0,113,en,Drama,Apaches Films,1.057,5.489,7.375,6828
522627,The Gentlemen,2020,1,2,22000000.0,113,en,Action,Miramax,5.5444,8.6775,7.658,6823
18823,Clash of the Titans,2010,3,4,125000000.0,106,en,Adventure,The Zanuck Company,2.3288,5.7128,5.925,6817
7131,Van Helsing,2004,5,0,160000000.0,132,en,Horror,Universal Pictures,1.7173,8.5559,6.424,6819
10555,Shark Tale,2004,9,0,75000000.0,90,en,Animation,DreamWorks Animation,1.1794,8.6553,6.0,6813
424783,Bumblebee,2018,11,3,135000000.0,114,en,Action,Paramount Pictures,1.9528,8.0577,6.732,6805
1572,Die Hard: With a Vengeance,1995,5,4,90000000.0,128,en,Action,20th Century Fox,1.8349,8.5919,7.283,6804
238636,The Purge: Anarchy,2014,7,3,9000000.0,103,en,Horror,Why Not Productions,1.1342,4.173,6.618,6797
497582,Enola Holmes,2020,9,1,21000000.0,124,en,Adventure,PCMA Productions,0.8419,8.834,7.218,6795
390043,The Hitman's Bodyguard,2017,8,2,30000000.0,118,en,Action,Campbell Grobman Films,1.0359,8.4533,6.894,6787
2034,Training Day,2001,10,4,45000000.0,122,en,Action,WV Films II,1.8645,9.1225,7.528,6786
545609,Extraction,2020,4,3,65000000.0,116,en,Action,AGBO,1.3382,8.6502,7.3,6764
788,Mrs. Doubtfire,1993,11,2,25000000.0,125,en,Comedy,20th Century Fox,4.9744,4.7179,7.197,6762
12230,One Hundred and One Dalmatians,1961,1,2,3600000.0,79,en,Adventure,Walt Disney Productions,2.4121,1.8603,7.178,6758
9325,The Jungle Book,1967,10,2,4000000.0,78,en,Family,Walt Disney Productions,0.7988,1.0214,7.288,6757
277,Underworld,2003,9,4,22000000.0,122,en,Fantasy,Screen Gems,2.8264,5.9534,6.857,6755
207932,Inferno,2016,10,3,75000000.0,122,en,Mystery,Columbia Pictures,4.1046,16.1984,6.101,6753
140300,Kung Fu Panda 3,2016,1,5,145000000.0,95,en,Animation,DreamWorks Animation,1.1448,10.5948,6.94,6746
341013,Atomic Blonde,2017,7,2,30000000.0,115,en,Action,Focus Features,1.8595,9.8979,6.439,6744
12477,Grave of the Fireflies,1988,4,5,3700000.0,89,ja,Animation,Studio Ghibli,1.7492,0.6171,8.4,6737
86834,Noah,2014,3,4,125000000.0,138,en,Drama,Paramount Pictures,3.1197,6.2703,5.681,6712
235,Stand by Me,1986,8,4,8000000.0,89,en,Drama,Act III Productions,2.6713,2.0465,7.833,6702
80321,Madagascar 3: Europe's Most Wanted,2012,6,2,145000000.0,93,en,Animation,DreamWorks Animation,0.9939,5.028,6.647,6699
59859,Kick-Ass 2,2013,7,2,28000000.0,103,en,Action,Marv,1.329,4.8232,6.406,6696
524,Casino,1995,11,2,50000000.0,179,en,Crime,Universal Pictures,5.8366,10.1679,7.998,6696
39538,Contagion,2011,9,3,60000000.0,106,en,Drama,Participant,2.161,5.9978,6.653,6693
38575,The Karate Kid,2010,6,3,40000000.0,140,en,Action,Jerry Weintraub Productions,1.0441,2.2846,6.567,6691
624860,The Matrix Resurrections,2021,12,3,190000000.0,148,en,Science Fiction,Warner Bros. Pictures,1.9307,9.6407,6.31,6680
423108,The Conjuring: The Devil Made Me Do It,2021,5,1,39000000.0,111,en,Horror,New Line Cinema,1.2463,5.7388,7.338,6680
508439,Onward,2020,2,5,200000000.0,102,en,Adventure,Walt Disney Pictures,0.9612,22.972,7.634,6678
440021,Happy Death Day,2017,10,3,4800000.0,97,en,Comedy,Vesuvius Productions,1.5247,1.9167,6.7,6673
755,From Dusk Till Dawn,1996,1,4,19000000.0,108,en,Horror,Los Hooligans Productions,2.8327,7.6526,7.051,6669
861,Total Recall,1990,6,4,65000000.0,113,en,Action,Carolco Pictures,2.0563,6.3894,7.328,6648
1995,Lara Croft: Tomb Raider,2001,6,4,115000000.0,100,en,Adventure,Paramount Pictures,1.8366,8.2317,5.917,6645
250546,Annabelle,2014,10,2,6500000.0,99,en,Horror,Atomic Monster,0.9213,9.6011,5.789,6638
88,Dirty Dancing,1987,8,4,6000000.0,100,en,Drama,Great American Films Limited Partnership,1.1584,4.12,7.32,6635
1579,Apocalypto,2006,12,3,40000000.0,138,en,Action,Icon Entertainment International,5.2865,1.8396,7.66,6625
13053,Bolt,2008,11,4,150000000.0,98,en,Animation,Walt Disney Animation Studios,1.3197,7.9888,6.553,6623
1250,Ghost Rider,2007,1,0,110000000.0,114,en,Thriller,Crystal Sky Pictures,0.8604,10.8655,5.618,6617
49017,Dracula Untold,2014,10,2,70000000.0,92,en,Horror,Universal Pictures,0.7726,4.8862,6.467,6610
258489,The Legend of Tarzan,2016,6,2,180000000.0,109,en,Fantasy,Village Roadshow Pictures,1.8664,3.4312,5.924,6607
512195,Red Notice,2021,11,3,160000000.0,118,en,Action,Flynn Picture Company,1.241,7.3971,6.72,6599
22794,Cloudy with a Chance of Meatballs,2009,9,3,100000000.0,90,en,Animation,Sony Pictures Animation,3.8829,3.6639,6.664,6597
420809,Maleficent: Mistress of Evil,2019,10,2,185000000.0,119,en,Family,Walt Disney Pictures,0.9922,8.2317,7.3,6594
76493,The Dictator,2012,5,1,65000000.0,83,en,Comedy,Paramount Pictures,1.2663,4.0686,6.243,6587
47933,Independence Day: Resurgence,2016,6,2,165000000.0,120,en,Action,20th Century Fox,2.2711,3.4492,5.367,6585
181886,Enemy,2014,3,4,3500000.0,91,en,Thriller,Rhombus Media,5.9894,11.2983,6.838,6581
593643,The Menu,2022,11,3,35000000.0,107,en,Comedy,Hyperobject Industries,1.3119,8.8246,7.182,6577
628,Interview with the Vampire,1994,11,4,60000000.0,123,en,Horror,Geffen Pictures,1.158,12.2838,7.387,6572
87502,Flight,2012,2,2,31000000.0,138,en,Drama,Paramount Pictures,3.5231,9.1225,6.9,6570
762,Monty Python and the Holy Grail,1975,4,3,400000.0,91,en,Adventure,Python (Monty) Pictures,1.3891,1.3059,7.803,6566
200727,"Love, Rosie",2014,10,3,0.0,102,en,Romance,Constantin Film,0.6695,4.6718,7.812,6557
1573,Die Hard 2,1990,7,1,70000000.0,124,en,Action,Gordon Company,2.3392,8.5919,6.969,6555
260514,Cars 3,2017,6,3,175000000.0,102,en,Animation,Pixar,0.6455,6.8795,6.865,6549
406990,What Happened to Monday,2017,8,4,20000000.0,123,en,Science Fiction,SND,1.0819,5.3433,7.142,6546
8077,Alien³,1992,5,4,50000000.0,114,en,Science Fiction,20th Century Fox,4.5377,5.9717,6.388,6544
855,Black Hawk Down,2001,12,4,92000000.0,145,en,Action,Jerry Bruckheimer Films,9.4611,4.9968,7.399,6543
334541,Manchester by the Sea,2016,11,3,9000000.0,138,en,Drama,Pearl Street Films,1.27,4.2856,7.551,6539
3049,Ace Ventura: Pet Detective,1994,2,4,15000000.0,86,en,Comedy,Morgan Creek Entertainment,1.0346,8.8079,6.581,6537
242224,The Babadook,2014,5,3,2000000.0,94,en,Drama,Screen Australia,1.0413,2.3266,6.538,6534
2300,Space Jam,1996,11,4,80000000.0,87,en,Family,Warner Bros. Family Entertainment,0.9029,1.7611,6.806,6532
333484,The Magnificent Seven,2016,9,2,90000000.0,132,en,Adventure,Metro-Goldwyn-Mayer,1.8645,9.1225,6.498,6531
1597,Meet the Parents,2000,10,4,55000000.0,108,en,Comedy,Universal Pictures,1.4027,5.028,6.7,6530
388,Inside Man,2006,3,4,45000000.0,129,en,Crime,40 Acres and a Mule Filmworks,2.5915,9.1225,7.41,6527
1184918,The Wild Robot,2024,9,3,78000000.0,102,en,Family,DreamWorks Animation,2.3542,4.8219,8.307,6520
166424,Fantastic Four,2015,8,2,120000000.0,100,en,Action,20th Century Fox,0.6876,5.1928,4.432,6518
238713,Spy,2015,5,2,65000000.0,120,en,Action,Chernin Entertainment,2.3516,5.5844,6.83,6508
2675,Signs,2002,8,4,72000000.0,106,en,Thriller,Touchstone Pictures,2.9273,5.2865,6.735,6503
1571,Live Free or Die Hard,2007,6,2,110000000.0,128,en,Action,Dune Entertainment,2.8264,8.5919,6.643,6483
82654,Warm Bodies,2013,1,3,35000000.0,98,en,Horror,Summit Entertainment,1.4862,5.6197,6.475,6476
426,Vertigo,1958,5,2,2479000.0,128,en,Mystery,Paramount Pictures,5.6026,2.4574,8.133,6470
385687,Fast X,2023,5,2,340000000.0,142,en,Action,Universal Pictures,2.3288,11.0759,7.0,6470
302699,Central Intelligence,2016,6,2,50000000.0,107,en,Action,New Line Cinema,1.241,7.3971,6.416,6469
17431,Moon,2009,6,4,5000000.0,97,en,Science Fiction,Lunar Industries,1.5261,5.6548,7.563,6460
13885,Sweeney Todd: The Demon Barber of Fleet Street,2007,12,4,50000000.0,116,en,Drama,DreamWorks Pictures,4.818,8.6846,7.18,6455
83666,Moonrise Kingdom,2012,5,2,16000000.0,94,en,Comedy,Indian Paintbrush,7.9027,1.1931,7.677,6450
401981,Red Sparrow,2018,2,2,69000000.0,140,en,Thriller,Chernin Entertainment,1.8883,10.1687,6.532,6448
1538,Collateral,2004,8,2,65000000.0,120,en,Drama,Paramount Pictures,4.0774,12.2838,7.249,6444
39513,Paul,2011,2,0,40000000.0,104,en,Adventure,Relativity Media,1.3385,5.408,6.747,6442
445571,Game Night,2018,2,3,37000000.0,100,en,Mystery,New Line Cinema,2.1757,5.2974,6.847,6440
1927,Hulk,2003,6,3,137000000.0,138,en,Science Fiction,Marvel Enterprises,4.5145,4.8532,5.599,6429
570670,The Invisible Man,2020,2,2,7000000.0,124,en,Thriller,Blumhouse Productions,1.7641,4.072,7.086,6426
338967,Zombieland: Double Tap,2019,10,2,42000000.0,99,en,Horror,Columbia Pictures,1.5204,6.3683,6.891,6407
933260,The Substance,2024,9,5,17500000.0,141,en,Horror,Working Title Films,1.6038,8.8246,7.13,6396
8247,Jumper,2008,2,2,85000000.0,88,en,Action,Dune Entertainment,3.342,4.3409,6.171,6390
80274,Ender's Game,2013,10,3,110000000.0,114,en,Science Fiction,Digital Domain,1.0158,4.3588,6.594,6384
9340,The Goonies,1985,6,4,19000000.0,114,en,Adventure,Amblin Entertainment,2.0441,5.722,7.514,6372
1624,Liar Liar,1997,3,4,45000000.0,86,en,Comedy,Universal Pictures,1.0346,8.8079,6.716,6372
12092,Alice in Wonderland,1951,8,3,3000000.0,75,en,Animation,Walt Disney Productions,2.4121,0.9645,7.19,6366
228967,The Interview,2014,12,3,44000000.0,112,en,Action,Point Grey Pictures,5.2535,6.6381,6.181,6349
8488,Hitch,2005,2,4,70000000.0,118,en,Comedy,Columbia Pictures,1.2792,8.6553,6.582,6348
10895,Pinocchio,1940,2,4,2600000.0,88,en,Animation,Walt Disney Productions,1.0984,0.8446,7.117,6347
1584,The School of Rock,2003,10,4,35000000.0,110,en,Comedy,Paramount Pictures,4.659,10.5948,7.09,6342
31011,Mr. Nobody,2009,11,4,47000000.0,141,en,Science Fiction,Pan-Européenne,0.8332,7.4691,7.787,6337
10386,The Iron Giant,1999,8,4,50000000.0,86,en,Animation,Warner Bros. Feature Animation,2.6721,6.0036,7.961,6335
324668,Jason Bourne,2016,7,2,120000000.0,123,en,Action,The Kennedy/Marshall Company,1.7118,13.0917,6.384,6334
12162,The Hurt Locker,2008,10,4,15000000.0,131,en,Drama,First Light,2.4876,6.3359,7.25,6332
449176,"Love, Simon",2018,2,4,17000000.0,110,en,Comedy,Temple Hill Entertainment,2.2458,4.3501,8.0,6322
181533,Night at the Museum: Secret of the Tomb,2014,12,2,127000000.0,98,en,Adventure,Moving Picture Company,2.8946,5.028,6.229,6320
948,Halloween,1978,10,1,325000.0,91,en,Horror,Compass International Pictures,2.3727,1.8801,7.557,6319
4553,The Machinist,2004,9,4,5000000.0,102,en,Thriller,Castelao Productions,1.3338,6.5506,7.52,6312
856,Who Framed Roger Rabbit,1988,6,2,50600000.0,104,en,Fantasy,Amblin Entertainment,3.5231,3.612,7.54,6312
117,The Untouchables,1987,6,2,25000000.0,119,en,Crime,Paramount Pictures,2.294,6.7134,7.8,6298
935,Dr. Strangelove or: How I Learned to Stop Worrying and Love the Bomb,1964,1,2,1800000.0,95,en,Comedy,Hawk Films,4.1712,2.4348,8.12,6292
451048,Jungle Cruise,2021,7,2,200000000.0,127,en,Fantasy,Walt Disney Pictures,1.6624,7.3971,7.273,6289
389015,"I, Tonya",2017,12,3,11000000.0,120,en,Drama,LuckyChap Entertainment,3.1504,8.7483,7.466,6281
10315,Fantastic Mr. Fox,2009,10,2,40000000.0,87,en,Adventure,Regency Enterprises,7.9027,7.6526,7.823,6281
637649,Wrath of Man,2021,4,3,40000000.0,119,en,Thriller,Miramax,5.5444,35.8713,7.572,6265
49529,John Carter,2012,3,2,263700000.0,132,en,Action,Walt Disney Pictures,3.2918,3.6292,6.386,6261
260346,Taken 3,2014,12,1,48000000.0,109,en,Thriller,EuropaCorp,0.9362,8.5147,6.262,6258
57201,The Lone Ranger,2013,7,2,215000000.0,149,en,Action,Walt Disney Pictures,2.0894,8.6846,6.131,6258
49040,The Bourne Legacy,2012,8,2,130000000.0,135,en,Action,Universal Pictures,2.0518,6.3359,6.253,6256
630,The Wizard of Oz,1939,8,0,2777000.0,102,en,Adventure,Metro-Goldwyn-Mayer,1.5749,1.6609,7.583,6254
10198,The Princess and the Frog,2009,12,1,105000000.0,98,en,Animation,Walt Disney Animation Studios,1.4033,2.3318,7.234,6254
159824,Hotel Transylvania 2,2015,9,0,80000000.0,89,en,Animation,Columbia Pictures,1.5246,6.7753,6.763,6234
50546,Just Go with It,2011,2,3,80000000.0,117,en,Comedy,Columbia Pictures,1.9846,6.7753,6.706,6221
4982,American Gangster,2007,11,4,100000000.0,157,en,Drama,Film Rites,9.4611,9.1225,7.594,6190
15,Citizen Kane,1941,4,3,839727.0,119,en,Mystery,Mercury Productions,2.7537,2.7537,7.968,6189
289,Casablanca,1943,1,4,878000.0,102,en,Drama,Warner Bros. Pictures,2.6638,2.6501,8.138,6189
82507,Sinister,2012,10,3,3000000.0,110,en,Horror,Automatik Entertainment,2.0657,5.6532,6.871,6186
311,Once Upon a Time in America,1984,5,2,30000000.0,139,en,Drama,Embassy International Pictures,2.4074,10.1679,8.375,6178
251,Ghost,1990,7,4,22000000.0,127,en,Fantasy,Paramount Pictures,1.3877,3.7876,7.245,6173
10530,Pocahontas,1995,6,4,55000000.0,81,en,Adventure,Walt Disney Feature Animation,0.8001,1.492,6.913,6171
274857,King Arthur: Legend of the Sword,2017,5,1,175000000.0,126,en,Action,Village Roadshow Pictures,5.5444,7.3777,6.558,6166
9654,The Italian Job,2003,5,4,60000000.0,110,en,Action,De Line Pictures,1.3149,7.5299,6.799,6156
44833,Battleship,2012,4,2,209000000.0,131,en,Thriller,Bluegrass Films,3.0938,3.6292,5.933,6138
346685,The Girl on the Train,2016,10,2,45000000.0,112,en,Crime,Reliance Entertainment,1.3856,11.5143,6.436,6136
105864,The Good Dinosaur,2015,11,5,175000000.0,93,en,Adventure,Pixar,1.3745,0.9066,6.748,6133
299687,The 5th Wave,2016,1,3,38000000.0,112,en,Science Fiction,LStar Capital,1.1096,7.522,5.939,6130
345887,The Equalizer 2,2018,7,3,62000000.0,121,en,Action,Lonetree Entertainment,1.8645,9.1225,6.795,6128
496,Borat: Cultural Learnings of America for Make Benefit Glorious Nation of Kazakhstan,2006,11,2,18000000.0,84,en,Comedy,20th Century Fox,1.2663,4.0686,6.788,6128
3170,Bambi,1942,8,4,858000.0,70,en,Animation,Walt Disney Productions,1.0675,0.8793,7.015,6111
8961,Bad Boys II,2003,7,4,130000000.0,146,en,Action,Columbia Pictures,3.8592,4.1233,6.657,6081
754,Face/Off,1997,6,4,80000000.0,139,en,Action,WCG Entertainment Productions,2.6432,7.9888,7.059,6078
396422,Annabelle: Creation,2017,8,3,15000000.0,110,en,Horror,Atomic Monster,1.0354,1.9903,6.606,6071
568,Apollo 13,1995,6,4,52000000.0,140,en,Drama,Imagine Entertainment,4.1046,16.1984,7.463,6071
400106,Bright,2017,12,4,90000000.0,117,en,Fantasy,Clubhouse Pictures,1.5009,8.6553,6.163,6067
5876,The Mist,2007,11,2,18000000.0,126,en,Horror,Darkwoods Productions,4.595,3.3386,6.953,6052
27576,Salt,2010,7,2,110000000.0,100,en,Action,Wintergreen Productions,1.3149,8.2317,6.417,6049
400928,Gifted,2017,4,4,7000000.0,101,en,Drama,Grade A Entertainment,1.2533,7.4976,7.993,6042
640146,Ant-Man and the Wasp: Quantumania,2023,2,2,200000000.0,125,en,Action,Marvel Studios,1.3732,6.509,6.225,6040
107985,The World's End,2013,7,3,20000000.0,109,en,Comedy,Big Talk Studios,4.2661,5.408,6.81,6036
756999,The Black Phone,2022,6,3,16000000.0,103,en,Horror,Blumhouse Productions,2.0657,3.5851,7.513,6032
1635,The Island,2005,7,3,126000000.0,136,en,Action,DreamWorks Pictures,3.8592,7.3177,6.696,6028
215,Saw II,2005,10,4,4000000.0,93,en,Horror,Twisted Pictures,1.4169,2.5064,6.607,6025
375262,The Favourite,2018,11,4,15000000.0,120,en,History,Waypoint Entertainment,1.7638,11.4889,7.48,6022
508947,Turning Red,2022,3,3,175000000.0,100,en,Animation,Pixar,1.2986,0.9292,7.332,6021
75,Mars Attacks!,1996,12,4,70000000.0,106,en,Comedy,Warner Bros. Pictures,4.818,4.6107,6.433,6010
306819,The Danish Girl,2015,11,4,15000000.0,119,en,Drama,Pretty Pictures,1.5243,5.4298,7.539,6005
675353,Sonic the Hedgehog 2,2022,3,2,110000000.0,123,en,Action,Original Film,1.0341,2.0382,7.419,5993
10140,The Chronicles of Narnia: The Voyage of the Dawn Treader,2010,12,3,155000000.0,113,en,Adventure,Fox 2000 Pictures,1.6103,2.7769,6.444,5993
64635,Total Recall,2012,8,3,125000000.0,118,en,Action,Total Recall,2.8264,8.8777,6.035,5990
97020,RoboCop,2014,1,3,120000000.0,118,en,Action,Metro-Goldwyn-Mayer,0.9849,5.1663,5.889,5980
527641,Five Feet Apart,2019,3,3,7000000.0,116,en,Romance,Wayfarer Entertainment,2.6726,4.0672,8.2,5979
2567,The Aviator,2004,12,4,110000000.0,170,en,Drama,Warner Bros. Pictures,5.8366,10.1668,7.217,5978
4108,The Transporter,2002,10,2,21000000.0,92,en,Action,TF1 Films Production,1.5213,35.8713,6.73,5969
13811,Knowing,2009,3,3,50000000.0,121,en,Science Fiction,Summit Entertainment,1.1929,10.8655,6.264,5963
60308,Moneyball,2011,9,4,50000000.0,134,en,Drama,Scott Rudin Productions,1.0801,11.6228,7.299,5956
41733,Due Date,2010,11,2,65000000.0,95,en,Comedy,Legendary Pictures,1.8025,12.0576,6.393,5949
17578,The Adventures of Tintin,2011,10,0,130000000.0,107,en,Adventure,Paramount Pictures,7.5877,3.8439,6.929,5944
8321,In Bruges,2008,2,4,15000000.0,108,en,Comedy,Twins Financing,4.8133,8.8777,7.5,5932
157353,Transcendence,2014,4,2,100000000.0,119,en,Thriller,Alcon Entertainment,1.1609,8.6846,6.081,5921
5548,RoboCop,1987,7,4,13000000.0,102,en,Action,Orion Pictures,2.0563,5.3573,7.365,5919
307081,Southpaw,2015,7,2,30000000.0,123,en,Action,Fuqua Films,1.8645,11.2983,7.363,5915
395834,Wind River,2017,8,3,11000000.0,107,en,Crime,Savvy Media Holdings,9.6274,6.3359,7.44,5915
297,Meet Joe Black,1998,11,3,90000000.0,178,en,Fantasy,Universal Pictures,1.1836,11.6228,7.373,5908
76726,Chronicle,2012,2,2,15000000.0,84,en,Science Fiction,Dune Entertainment,0.6876,2.8953,6.867,5906
480530,Creed II,2018,11,2,50000000.0,130,en,Drama,Metro-Goldwyn-Mayer,0.8881,8.7129,7.035,5902
6114,Bram Stoker's Dracula,1992,11,4,40000000.0,128,en,Romance,American Zoetrope,3.601,9.1246,7.448,5900
377,A Nightmare on Elm Street,1984,11,4,1800000.0,91,en,Horror,New Line Cinema,2.0992,2.0038,7.351,5895
44264,True Grit,2010,12,2,38000000.0,110,en,Drama,Scott Rudin Productions,3.4895,3.7819,7.305,5891
2109,Rush Hour,1998,9,4,33000000.0,97,en,Action,New Line Cinema,1.6681,11.7072,7.084,5865
72559,G.I. Joe: Retaliation,2013,3,2,130000000.0,110,en,Action,Paramount Pictures,1.9714,7.3971,5.664,5859
9509,Man on Fire,2004,4,4,70000000.0,146,en,Action,Fox 2000 Pictures,2.7841,9.1225,7.467,5852
225574,Non-Stop,2014,2,2,50000000.0,107,en,Action,Silver Pictures,1.6624,8.5147,6.81,5850
10009,Brother Bear,2003,10,3,128000000.0,85,en,Adventure,Walt Disney Feature Animation,0.8766,5.8049,7.284,5850
879,Hook,1991,4,2,70000000.0,142,en,Adventure,Amblin Entertainment,7.5877,3.5478,6.844,5848
37710,The Tourist,2010,12,2,100000000.0,103,en,Action,GK Films,0.81,8.6846,6.187,5844
567609,Ready or Not,2019,8,2,6000000.0,96,en,Horror,Mythology Entertainment,1.4287,7.7685,7.096,5836
290859,Terminator: Dark Fate,2019,10,2,185000000.0,128,en,Science Fiction,20th Century Fox,1.1828,3.732,6.421,5826
10693,Peter Pan,1953,2,3,4000000.0,77,en,Animation,Walt Disney Productions,2.4121,1.2591,7.192,5822
22803,Law Abiding Citizen,2009,10,3,53000000.0,109,en,Drama,The Film Department,1.3149,6.5532,7.397,5814
1562,28 Weeks Later,2007,4,3,15000000.0,99,en,Horror,DNA Films,0.9773,2.3878,6.592,5811
559969,El Camino: A Breaking Bad Movie,2019,10,4,0.0,123,en,Crime,Sony Pictures Television,6.0612,5.4329,7.049,5802
4523,Enchanted,2007,11,1,85000000.0,107,en,Comedy,Walt Disney Pictures,1.119,8.4967,6.847,5804
23168,The Town,2010,9,2,37000000.0,125,en,Crime,Legendary Pictures,6.648,6.648,7.226,5795
369972,First Man,2018,10,2,70000000.0,141,en,History,Universal Pictures,3.2554,13.3033,7.0,5778
1991,Death Proof,2007,5,1,25000000.0,113,en,Action,Dimension Films,6.0396,8.3238,6.839,5777
21208,Orphan,2009,7,4,20000000.0,123,en,Horror,Dark Castle Entertainment,1.6624,5.7388,6.99,5749
1581,The Holiday,2006,12,1,85000000.0,136,en,Comedy,Relativity Media,1.9149,5.8161,7.099,5734
503919,The Lighthouse,2019,10,4,11000000.0,109,en,Drama,RT Features,2.6563,11.5404,7.466,5732
10340,Lady and the Tramp,1955,6,2,4000000.0,76,en,Animation,Walt Disney Productions,2.4121,0.7463,7.128,5730
11253,Hellboy II: The Golden Army,2008,7,4,85000000.0,120,en,Fantasy,Universal Pictures,6.0982,7.7056,6.77,5722
8078,Alien Resurrection,1997,11,2,70000000.0,109,en,Science Fiction,20th Century Fox,1.7026,5.9717,6.172,5721
107846,Escape Plan,2013,10,2,50000000.0,115,en,Action,Knightsbridge Entertainment,1.0892,8.4378,6.719,5717
414,Batman Forever,1995,6,4,100000000.0,121,en,Action,Warner Bros. Pictures,1.8784,3.4703,5.459,5706
792307,Poor Things,2023,12,3,35000000.0,141,en,Science Fiction,Searchlight Pictures,1.7638,11.4889,7.6,5704
43347,Love & Other Drugs,2010,11,0,30000000.0,112,en,Drama,Fox 2000 Pictures,1.7378,11.2983,7.042,5704
2118,L.A. Confidential,1997,9,4,35000000.0,138,en,Crime,Regency Enterprises,2.2112,4.345,7.806,5696
49049,Dredd,2012,9,4,50000000.0,96,en,Action,Rena Film,1.0543,6.6178,6.86,5684
9444,Anastasia,1997,11,3,53000000.0,94,en,Animation,Fox Animation Studios,1.0472,2.9116,7.603,5680
82695,Les Misérables,2012,12,1,61000000.0,158,en,History,Universal Pictures,1.5243,8.5559,7.298,5663
563,Starship Troopers,1997,11,4,105000000.0,129,en,Adventure,TriStar Pictures,2.0563,2.6496,7.118,5664
6637,National Treasure: Book of Secrets,2007,12,2,130000000.0,124,en,Action,Walt Disney Pictures,1.7011,10.8655,6.381,5658
311324,The Great Wall,2016,12,4,150000000.0,103,en,Action,Universal Pictures,3.5542,13.0917,6.032,5653
353491,The Dark Tower,2017,8,3,60000000.0,95,en,Fantasy,Columbia Pictures,1.5505,8.5716,5.805,5645
10096,13 Going on 30,2004,4,1,37000000.0,98,en,Comedy,Revolution Studios,0.9645,5.2829,6.8,5644
308266,War Dogs,2016,8,3,50000000.0,114,en,Comedy,The Mark Gordon Company,1.8025,5.1928,6.946,5640
399404,Darkest Hour,2017,11,2,30000000.0,125,en,Drama,Working Title Films,1.6914,9.1246,7.355,5623
85350,Boyhood,2014,6,3,4000000.0,165,en,Drama,IFC Productions,4.659,1.359,7.494,5616
2667,The Blair Witch Project,1999,7,2,60000.0,81,en,Horror,Haxan Films,0.7379,1.173,6.37,5615
634,Bridget Jones's Diary,2001,4,4,25000000.0,97,en,Comedy,Universal Pictures,0.8532,3.9433,6.742,5603
345920,Collateral Beauty,2016,12,3,36000000.0,97,en,Drama,Village Roadshow Pictures,1.5772,8.6553,7.214,5600
7485,Shooter,2007,3,3,61000000.0,124,en,Drama,Paramount Pictures,1.8645,7.5299,7.13,5594
49849,Cowboys & Aliens,2011,7,4,163000000.0,119,en,Action,DreamWorks Pictures,4.6586,5.1208,5.702,5583
254470,Pitch Perfect 2,2015,5,3,29000000.0,115,en,Comedy,Brownstone Productions,3.5378,4.3361,6.841,5577
9480,Daredevil,2003,2,4,78000000.0,103,en,Fantasy,Marvel Enterprises,0.8604,6.648,5.3,5574
316727,The Purge: Election Year,2016,6,2,10000000.0,109,en,Action,Why Not Productions,1.1342,5.5436,6.377,5573
9836,Happy Feet,2006,11,3,100000000.0,108,en,Animation,Kennedy Miller Productions,1.648,6.9543,6.23,5567
453405,Gemini Man,2019,10,2,140000000.0,117,en,Science Fiction,Skydance Media,4.5145,8.6553,6.259,5560
10882,Sleeping Beauty,1959,2,1,6000000.0,75,en,Fantasy,Walt Disney Productions,2.4121,0.9199,6.9,5559
23827,Paranormal Activity,2007,9,4,15000.0,86,en,Horror,Blumhouse Productions,0.9328,1.087,6.059,5556
473033,Uncut Gems,2019,8,4,19000000.0,136,en,Drama,A24,5.3749,6.7753,7.17,5545
4547,Panic Room,2002,3,4,48000000.0,111,en,Crime,Columbia Pictures,4.5377,5.899,6.794,5543
324849,The Lego Batman Movie,2017,2,2,80000000.0,104,en,Animation,Lin Pictures,0.9187,2.9916,7.259,5541
399174,Isle of Dogs,2018,3,4,35000000.0,101,en,Adventure,Studio Babelsberg,7.9027,9.0078,7.846,5536
9377,Ferris Bueller's Day Off,1986,6,2,6000000.0,103,en,Comedy,Paramount Pictures,3.3642,2.6277,7.562,5531
976573,Elemental,2023,6,2,200000000.0,102,en,Animation,Pixar,1.3745,1.2784,7.595,5516
415,Batman & Robin,1997,6,4,125000000.0,125,en,Action,Warner Bros. Pictures,1.8784,7.6526,4.393,5516
16996,17 Again,2009,3,2,20000000.0,102,en,Comedy,New Line Cinema,0.9434,4.9686,6.318,5508
7443,Chicken Run,2000,6,4,45000000.0,84,en,Animation,Aardman,1.4125,2.431,6.851,5506
524047,Greenland,2020,7,2,34000000.0,120,en,Thriller,STXfilms,3.8502,7.5862,7.1,5503
310307,The Founder,2016,11,3,15000000.0,115,en,Drama,Speedie Distribution,1.2485,7.7596,7.153,5502
613504,After We Collided,2020,9,2,14000000.0,105,en,Drama,Voltage Pictures,1.1539,2.4402,7.151,5498
320,Insomnia,2002,5,4,46000000.0,118,en,Thriller,Alcon Entertainment,11.7366,6.8539,6.952,5497
1830,Lord of War,2005,9,4,50000000.0,122,en,Crime,Endgame Entertainment,1.8838,10.8655,7.348,5497
479455,Men in Black: International,2019,6,2,110000000.0,115,en,Comedy,Amblin Entertainment,1.3149,8.6502,5.889,5478
544,There's Something About Mary,1998,7,2,23000000.0,120,en,Romance,20th Century Fox,1.185,5.8161,6.637,5477
268896,Pacific Rim: Uprising,2018,3,2,150000000.0,111,en,Action,Legendary Pictures,1.0304,2.5713,6.12,5467
504172,The Mule,2018,12,4,50000000.0,116,en,Crime,Imperative Entertainment,9.0746,9.0746,6.869,5461
10545,The Hunchback of Notre Dame,1996,6,4,100000000.0,91,en,Drama,Walt Disney Pictures,0.711,2.2207,7.135,5456
343611,Jack Reacher: Never Go Back,2016,10,2,60000000.0,118,en,Action,Skydance Media,1.7378,12.2838,6.031,5453
1491,The Illusionist,2006,8,4,16500000.0,110,en,Fantasy,Contagious Entertainment,3.0302,10.0001,7.302,5449
76285,Percy Jackson: Sea of Monsters,2013,8,2,90000000.0,106,en,Adventure,Fox 2000 Pictures,0.8142,3.8127,6.031,5441
7551,Déjà Vu,2006,11,2,75000000.0,126,en,Action,Touchstone Pictures,2.7841,9.1225,6.893,5441
138103,The Expendables 3,2014,8,3,95000000.0,126,en,Action,Davis Films,1.0359,8.4378,6.202,5439
10112,The Aristocats,1970,12,3,4000000.0,78,en,Animation,Walt Disney Productions,0.7988,1.2172,7.304,5437
1265,Bridge to Terabithia,2007,2,3,60000000.0,95,en,Adventure,Lauren Levine Productions Inc.,1.5421,5.7558,7.35,5436
447200,Skyscraper,2018,7,2,125000000.0,102,en,Action,Flynn Picture Company,1.241,7.3971,6.305,5434
454,Romeo + Juliet,1996,11,4,14500000.0,120,en,Drama,20th Century Fox,2.2661,10.1668,6.8,5434
2770,American Pie 2,2001,8,4,30000000.0,111,en,Comedy,Universal Pictures,0.6843,2.6853,6.268,5430
332567,The Shallows,2016,6,4,17000000.0,86,en,Horror,Columbia Pictures,1.6624,5.0633,6.357,5417
667538,Transformers: Rise of the Beasts,2023,6,1,195000000.0,127,en,Science Fiction,Skydance Media,0.8881,2.9744,7.165,5408
5559,Bee Movie,2007,10,6,150000000.0,91,en,Family,Columbus 81 Productions,1.2283,1.6445,6.1,5391
11774,Lemony Snicket's A Series of Unfortunate Events,2004,12,3,140000000.0,108,en,Adventure,Paramount Pictures,1.3057,3.7683,6.821,5376
1700,Misery,1990,11,4,20000000.0,107,en,Drama,Castle Rock Entertainment,2.6713,3.8328,7.754,5374
4944,Burn After Reading,2008,9,4,37000000.0,96,en,Comedy,Focus Features,3.4895,7.6526,6.679,5373
36586,Blade II,2002,3,4,54000000.0,117,en,Fantasy,New Line Cinema,6.0982,3.5686,6.57,5371
11360,Dumbo,1941,10,4,812000.0,64,en,Animation,Walt Disney Productions,0.9044,1.2845,6.992,5371
1061474,Superman,2025,7,2,225000000.0,130,en,Science Fiction,Troll Court Entertainment,6.6929,7.194,7.3,5368
4248,Scary Movie 2,2001,7,2,45000000.0,82,en,Comedy,Brad Grey Pictures,2.224,5.0612,5.846,5367
27022,The Sorcerer's Apprentice,2010,7,1,150000000.0,109,en,Fantasy,Walt Disney Pictures,1.7011,10.8655,6.144,5364
431,Cube,1998,7,5,257899.0,90,en,Thriller,Cube Libre,1.1047,1.9086,6.828,5353
9880,The Princess Diaries,2001,8,4,37000000.0,115,en,Comedy,Bottom of the Ninth Productions,2.2996,26.9693,6.962,5349
9802,The Rock,1996,6,4,75000000.0,137,en,Action,Don Simpson/Jerry Bruckheimer Films,3.8592,3.9244,7.156,5341
81005,Jack the Giant Slayer,2013,2,2,195000000.0,114,en,Fantasy,New Line Cinema,1.8461,5.6197,5.91,5340
338762,Bloodshot,2020,3,3,42000000.0,110,en,Action,Original Film,0.7521,11.0759,6.672,5338
201085,Crimson Peak,2015,10,1,55000000.0,119,en,Horror,Double Dare You,6.0982,4.3599,6.662,5336
253412,Everest,2015,9,3,55000000.0,121,en,Adventure,Cross Creek Pictures,1.3288,3.0296,6.826,5333
575264,Mission: Impossible - Dead Reckoning Part One,2023,7,5,220000000.0,164,en,Action,Paramount Pictures,2.9888,12.2838,7.502,5326
109428,Evil Dead,2013,4,4,17000000.0,91,en,Horror,TriStar Pictures,1.2803,3.0266,6.659,5320
615,The Passion of the Christ,2004,2,2,30000000.0,127,en,Drama,Icon Productions,5.2865,5.4544,7.539,5317
274855,Geostorm,2017,10,3,120000000.0,109,en,Action,Twisted Media,1.4486,7.5862,6.126,5312
9740,Hannibal,2001,2,3,87000000.0,131,en,Crime,The De Laurentiis Company,9.4611,9.5383,6.778,5309
428078,Mortal Engines,2018,11,1,100000000.0,128,en,Adventure,Scholastic Productions,0.806,1.9009,6.251,5302
97367,The Place Beyond the Pines,2013,3,2,15000000.0,140,en,Drama,Sidney Kimmel Entertainment,0.8243,13.3033,6.979,5297
425909,Ghostbusters: Afterlife,2021,11,3,75000000.0,124,en,Fantasy,Columbia Pictures,2.0397,8.698,7.309,5295
509967,6 Underground,2019,12,1,150000000.0,128,en,Action,Skydance Media,3.8592,8.4533,6.33,5281
298312,The Visit,2015,9,3,5000000.0,94,en,Horror,Blumhouse Productions,2.9273,1.4988,6.318,5279
693,Meet the Fockers,2004,12,2,80000000.0,115,en,Comedy,Universal Pictures,1.4027,5.028,6.254,5276
88751,Journey to the Center of the Earth,2008,7,3,45000000.0,93,en,Action,New Line Cinema,0.8986,4.7362,6.097,5269
2493,The Princess Bride,1987,9,4,16000000.0,99,en,Adventure,The Princess Bride,2.6713,3.5282,7.706,5258
346910,The Predator,2018,9,2,88000000.0,107,en,Science Fiction,Davis Entertainment,1.8349,2.6782,5.618,5251
792,Platoon,1986,12,4,6000000.0,120,en,Drama,Hemdale Film Corporation,2.2764,3.9521,7.75,5250
639933,The Northman,2022,4,3,70000000.0,137,en,Action,Regency Enterprises,2.6563,3.4312,7.025,5237
10865,Atlantis: The Lost Empire,2001,6,5,120000000.0,95,en,Animation,Walt Disney Pictures,1.0786,5.1653,7.048,5234
286565,Paper Towns,2015,6,3,12000000.0,109,en,Mystery,Fox 2000 Pictures,1.5984,1.8478,6.155,5226
338953,Fantastic Beasts: The Secrets of Dumbledore,2022,4,2,200000000.0,142,en,Fantasy,Warner Bros. Pictures,1.8664,5.4298,6.6,5221
1339713,Obsession,2026,5,2,750000.0,109,en,Horror,Tea Shop Productions,3.1537,2.9563,8.2,5210
813,Airplane!,1980,6,4,3500000.0,88,en,Comedy,Paramount Pictures,1.6937,1.499,7.301,5215
298618,The Flash,2023,6,1,220000000.0,144,en,Action,Warner Bros. Pictures,2.078,3.6482,6.61,5209
23629,Sucker Punch,2011,3,3,82000000.0,110,en,Action,Legendary Pictures,3.3444,3.7683,6.204,5204
500664,Upgrade,2018,5,3,3000000.0,100,en,Action,Goalpost Pictures,1.7641,3.2314,7.5,5200
117251,White House Down,2013,6,3,150000000.0,131,en,Action,Columbia Pictures,2.2711,7.3348,6.465,5202
267860,London Has Fallen,2016,3,2,60000000.0,99,en,Action,Millennium Media,0.722,7.5862,6.227,5199
1495,Kingdom of Heaven,2005,5,1,130000000.0,144,en,Drama,Scott Free Productions,9.4611,4.6267,7.083,5185
476669,The King's Man,2021,12,2,100000000.0,131,en,Action,Marv,2.1336,5.8452,6.706,5184
941,Lethal Weapon,1987,3,4,15000000.0,110,en,Action,Silver Pictures,2.0441,5.2865,7.303,5182
7299,Equilibrium,2002,12,4,20000000.0,107,en,Action,Dimension Films,0.9574,6.5506,7.058,5180
9428,The Royal Tenenbaums,2001,10,4,21000000.0,110,en,Comedy,Touchstone Pictures,7.9027,3.2561,7.454,5169
583083,The Kissing Booth 2,2020,7,4,0.0,132,en,Comedy,Komixx Entertainment,0.7115,7.0877,7.6,5166
507089,Five Nights at Freddy's,2023,10,2,20000000.0,110,en,Horror,Blumhouse Productions,1.1557,5.7558,7.28,5160
2907,The Addams Family,1991,11,4,30000000.0,100,en,Comedy,Paramount Pictures,2.0671,2.1378,7.074,5159
686,Contact,1997,7,4,90000000.0,150,en,Drama,South Side Amusement Company,3.5231,5.899,7.4,5149
1878,Fear and Loathing in Las Vegas,1998,5,4,18500000.0,118,en,Adventure,Summit Entertainment,3.9146,8.6846,7.201,5148
522681,Escape Room,2019,1,3,9000000.0,99,en,Horror,Columbia Pictures,2.518,3.4321,6.543,5144
424139,Halloween,2018,10,3,10000000.0,106,en,Horror,Universal Pictures,1.0206,8.5711,6.562,5136
1427,Perfume: The Story of a Murderer,2006,9,2,63700000.0,147,en,Crime,Constantin Film,1.567,3.5948,7.375,5135
786892,Furiosa: A Mad Max Saga,2024,5,2,168000000.0,149,en,Action,Warner Bros. Pictures,1.648,8.8246,7.444,5135
762504,Nope,2022,7,2,68000000.0,130,en,Horror,Universal Pictures,3.6758,5.8321,6.824,5131
8065,21,2008,3,3,35000000.0,123,en,Drama,Columbia Pictures,1.0672,2.0622,6.692,5133
20662,Robin Hood,2010,5,2,200000000.0,140,en,Action,Imagine Entertainment,9.4611,6.2703,6.398,5123
59440,Warrior,2011,9,4,25000000.0,140,en,Drama,Lionsgate,1.5799,3.7842,7.841,5117
696806,The Adam Project,2022,3,4,116000000.0,106,en,Adventure,Skydance Media,2.8946,8.4533,6.989,5114
290595,The Huntsman: Winter's War,2016,4,2,115000000.0,114,en,Action,Roth Films,1.1962,8.6502,6.296,5108
46529,I Am Number Four,2011,2,4,50000000.0,109,en,Action,Bay Films,1.4311,2.3305,6.207,5107
9426,The Fly,1986,8,4,15000000.0,96,en,Horror,SLM Production Group,2.6271,4.1105,7.445,5107
411088,The Invisible Guest,2017,1,4,4000000.0,107,es,Drama,Think Studio,1.6814,2.2293,8.075,5105
1233413,Sinners,2025,4,2,100000000.0,138,en,Horror,Warner Bros. Pictures,4.0533,8.7129,7.5,5103
15512,Monsters vs Aliens,2009,3,3,175000000.0,94,en,Animation,DreamWorks Animation,1.0407,4.775,6.266,5102
34544,The A-Team,2010,6,2,110000000.0,117,en,Action,Phoenix Film Partners,1.4254,8.5147,6.419,5099
337170,American Made,2017,8,4,50000000.0,115,en,Comedy,Universal Pictures,3.342,12.2838,6.899,5099
395,AVP: Alien vs. Predator,2004,8,3,70000000.0,101,en,Adventure,Studio Babelsberg,2.1593,2.8584,5.956,5099
433,Mary Poppins,1964,12,3,4650000.0,139,en,Comedy,Walt Disney Productions,0.9992,3.3922,7.5,5084
9659,Mad Max,1979,4,3,350000.0,91,en,Action,Kennedy Miller Productions,1.648,5.2865,6.682,5080
33,Unforgiven,1992,8,4,14400000.0,130,en,Western,Warner Bros. Pictures,9.0746,9.0746,7.912,5072
504608,Rocketman,2019,5,4,40000000.0,121,en,Music,Paramount Pictures,1.7866,5.3432,7.309,5064
41630,No Strings Attached,2011,1,4,25000000.0,107,en,Comedy,Katalyst Films,1.2251,13.8542,6.295,5063
214,Saw III,2006,10,3,10000000.0,108,en,Horror,Twisted Pictures,1.4169,2.5064,6.417,5063
588,Silent Hill,2006,4,4,50000000.0,125,en,Horror,Silent Hill DCP,1.0308,5.8169,6.645,5062
583,Life of Brian,1979,8,4,4000000.0,94,en,Comedy,Handmade Films,1.3891,1.3059,7.763,5059
9398,Zoolander,2001,9,4,28000000.0,89,en,Comedy,Paramount Pictures,5.028,5.028,6.232,5060
38050,The Adjustment Bureau,2011,3,3,50200000.0,106,en,Science Fiction,Universal Pictures,1.5378,13.0917,6.79,5052
7980,The Lovely Bones,2009,12,5,65000000.0,136,en,Fantasy,WingNut Films,4.9872,5.0279,7.057,5052
9928,Robots,2005,3,3,75000000.0,90,en,Animation,Blue Sky Studios,1.2339,7.3177,6.504,5046
3021,1408,2007,6,4,25000000.0,104,en,Horror,Dimension Films,1.0892,3.6691,6.693,5037
1585,It's a Wonderful Life,1946,12,4,3180000.0,131,en,Drama,Liberty Films,2.0984,2.4574,8.276,5033
8839,Casper,1995,5,4,50000000.0,100,en,Fantasy,The Harvey Entertainment Company,1.3057,1.5189,6.346,5027
335,Once Upon a Time in the West,1968,12,5,5000000.0,166,it,Drama,Paramount Pictures,2.4074,3.3139,8.268,5025
52449,Bad Teacher,2011,5,0,20000000.0,92,en,Comedy,Columbia Pictures,1.3675,5.8161,5.61,5023
501170,Doctor Sleep,2019,10,2,45000000.0,152,en,Horror,Vertigo Entertainment,1.4289,7.3177,7.145,5022
296524,Deepwater Horizon,2016,9,2,110000000.0,107,en,Drama,Summit Entertainment,3.0938,7.5299,6.904,5015
631843,Old,2021,7,2,18000000.0,108,en,Thriller,Universal Pictures,2.9273,3.2041,6.32,5015
37834,Knight and Day,2010,6,1,117000000.0,109,en,Action,Pink Machine,1.7096,12.2838,6.237,5014
7451,xXx,2002,8,4,70000000.0,124,en,Action,Revolution Studios,1.2822,11.0759,5.989,5014
14869,G.I. Joe: The Rise of Cobra,2009,8,0,175000000.0,118,en,Adventure,Paramount Pictures,1.7173,2.4907,5.8,5009
9023,Spirit: Stallion of the Cimarron,2002,5,4,80000000.0,83,en,Animation,DreamWorks Animation,0.8296,13.0917,7.707,5007
9679,Gone in Sixty Seconds,2000,6,4,90000000.0,118,en,Action,Touchstone Pictures,0.8728,10.8655,6.474,5005
9358,Final Destination 2,2003,1,4,26000000.0,90,en,Horror,New Line Cinema,1.1279,7.1639,6.315,5004
446354,The Post,2017,12,4,50000000.0,116,en,Drama,20th Century Fox,7.5877,7.1363,7.005,5002
8329,[REC],2007,11,4,1500000.0,78,es,Horror,Castelao Productions,1.2709,2.0185,7.238,4993
97630,Zero Dark Thirty,2012,12,2,40000000.0,157,en,Thriller,Annapurna Pictures,2.4876,5.4152,6.992,4993
17979,A Christmas Carol,2009,11,2,200000000.0,96,en,Animation,Walt Disney Pictures,3.5231,8.8079,6.911,4979
536554,M3GAN,2022,12,2,12000000.0,102,en,Science Fiction,Atomic Monster,1.145,3.3943,7.012,4977
338766,Hell or High Water,2016,8,3,12000000.0,102,en,Western,Sidney Kimmel Entertainment,1.0039,3.7819,7.306,4972
278154,Ice Age: Collision Course,2016,6,3,105000000.0,95,en,Adventure,Blue Sky Studios,1.0566,2.9522,6.124,4964
526896,Morbius,2022,3,2,75000000.0,105,en,Action,Columbia Pictures,0.8739,7.4691,5.902,4962
9366,Donnie Brasco,1997,2,3,35000000.0,127,en,Crime,Mark Johnson Productions,1.4797,8.6846,7.535,4962
2978,Ghostbusters II,1989,6,4,37000000.0,108,en,Comedy,Columbia Pictures,1.2251,4.5082,6.6,4959
11216,Cinema Paradiso,1988,11,3,5000000.0,124,it,Drama,Cristaldifilm,1.2479,1.4838,8.4,4954
7518,Over the Hedge,2006,5,2,80000000.0,83,en,Adventure,DreamWorks Animation,1.1135,8.5919,6.605,4953
149,Akira,1988,6,4,5700000.0,124,ja,Animation,MBS,1.5289,2.2046,7.94,4943
1374,Rocky IV,1985,11,3,31000000.0,91,en,Drama,United Artists,8.4378,8.4378,7.094,4942
12429,Ponyo,2008,7,5,34000000.0,100,ja,Animation,Studio Ghibli,3.7071,1.307,7.765,4937
103663,The Hunt,2012,10,3,3800000.0,116,da,Drama,Zentropa International Sweden,1.0381,5.9379,8.096,4939
11322,Public Enemies,2009,7,2,100000000.0,140,en,Crime,Universal Pictures,4.0774,8.6846,6.688,4941
376570,Hush,2016,3,5,1000000.0,82,en,Horror,Intrepid Pictures,1.4289,1.9448,6.727,4936
1367,Rocky II,1979,6,4,7000000.0,119,en,Drama,United Artists,8.4378,8.4378,7.3,4936
2787,Pitch Black,2000,2,4,23000000.0,108,en,Thriller,Interscope Communications,1.2828,11.0759,6.87,4935
547016,The Old Guard,2020,7,3,70000000.0,125,en,Action,Skydance Media,1.3958,9.8979,7.09,4934
147441,Exodus: Gods and Kings,2014,12,2,140000000.0,150,en,Adventure,20th Century Fox,9.4611,6.5506,5.884,4930
824,Moulin Rouge!,2001,5,4,52500000.0,128,en,Drama,20th Century Fox,2.2661,7.3177,7.521,4928
152584,Blue Is the Warmest Color,2013,10,2,4300000.0,180,fr,Romance,Wild Bunch,1.0159,3.984,7.1,4926
10830,Matilda,1996,8,4,36000000.0,98,en,Comedy,Jersey Films,4.4657,2.2854,7.184,4925
492,Being John Malkovich,1999,10,4,13000000.0,113,en,Comedy,Propaganda Films,2.7601,3.6691,7.422,4924
2268,The Golden Compass,2007,12,1,180000000.0,113,en,Adventure,Depth of Field,1.4276,2.2274,6.088,4917
5503,The Fugitive,1993,8,4,44000000.0,131,en,Action,Warner Bros. Pictures,1.3893,7.1495,7.486,4916
1735,The Mummy: Tomb of the Dragon Emperor,2008,7,1,145000000.0,112,en,Adventure,Universal Pictures,1.2822,4.7362,5.521,4914
9603,Clueless,1995,7,2,12000000.0,97,en,Comedy,Paramount Pictures,1.0815,2.9828,7.247,4901
1577,Resident Evil: Apocalypse,2004,9,4,45000000.0,94,en,Horror,Davis Films/Impact Pictures,0.7794,6.9434,6.365,4896
134374,Pain & Gain,2013,4,3,25000000.0,130,en,Comedy,Paramount Pictures,3.8592,7.5299,6.293,4888
514999,Murder Mystery,2019,5,5,24000000.0,98,en,Comedy,Vinson Films,1.4874,6.7753,6.252,4887
438695,Sing 2,2021,12,2,85000000.0,110,en,Animation,Illumination,1.4377,8.6775,7.833,4887
279,Amadeus,1984,9,2,18000000.0,160,en,Drama,The Saul Zaentz Company,1.3329,4.0841,8.025,4883
493529,Dungeons & Dragons: Honor Among Thieves,2023,3,3,151000000.0,134,en,Adventure,Entertainment One,2.1757,4.7176,7.358,4882
49046,All Quiet on the Western Front,2022,10,4,20000000.0,147,de,War,Amusement Park Films,4.7118,1.788,7.744,4877
9637,Scooby-Doo,2002,6,4,84000000.0,87,en,Mystery,Mosaic Media Group,1.5095,2.8515,6.115,4873
369885,Allied,2016,11,2,106000000.0,124,en,Action,Paramount Pictures,3.5231,11.6228,6.806,4870
4233,Scream 2,1997,12,4,24000000.0,120,en,Horror,Dimension Films,2.0992,5.0443,6.52,4870
1578,Raging Bull,1980,11,4,18000000.0,129,en,Drama,United Artists,5.8366,10.1679,7.897,4868
785084,The Whale,2022,12,4,3000000.0,117,en,Drama,A24,3.1197,4.7362,7.753,4862
14306,Marley & Me,2008,12,3,60000000.0,115,en,Comedy,Sunswept Entertainment,1.5772,6.8795,7.174,4863
397243,The Autopsy of Jane Doe,2016,12,2,4000000.0,86,en,Horror,IM Global,0.9682,2.9825,6.843,4859
193756,Lone Survivor,2013,12,1,40000000.0,121,en,War,EFO Films,3.0938,7.5299,7.43,4850
9602,Coming to America,1988,6,2,30000000.0,117,en,Comedy,Eddie Murphy Productions,2.1994,5.528,6.884,4850
8916,Antz,1998,10,4,60000000.0,83,en,Animation,Pacific Data Images,0.9939,3.9776,6.19,4842
391,A Fistful of Dollars,1964,9,5,200000.0,99,it,Western,Jolly Film,2.4074,9.0746,7.823,4841
10947,High School Musical,2006,1,4,4200000.0,98,en,Comedy,Salty Pictures,1.1582,4.9686,6.543,4841
1885,The Karate Kid,1984,6,4,8000000.0,127,en,Action,Columbia Pictures,2.0576,3.077,7.231,4839
1701,Con Air,1997,6,3,75000000.0,116,en,Action,Touchstone Pictures,1.8366,10.8655,6.785,4837
945961,Alien: Romulus,2024,8,1,80000000.0,119,en,Horror,20th Century Studios,1.2803,4.6219,7.162,4836
76,Before Sunrise,1995,1,4,2500000.0,101,en,Drama,Castle Rock Entertainment,4.659,5.6532,7.971,4834
9533,Red Dragon,2002,10,2,78000000.0,124,en,Crime,Universal Pictures,1.6681,10.0001,7.047,4831
823464,Godzilla x Kong: The New Empire,2024,3,2,150000000.0,115,en,Action,Legendary Pictures,1.4775,2.8348,7.04,4827
985939,Fall,2022,8,3,3000000.0,107,en,Thriller,Tea Shop Productions,0.8294,1.743,7.1,4819
840,Close Encounters of the Third Kind,1977,12,2,20000000.0,137,en,Science Fiction,Julia Phillips and Michael Phillips Productions,7.5877,3.5558,7.359,4818
45317,The Fighter,2010,12,4,25000000.0,116,en,Drama,The Weinstein Company,1.4652,7.5299,7.379,4817
6477,Alvin and the Chipmunks,2007,12,3,60000000.0,92,en,Comedy,Fox 2000 Pictures,1.0364,3.2271,5.842,4813
4347,Atonement,2007,2,1,30000000.0,123,en,Drama,Universal Pictures,1.6914,5.5475,7.633,4810
1903,Vanilla Sky,2001,12,4,68000000.0,136,en,Mystery,Paramount Pictures,1.263,12.2838,6.831,4810
133805,Carrie,2013,10,2,30000000.0,101,en,Drama,Misher Films,0.7065,7.522,6.06,4807
9522,Wedding Crashers,2005,7,2,40000000.0,119,en,Comedy,Avery Pix,1.1717,6.8795,6.503,4806
136797,Need for Speed,2014,3,2,66000000.0,132,en,Action,DreamWorks Pictures,1.267,5.4329,6.449,4800
581,Dances with Wolves,1990,11,4,22000000.0,181,en,Adventure,Tig Productions,6.7134,6.7134,7.842,4799
71552,American Reunion,2012,4,2,50000000.0,113,en,Comedy,Universal Pictures,1.3371,2.6853,6.32,4796
1907,The Beach,2000,2,3,40000000.0,119,en,Drama,Figment Films,2.1713,10.1668,6.484,4796
508965,Klaus,2019,11,4,0.0,97,en,Animation,Atresmedia,0.9279,4.1563,8.219,4793
109418,Grown Ups 2,2013,7,3,80000000.0,101,en,Comedy,Columbia Pictures,1.9846,6.7753,6.188,4794
400155,Hotel Transylvania 3: Summer Vacation,2018,6,3,80000000.0,97,en,Animation,Columbia Pictures,1.5246,6.7753,6.841,4783
11423,Memories of Murder,2003,4,4,2800000.0,131,ko,Crime,CJ Entertainment,5.3531,2.79,8.061,4776
10515,Castle in the Sky,1986,8,5,3000000.0,125,ja,Adventure,Studio Ghibli,3.7071,0.8241,7.971,4773
34851,Predators,2010,7,2,40000000.0,107,en,Science Fiction,Davis Entertainment,0.904,7.7298,6.304,4761
302401,Snowden,2016,9,3,40000000.0,135,en,Drama,KrautPack Entertainment,2.2764,6.1524,7.115,4754
55721,Bridesmaids,2011,5,4,32500000.0,125,en,Comedy,Apatow Productions,2.3516,3.4179,6.509,4753
5175,Rush Hour 2,2001,8,4,90000000.0,90,en,Action,New Line Cinema,1.6681,11.7072,6.775,4742
9732,The Lion King II: Simba's Pride,1998,10,5,0.0,81,en,Adventure,Disney Television Animation,0.8306,2.6277,6.941,4737
10137,Stuart Little,1999,12,4,133000000.0,84,en,Family,Franklin/Waterman Productions,1.4452,5.1653,6.078,4737
9800,Philadelphia,1993,12,2,26000000.0,126,en,Drama,TriStar Pictures,1.702,16.1984,7.705,4735
399035,The Commuter,2018,1,3,30000000.0,104,en,Action,StudioCanal,1.6624,8.5147,6.369,4728
417859,Puss in Boots,2011,10,3,130000000.0,90,en,Action,DreamWorks Animation,1.2084,5.4164,6.616,4725
11886,Robin Hood,1973,11,3,5000000.0,83,en,Animation,Walt Disney Productions,0.7988,1.2044,7.313,4724
134,"O Brother, Where Art Thou?",2000,8,2,26000000.0,107,en,Adventure,Touchstone Pictures,2.3023,7.6526,7.322,4724
63311,The Skin I Live In,2011,8,2,13000000.0,120,es,Drama,El Deseo,2.3969,5.4164,7.481,4722
91586,Insidious: Chapter 2,2013,9,3,5000000.0,106,en,Horror,Blumhouse Productions,4.6549,4.5767,6.698,4722
8699,Anchorman: The Legend of Ron Burgundy,2004,6,0,26000000.0,95,en,Comedy,DreamWorks Pictures,1.8702,7.1692,6.702,4715
12153,White Chicks,2004,6,2,37000000.0,109,en,Comedy,Revolution Studios,2.224,2.7895,6.962,4714
9286,Final Destination 3,2006,2,3,25000000.0,92,en,Horror,New Line Cinema,1.4037,5.2446,6.157,4713
639,When Harry Met Sally...,1989,7,2,16000000.0,96,en,Comedy,Castle Rock Entertainment,2.6713,2.9282,7.408,4710
305470,Power Rangers,2017,3,3,105000000.0,124,en,Action,Lionsgate,0.7433,2.6522,6.245,4710
9016,Treasure Planet,2002,11,1,140000000.0,96,en,Science Fiction,Walt Disney Pictures,1.4033,6.1524,7.577,4709
90,Beverly Hills Cop,1984,12,2,14000000.0,105,en,Comedy,Paramount Pictures,1.1836,5.528,7.211,4705
36955,True Lies,1994,7,4,115000000.0,141,en,Action,Lightstorm Entertainment,6.1702,6.3894,7.103,4704
6947,The Village,2004,7,4,60000000.0,108,en,Drama,Touchstone Pictures,2.9273,5.2666,6.497,4703
16859,Kiki's Delivery Service,1989,7,5,6900000.0,103,ja,Animation,Studio Ghibli,3.7071,2.3986,7.84,4702
227156,The Giver,2014,8,2,25000000.0,97,en,Drama,The Weinstein Company,1.3149,3.7819,6.558,4699
558449,Gladiator II,2024,11,2,310000000.0,148,en,Action,Paramount Pictures,9.4611,4.0391,6.598,4698
7737,Resident Evil: Extinction,2007,9,3,45000000.0,94,en,Horror,Screen Gems,1.5934,6.9434,6.301,4698
123553,The Mortal Instruments: City of Bones,2013,8,2,60000000.0,130,en,Fantasy,Screen Gems,1.0441,4.6718,6.427,4688
8835,Legally Blonde,2001,7,4,18000000.0,96,en,Comedy,Metro-Goldwyn-Mayer,1.0672,4.775,6.815,4686
325133,Neighbors 2: Sorority Rising,2016,5,2,35000000.0,92,en,Comedy,Perfect World Pictures,1.3282,5.2535,5.816,4684
406,La Haine,1995,5,2,2600000.0,98,fr,Drama,Kasso Productions,1.7612,4.3224,8.082,4683
484247,A Simple Favor,2018,9,3,20000000.0,117,en,Thriller,Feigco Entertainment,2.3516,4.3361,6.638,4681
1452,Superman Returns,2006,6,2,223000000.0,154,en,Science Fiction,Warner Bros. Pictures,1.8461,2.5701,5.823,4681
9273,Ace Ventura: When Nature Calls,1995,11,4,30000000.0,90,en,Crime,Morgan Creek Entertainment,1.4892,8.8079,6.345,4678
4133,Blow,2001,4,2,53000000.0,124,en,Crime,New Line Cinema,1.3444,8.6846,7.356,4676
764,The Evil Dead,1982,5,1,350000.0,85,en,Horror,Renaissance Pictures,5.0662,3.3004,7.263,4674
381341,Perfect Strangers,2016,2,3,0.0,97,it,Drama,Medusa Film,3.453,0.8033,7.852,4670
27581,The Other Guys,2010,8,4,100000000.0,107,en,Comedy,Columbia Pictures,1.8702,7.1692,6.336,4670
924,Dawn of the Dead,2004,3,4,26000000.0,101,en,Horror,New Amsterdam Entertainment,3.3444,3.268,7.089,4667
138697,Don Jon,2013,9,3,3000000.0,90,en,Romance,Ram Bergman Productions,6.1524,6.1524,6.019,4662
10719,Elf,2003,11,4,32000000.0,97,en,Comedy,New Line Cinema,4.6586,7.1692,6.666,4659
378064,A Silent Voice: The Movie,2016,9,5,0.0,129,ja,Animation,Kyoto Animation,1.3898,3.7432,8.394,4658
291870,Dirty Grandpa,2016,1,2,11500000.0,102,en,Comedy,Covert Media,1.1763,10.1679,5.939,4658
635302,Demon Slayer -Kimetsu no Yaiba- The Movie: Mugen Train,2020,10,4,15700000.0,117,ja,Animation,ufotable,1.8067,3.7266,8.227,4656
525,The Blues Brothers,1980,6,0,27000000.0,133,en,Music,Universal Pictures,2.1994,1.7563,7.716,4649
9495,The Crow,1994,5,2,23000000.0,102,en,Fantasy,Entertainment Media Investment,1.1929,1.885,7.53,4647
2698,Evan Almighty,2007,6,5,175000000.0,96,en,Fantasy,Universal Pictures,1.0346,5.8553,5.588,4645
339988,The Circle,2017,4,3,18000000.0,110,en,Drama,Parkes+MacDonald Image Nation,1.0066,8.6652,5.521,4643
37136,The Naked Gun: From the Files of Police Squad!,1988,12,4,12000000.0,86,en,Comedy,Paramount Pictures,3.7109,4.052,7.282,4642
4256,Scary Movie 3,2003,10,4,45000000.0,84,en,Comedy,Brad Grey Pictures,3.7109,5.0612,5.978,4633
9820,The Parent Trap,1998,7,1,15000000.0,128,en,Comedy,Walt Disney Pictures,1.9149,4.663,7.216,4628
1371,Rocky III,1982,5,4,17000000.0,100,en,Drama,United Artists,8.4378,8.4378,6.907,4618
387426,Okja,2017,6,2,50000000.0,120,en,Adventure,Kate Street Picture Company,5.3531,1.6783,7.325,4617
19404,Dilwale Dulhania Le Jayenge,1995,10,4,13200000.0,190,hi,Comedy,Yash Raj Films,1.3857,3.078,8.504,4617
2789,The Chronicles of Riddick,2004,6,4,105000000.0,119,en,Action,Radar Pictures,1.2828,11.0759,6.56,4615
213,North by Northwest,1959,8,3,4000000.0,137,en,Thriller,Metro-Goldwyn-Mayer,5.6026,4.1204,7.961,4615
4327,Charlie's Angels,2000,11,3,92000000.0,98,en,Action,Columbia Pictures,2.3421,5.8161,5.853,4613
1996,Lara Croft: Tomb Raider - The Cradle of Life,2003,7,0,95000000.0,117,en,Adventure,Paramount Pictures,1.1251,8.2317,5.762,4609
51828,One Day,2011,3,2,15000000.0,107,en,Drama,Focus Features,0.9221,26.9693,7.418,4606
72545,Journey 2: The Mysterious Island,2012,1,3,79000000.0,94,en,Adventure,Walden Media,1.3444,7.3971,6.145,4598
186,Lucky Number Slevin,2006,2,4,27000000.0,110,en,Drama,FilmEngine,0.9688,4.9968,7.476,4596
136400,2 Guns,2013,8,4,61000000.0,109,en,Action,Universal Pictures,1.3288,9.1225,6.536,4595
637920,Miracle in Cell No. 7,2019,10,3,0.0,132,tr,Drama,Lanistar Media,0.5968,2.2791,8.25,4593
57165,Wrath of the Titans,2012,3,2,150000000.0,99,en,Fantasy,Thunder Road,0.7487,5.7128,5.773,4593
3580,Changeling,2008,10,4,55000000.0,142,en,Crime,Universal Pictures,9.0746,8.2317,7.572,4585
938,For a Few Dollars More,1965,12,5,600000.0,132,it,Western,PEA,2.4074,9.0746,8.029,4582
203833,The Book Thief,2013,11,4,19000000.0,131,en,Drama,Studio Babelsberg,1.2986,6.0583,7.492,4576
911430,F1,2025,6,2,300000000.0,156,en,Action,Plan B Entertainment,2.248,11.6228,7.823,4573
9919,How to Lose a Guy in 10 Days,2003,2,4,50000000.0,116,en,Comedy,Paramount Pictures,1.1524,4.8398,6.868,4573
329996,Dumbo,2019,3,2,170000000.0,112,en,Family,Tim Burton Productions,4.818,8.8777,6.585,4566
590223,Love and Monsters,2020,10,4,30000000.0,109,en,Adventure,21 Laps Entertainment,0.5548,8.0577,7.264,4564
270946,Penguins of Madagascar,2014,11,5,132000000.0,92,en,Family,DreamWorks Animation,1.2283,1.5124,6.544,4563
116741,The Internship,2013,6,4,58000000.0,119,en,Comedy,TSG Entertainment,2.8946,4.6876,6.24,4559
571,The Birds,1963,3,3,2500000.0,119,en,Horror,Alfred J. Hitchcock Productions,5.6026,2.2956,7.51,4558
164,Breakfast at Tiffany's,1961,10,4,2500000.0,115,en,Comedy,Paramount Pictures,1.8032,3.6375,7.614,4557
2270,Stardust,2007,8,4,70000000.0,127,en,Adventure,Paramount Pictures,2.1336,3.1178,7.293,4556
399057,The Killing of a Sacred Deer,2017,10,4,3000000.0,121,en,Drama,Element Pictures,1.7638,8.8777,7.001,4552
9392,The Descent,2005,7,4,3500000.0,100,en,Adventure,Celador Films,1.2836,1.4001,6.985,4548
537996,The Ballad of Buster Scruggs,2018,11,4,0.0,132,en,Western,Mike Zoss Productions,2.3023,2.8509,7.134,4540
787699,Wonka,2023,12,2,125000000.0,117,en,Comedy,Warner Bros. Pictures,1.1672,7.9798,7.034,4534
869,Planet of the Apes,2001,7,3,100000000.0,120,en,Thriller,20th Century Fox,4.818,7.5299,5.778,4528
503736,Army of the Dead,2021,5,4,90000000.0,148,en,Crime,The Stone Quarry,3.3444,5.9343,6.189,4518
929590,Civil War,2024,4,2,50000000.0,109,en,War,DNA Films,4.1618,9.5508,6.847,4516
205587,The Judge,2014,10,2,40000000.0,141,en,Drama,Village Roadshow Pictures,1.1717,12.0576,7.33,4513
360920,The Grinch,2018,11,3,75000000.0,85,en,Animation,Illumination,0.592,7.5303,6.862,4510
3981,What Women Want,2000,12,4,70000000.0,127,en,Comedy,Paramount Pictures,1.9149,5.2865,6.453,4509
87421,Riddick,2013,9,0,38000000.0,119,en,Science Fiction,One Race,1.2828,11.0759,6.345,4507
2832,Identity,2003,4,4,28000000.0,90,en,Mystery,Konrad Pictures,1.7096,3.6691,7.182,4503
188161,A Million Ways to Die in the West,2014,5,3,40000000.0,116,en,Comedy,RGB Media,4.0423,4.0423,6.051,4503
402,Basic Instinct,1992,3,4,49000000.0,128,en,Thriller,Carolco Pictures,2.0563,3.5081,6.946,4502
866398,The Beekeeper,2024,1,0,35000000.0,106,en,Action,Miramax,1.5009,35.8713,7.281,4496
8698,The League of Extraordinary Gentlemen,2003,7,4,78000000.0,110,en,Fantasy,20th Century Fox,0.9622,3.9244,6.016,4496
132232,Mama,2013,1,3,15000000.0,100,en,Horror,Toma 78,2.078,5.4152,6.291,4495
272693,The DUFF,2015,2,4,8500000.0,100,en,Romance,Wonderland Sound and Vision,0.624,5.135,6.758,4494
8273,American Wedding,2003,8,4,55000000.0,103,en,Comedy,Loumolo & Co.,0.9835,2.6853,6.227,4492
205775,In the Heart of the Sea,2015,12,3,100000000.0,122,en,Thriller,Imagine Entertainment,4.1046,8.6502,6.786,4489
34584,The NeverEnding Story,1984,4,4,27000000.0,101,de,Adventure,Constantin Film,1.5927,1.5215,7.225,4481
912649,Venom: The Last Dance,2024,10,1,120000000.0,109,en,Science Fiction,Columbia Pictures,1.9017,9.2886,6.675,4476
834,Underworld: Evolution,2006,1,3,50000000.0,106,en,Fantasy,Screen Gems,2.8264,5.9534,6.605,4474
805,Rosemary's Baby,1968,6,2,3200000.0,138,en,Drama,William Castle Productions,2.6007,2.1975,7.819,4473
227159,Horrible Bosses 2,2014,11,2,42000000.0,108,en,Comedy,New Line Cinema,1.0087,5.2974,6.177,4471
356305,Why Him?,2016,12,3,38000000.0,111,en,Comedy,21 Laps Entertainment,1.0039,9.0078,6.386,4470
290098,The Handmaiden,2016,6,2,8575000.0,145,ko,Thriller,Moho Film,3.4838,2.0984,8.176,4462
224141,Into the Woods,2014,12,2,50000000.0,125,en,Fantasy,Walt Disney Pictures,1.2052,4.3361,5.758,4461
770,Gone with the Wind,1939,12,4,4000000.0,238,en,Drama,Selznick International Pictures,1.5749,2.7744,7.905,4458
116,Match Point,2005,10,2,15000000.0,124,en,Drama,BBC Film,3.9776,4.6239,7.36,4456
710,GoldenEye,1995,11,3,60000000.0,130,en,Adventure,EON Productions,1.395,6.3029,6.905,4455
2024,The Patriot,2000,6,2,110000000.0,165,en,Drama,Columbia Pictures,2.2711,5.2865,7.208,4453
52520,Underworld: Awakening,2012,1,3,70000000.0,88,en,Fantasy,Screen Gems,0.781,5.9534,6.334,4444
1369,Rambo: First Blood Part II,1985,5,1,44000000.0,96,en,Action,Carolco Pictures,1.4616,8.4378,6.668,4438
321697,Steve Jobs,2015,10,4,30000000.0,123,en,Drama,Scott Rudin Productions,2.1713,5.7677,6.774,4438
227306,Unbroken,2014,12,3,65000000.0,137,en,Drama,Legendary Pictures,8.2317,4.3602,7.418,4436
36648,Blade: Trinity,2004,12,2,65000000.0,113,en,Action,Marvel Enterprises,2.4266,3.5686,5.862,4435
205584,Gods of Egypt,2016,2,3,140000000.0,127,en,Action,Thunder Road,1.1929,5.7142,5.695,4431
9297,Monster House,2006,6,4,75000000.0,91,en,Animation,ImageMovers,0.9202,1.5172,6.708,4429
6145,Fracture,2007,4,3,10000000.0,113,en,Thriller,M7 Filmproduktion,1.3653,9.5383,7.258,4428
588228,The Tomorrow War,2021,9,4,200000000.0,138,en,Action,Skydance Media,0.9187,7.1108,7.528,4425
184315,Hercules,2014,7,2,100000000.0,98,en,Action,Radical Studios,1.6681,7.3971,5.806,4424
613,Downfall,2004,9,3,16000000.0,155,de,Drama,NDR,1.7016,3.4448,7.863,4424
71679,Resident Evil: Retribution,2012,9,2,65000000.0,95,en,Action,Davis Films/Impact Pictures,2.1593,6.9434,5.829,4422
653346,Kingdom of the Planet of the Apes,2024,5,2,160000000.0,145,en,Science Fiction,20th Century Studios,1.3101,3.3636,7.057,4420
9342,The Mask of Zorro,1998,7,3,95000000.0,138,en,Action,TriStar Pictures,1.395,5.4164,6.582,4420
22954,Invictus,2009,12,4,60000000.0,134,en,Drama,Warner Bros. Pictures,9.0746,11.3118,7.179,4414
725201,The Gray Man,2022,7,2,200000000.0,128,en,Action,AGBO,1.8474,13.3033,6.905,4412
9837,The Prince of Egypt,1998,12,2,70000000.0,99,en,Adventure,DreamWorks Pictures,1.3427,3.4703,7.322,4409
146216,RED 2,2013,7,3,84000000.0,116,en,Action,di Bonaventura Pictures,0.9372,8.5919,6.532,4407
7340,Carrie,1976,11,2,1800000.0,98,en,Horror,United Artists,2.294,3.8482,7.339,4407
4964,Knocked Up,2007,6,4,30000000.0,129,en,Comedy,Apatow Productions,1.7165,5.2535,6.304,4402
1272,Sunshine,2007,4,3,50000000.0,108,en,Science Fiction,Ingenious Media,2.1713,8.7014,6.974,4400
20766,The Road,2009,11,2,32000000.0,111,en,Adventure,Dimension Films,1.0807,4.6962,7.022,4396
9798,Enemy of the State,1998,11,4,90000000.0,132,en,Action,Touchstone Pictures,2.7841,8.6553,7.079,4394
1924,Superman,1978,12,3,55000000.0,144,en,Science Fiction,Dovemead Films,2.0441,3.6797,7.166,4394
86838,Seven Psychopaths,2012,10,4,15000000.0,110,en,Comedy,BFI,4.8133,8.8777,6.817,4384
7555,Rambo,2008,1,3,50000000.0,92,en,Action,Millennium Media,8.4378,8.4378,6.704,4381
276907,Legend,2015,9,2,25000000.0,132,en,Crime,Working Title Films,1.3994,9.2886,7.05,4380
1587,What's Eating Gilbert Grape,1993,12,4,11000000.0,118,en,Romance,Paramount Pictures,1.478,8.6846,7.658,4374
49524,R.I.P.D.,2013,7,3,130000000.0,96,en,Fantasy,Universal Pictures,0.9896,3.7819,5.862,4373
829,Chinatown,1974,6,3,6000000.0,130,en,Crime,Paramount Pictures,2.6007,4.6107,7.906,4372
19994,Jennifer's Body,2009,9,4,16000000.0,107,en,Horror,Fox Atomic,1.1877,6.6839,5.998,4369
2123,"Me, Myself & Irene",2000,6,3,51000000.0,117,en,Comedy,Conundrum Entertainment,2.0961,8.8079,6.626,4361
11778,The Deer Hunter,1978,12,4,15000000.0,183,en,Drama,Universal Pictures,1.347,10.1679,7.966,4359
10330,Freaky Friday,2003,8,1,26000000.0,97,en,Comedy,Casual Friday Productions,1.5577,4.663,6.589,4353
249164,If I Stay,2014,8,3,11000000.0,106,en,Drama,New Line Cinema,0.8625,7.522,7.346,4349
10196,The Last Airbender,2010,6,2,150000000.0,103,en,Action,Paramount Pictures,2.9273,1.1373,4.642,4347
346,Seven Samurai,1954,4,0,2000000.0,207,ja,Action,TOHO,3.178,2.1812,8.452,4344
7453,The Hitchhiker's Guide to the Galaxy,2005,4,3,50000000.0,109,en,Adventure,Spyglass Entertainment,1.4377,5.1122,6.691,4344
515195,Yesterday,2019,6,2,26000000.0,116,en,Comedy,Working Title Films,2.1713,4.2401,6.684,4344
489999,Searching,2018,8,4,880000.0,102,en,Drama,Bazelevs,1.0522,2.8906,7.566,4342
1948,Crank,2006,8,3,12000000.0,88,en,Action,Lakeshore Entertainment,1.3364,35.8713,6.67,4339
274479,Joy,2015,12,3,60000000.0,124,en,Drama,Fox 2000 Pictures,1.4652,10.1687,6.552,4336
505026,Death on the Nile,2022,2,2,90000000.0,127,en,Mystery,Genre Films,6.8627,6.8627,6.407,4335
116149,Paddington,2014,11,0,55000000.0,95,en,Comedy,StudioCanal,1.1672,3.5948,7.125,4333
22971,Dear John,2010,2,3,25000000.0,108,en,Drama,Screen Gems,1.478,10.3817,6.834,4333
929,Godzilla,1998,5,2,130000000.0,139,en,Science Fiction,TriStar Pictures,2.2711,2.6277,5.658,4330
703,Annie Hall,1977,4,1,4000000.0,93,en,Comedy,Jack Rollins & Charles H. Joffe Productions,3.9776,4.0683,7.717,4329
35791,Resident Evil: Afterlife,2010,9,2,60000000.0,97,en,Action,Screen Gems,2.1593,6.9434,6.058,4320
10229,A Walk to Remember,2002,1,4,11800000.0,102,en,Drama,Pandora Pictures,3.5514,3.4582,7.751,4318
376659,Bad Moms,2016,7,3,20000000.0,100,en,Comedy,STXfilms,0.9356,5.8425,6.48,4317
82682,Gangster Squad,2013,1,2,60000000.0,113,en,Crime,Village Roadshow Pictures,1.5204,7.6836,6.379,4317
335977,Indiana Jones and the Dial of Destiny,2023,6,6,294700000.0,155,en,Adventure,Lucasfilm Ltd.,1.7096,7.1495,6.5,4316
376660,The Edge of Seventeen,2016,11,4,9000000.0,105,en,Comedy,Tang Media Productions,1.0384,5.9394,7.151,4315
1493,Miss Congeniality,2000,12,4,45000000.0,110,en,Comedy,Village Roadshow Pictures,1.1524,8.1384,6.53,4314
522938,Rambo: Last Blood,2019,9,2,50000000.0,89,en,Action,Millennium Media,1.0358,8.4378,6.537,4312
72570,The Vow,2012,2,6,30000000.0,104,en,Drama,Spyglass Entertainment,0.563,7.1399,7.227,4311
8920,Garfield,2004,6,3,50000000.0,80,en,Comedy,Davis Entertainment,1.0688,4.5082,5.724,4310
228161,Home,2015,3,2,135000000.0,94,en,Fantasy,DreamWorks Animation,1.3446,5.5032,6.789,4307
10189,Pineapple Express,2008,8,2,27000000.0,112,en,Action,Columbia Pictures,1.0206,5.2535,6.64,4308
466420,Killers of the Flower Moon,2023,10,2,200000000.0,206,en,Crime,Apple Studios,5.8366,10.1668,7.39,4301
1817,Phone Booth,2003,1,0,13000000.0,81,en,Thriller,Fox 2000 Pictures,1.8784,8.8777,6.879,4300
4771,Gone Baby Gone,2007,9,1,19000000.0,113,en,Crime,Miramax,6.648,4.2856,7.305,4296
881,A Few Good Men,1992,12,4,40000000.0,138,en,Drama,David Brown Productions,2.6713,12.2838,7.557,4292
442249,The First Purge,2018,7,2,13000000.0,97,en,Action,Platinum Dunes,0.81,1.4008,5.996,4290
41446,Scream 4,2011,4,2,40000000.0,111,en,Horror,Dimension Films,2.0992,5.0443,6.481,4286
8810,Mad Max 2,1981,12,3,2000000.0,96,en,Action,Kennedy Miller Productions,1.648,5.2865,7.394,4283
277216,Straight Outta Compton,2015,8,1,28000000.0,147,en,Drama,Broken Chair Flickz,1.3149,2.573,7.77,4280
379686,Space Jam: A New Legacy,2021,7,3,150000000.0,115,en,Family,Warner Animation Group,1.172,2.0082,6.623,4279
340837,A Cure for Wellness,2017,2,2,40000000.0,146,en,Horror,Regency Enterprises,2.0894,2.8953,6.348,4275
225886,Sex Tape,2014,7,3,40000000.0,94,en,Comedy,Escape Artists,1.3675,5.8161,5.404,4270
48138,Unknown,2011,2,2,30000000.0,113,en,Action,Panda Productions,1.6624,8.5147,6.692,4265
3558,"Girl, Interrupted",1999,12,1,40000000.0,127,en,Drama,Red Wagon Entertainment,1.7096,5.493,7.6,4263
1213,The Talented Mr. Ripley,1999,12,5,40000000.0,140,en,Thriller,Mirage Enterprises,1.2008,13.0917,7.197,4262
460019,Truth or Dare,2018,4,3,3500000.0,101,en,Thriller,Blumhouse Productions,1.329,1.1691,5.934,4258
189,Sin City: A Dame to Kill For,2014,8,2,65000000.0,102,en,Action,Residaco,1.7726,6.0005,6.402,4253
136795,The Heat,2013,6,3,43000000.0,117,en,Action,Chernin Entertainment,2.3516,8.1384,6.593,4250
10483,Death Race,2008,8,4,45000000.0,105,en,Action,Impact Pictures,2.1593,35.8713,6.319,4247
9982,Chicken Little,2005,11,4,150000000.0,81,en,Animation,Walt Disney Pictures,2.1206,3.8669,5.918,4244
569547,Black Mirror: Bandersnatch,2018,12,4,0.0,90,en,Thriller,House of Tomorrow,0.8093,2.3325,6.761,4243
83533,Avatar: Fire and Ash,2025,12,2,350000000.0,198,en,Science Fiction,20th Century Studios,6.1702,5.7128,7.65,4243
40807,50/50,2011,9,4,8000000.0,100,en,Comedy,Mandate Pictures,1.4862,6.1524,7.197,4237
9739,Demolition Man,1993,10,4,57000000.0,115,en,Crime,Silver Pictures,1.1044,8.4378,6.766,4235
582,The Lives of Others,2006,3,3,2000000.0,137,de,Drama,Creado Film,0.81,1.1684,8.039,4235
64686,47 Ronin,2013,12,4,175000000.0,119,en,Drama,Mid Atlantic Films,0.8741,9.6407,6.211,4229
936075,Michael,2026,4,2,250000000.0,128,en,Music,Lionsgate,1.8645,2.7312,8.658,4229
14756,Ip Man,2008,12,4,11700000.0,106,cn,Drama,Mandarin Films,1.3671,4.7286,7.764,4226
529203,The Croods: A New Age,2020,11,2,65000000.0,95,en,Animation,DreamWorks Animation,1.7691,10.8655,7.439,4225
75174,The Grey,2012,1,3,25000000.0,117,en,Action,Open Road Films,1.4254,8.5147,6.577,4223
2898,As Good as It Gets,1997,12,4,50000000.0,139,en,Drama,TriStar Pictures,1.5673,4.6107,7.401,4223
882598,Smile,2022,9,4,17000000.0,115,en,Horror,Paramount Players,1.236,2.102,6.67,4221
37094,Falling Down,1993,2,4,25000000.0,113,en,Crime,Warner Bros. Pictures,1.8784,3.5081,7.399,4218
345911,Lights Out,2016,7,3,4900000.0,81,en,Horror,New Line Cinema,1.0354,3.659,6.38,4214
55779,Final Destination 5,2011,8,4,40000000.0,91,en,Horror,Parallel Zide,0.926,2.7271,6.158,4209
663,Saw IV,2007,10,3,10000000.0,93,en,Horror,Twisted Pictures,1.4169,2.5064,6.168,4209
9313,The Man in the Iron Mask,1998,3,3,35000000.0,132,en,Adventure,United Artists,1.4093,10.1668,6.657,4206
16871,Drag Me to Hell,2009,5,2,30000000.0,99,en,Horror,Universal Pictures,5.0662,1.6525,6.487,4195
10501,The Road to El Dorado,2000,3,4,95000000.0,90,en,Family,DreamWorks Pictures,1.3105,6.8627,7.304,4196
7350,The Bucket List,2007,12,1,45000000.0,97,en,Drama,Two Ton Films,2.6713,4.6107,7.186,4196
8271,Disturbia,2007,3,1,20000000.0,105,en,Thriller,The Montecito Picture Company,1.4311,4.1238,6.692,4195
9804,Waterworld,1995,7,4,175000000.0,135,en,Adventure,Gordon Company,1.3212,6.7134,6.237,4194
4148,Revolutionary Road,2008,12,4,35000000.0,119,en,Drama,DreamWorks Pictures,4.4407,10.1668,6.986,4186
2253,Valkyrie,2008,12,3,75000000.0,121,en,Drama,Bad Hat Harry Productions,1.8461,12.2838,6.96,4186
301337,Downsizing,2017,12,4,68000000.0,135,en,Drama,Ad Hominem Enterprises,3.3823,13.0917,5.416,4184
81,Warriors of the Wind,1984,3,6,1000000.0,95,ja,Adventure,Topcraft,3.7071,1.535,7.943,4178
1010581,My Fault,2023,6,3,0.0,116,es,Drama,Pokeepsie Films,1.2907,3.4939,7.728,4176
11619,Flushed Away,2006,10,6,149000000.0,85,en,Adventure,DreamWorks Animation,0.7998,8.5559,6.341,4176
426426,Roma,2018,11,2,15000000.0,135,es,Drama,Participant,4.6126,0.8669,7.6,4174
71676,Ghost Rider: Spirit of Vengeance,2011,12,5,57000000.0,96,en,Action,Columbia Pictures,1.3364,10.8655,5.023,4174
351460,Death Note,2017,8,4,40000000.0,101,en,Crime,Vertigo Entertainment,1.4775,1.8478,4.275,4172
1054867,One Battle After Another,2025,9,1,175000000.0,162,en,Thriller,Warner Bros. Pictures,7.1013,10.1668,7.336,4169
3082,Modern Times,1936,2,2,1500000.0,87,en,Comedy,Charles Chaplin Productions,2.4611,2.4611,8.283,4168
400535,Sicario: Day of the Soldado,2018,6,2,35000000.0,122,en,Action,Thunder Road,1.2611,6.01,6.944,4166
522402,Finch,2021,11,3,2500000.0,116,en,Science Fiction,Amblin Entertainment,1.295,16.1984,7.817,4164
9078,The Sword in the Stone,1963,12,2,3000000.0,79,en,Animation,Walt Disney Productions,0.7988,1.3097,7.227,4161
4234,Scream 3,2000,2,4,40000000.0,116,en,Horror,Dimension Films,2.0992,5.0443,6.009,4161
10591,The Girl Next Door,2004,4,4,21000000.0,110,en,Comedy,Epsilon Motion Pictures,0.8607,2.9825,6.752,4159
1164,Babel,2006,10,3,25000000.0,143,en,Drama,Central Films,5.0626,11.6228,7.2,4160
10661,You Don't Mess with the Zohan,2008,6,3,90000000.0,113,en,Comedy,Relativity Media,1.9846,6.7753,5.7,4158
5176,3:10 to Yuma,2007,9,3,55000000.0,122,en,Western,Lionsgate,1.7096,6.2703,7.232,4156
71,Billy Elliot,2000,9,3,5000000.0,111,en,Drama,StudioCanal,1.0916,3.8439,7.6,4155
853,Enemy at the Gates,2001,2,2,68000000.0,131,en,War,Paramount Pictures,1.1172,5.1603,7.425,4149
2280,Big,1988,6,4,18000000.0,104,en,Fantasy,American Entertainment Partners II L.P.,1.9386,16.1984,7.195,4143
646,Dr. No,1962,10,6,1000000.0,110,en,Adventure,EON Productions,1.147,3.9244,6.982,4143
950396,The Gorge,2025,2,3,70000000.0,128,en,Romance,Skydance Media,2.0657,5.1928,7.7,4140
438148,Minions: The Rise of Gru,2022,6,2,85000000.0,87,en,Animation,Universal Pictures,2.8944,5.8553,7.258,4140
72976,Lincoln,2012,11,4,65000000.0,150,en,History,DreamWorks Pictures,7.5877,4.056,6.842,4130
334,Magnolia,1999,12,4,37000000.0,189,en,Drama,New Line Cinema,7.1013,12.2838,7.724,4131
670292,The Creator,2023,9,2,80000000.0,134,en,Science Fiction,New Regency Pictures,3.617,3.0793,7.027,4128
72710,The Host,2013,3,4,44000000.0,126,en,Action,Open Road Films,1.8838,5.0279,6.293,4122
153518,The Angry Birds Movie,2016,5,2,73000000.0,97,en,Animation,Rovio Animation,0.7171,4.5307,6.292,4116
22947,Up in the Air,2009,12,4,25000000.0,110,en,Drama,Paramount Pictures,2.0397,7.6526,6.898,4115
1592,Primal Fear,1996,4,2,30000000.0,130,en,Crime,Paramount Pictures,1.3653,6.1713,7.659,4114
12163,The Wrestler,2008,12,2,6000000.0,109,en,Drama,Wild Bunch,3.1197,4.323,7.544,4108
760104,X,2022,3,3,1000000.0,106,en,Horror,A24,2.2431,7.7557,6.708,4108
752623,The Lost City,2022,3,2,74000000.0,112,en,Action,Fortis Films,0.9049,8.1384,6.443,4107
10184,He's Just Not That Into You,2009,2,4,40000000.0,129,en,Comedy,New Line Cinema,1.1302,3.0563,6.621,4107
1089,Point Break,1991,7,4,24000000.0,122,en,Action,Largo Entertainment,2.4876,9.6407,7.152,4107
5038,Vicky Cristina Barcelona,2008,8,4,15000000.0,96,en,Drama,Gravier Productions,3.9776,15.4476,6.798,4106
396371,Molly's Game,2017,12,3,30000000.0,141,en,Drama,The Mark Gordon Company,2.4763,5.4152,7.156,4101
4147,Road to Perdition,2002,7,4,80000000.0,117,en,Crime,DreamWorks Pictures,4.4407,16.1984,7.361,4098
871,Planet of the Apes,1968,2,2,5800000.0,112,en,Science Fiction,APJAC Productions,1.0107,3.5115,7.656,4090
615656,Meg 2: The Trench,2023,8,2,129000000.0,116,en,Action,Apelles Entertainment,1.609,35.8713,6.367,4088
122081,Spring Breakers,2013,3,2,5000000.0,94,en,Drama,Iconoclast,1.2776,6.6381,5.259,4079
8645,The Happening,2008,6,2,60000000.0,90,en,Thriller,20th Century Fox,2.9273,7.5299,5.409,4076
41513,The Smurfs,2011,7,4,110000000.0,103,en,Animation,Columbia Pictures,1.5095,2.9268,5.754,4073
4538,The Darjeeling Limited,2007,9,4,16000000.0,91,en,Adventure,Fox Searchlight Pictures,7.9027,6.8795,7.139,4072
270487,"Hail, Caesar!",2016,2,4,22000000.0,106,en,Comedy,Working Title Films,2.3023,7.6836,5.943,4068
296099,Vacation,2015,7,1,31000000.0,99,en,Comedy,BenderSpink,2.1757,3.4632,6.3,4062
9335,Transporter 2,2005,8,2,32000000.0,88,en,Action,EuropaCorp,2.3288,35.8713,6.333,4060
198277,Begin Again,2014,6,4,8000000.0,104,en,Comedy,Likely Story,2.1599,11.4746,7.232,4060
658,Goldfinger,1964,9,6,3000000.0,110,en,Adventure,EON Productions,0.8709,3.9244,7.36,4059
9475,Scent of a Woman,1992,12,2,31000000.0,156,en,Drama,Universal Pictures,1.1836,6.8539,7.793,4055
252,Willy Wonka & the Chocolate Factory,1971,6,1,3000000.0,100,en,Family,Wolper Pictures,0.6569,1.085,7.482,4050
257445,Goosebumps,2015,8,2,58000000.0,103,en,Adventure,Original Film,1.0407,5.162,6.3,4046
246741,What We Do in the Shadows,2014,6,3,1600000.0,86,en,Comedy,Unison Films,3.1858,3.5065,7.542,4043
1690,Hostel,2006,1,4,4800000.0,94,en,Horror,International Production Company,2.6461,3.4866,5.964,4043
300671,13 Hours: The Secret Soldiers of Benghazi,2016,1,3,50000000.0,144,en,War,Paramount Pictures,3.8592,6.0242,7.276,4042
298250,Jigsaw,2017,10,2,10000000.0,91,en,Horror,Twisted Pictures,1.342,2.5064,6.209,4039
455207,Crazy Rich Asians,2018,8,2,30000000.0,121,en,Comedy,SK Global Entertainment,1.9714,2.3245,7.042,4034
12437,Underworld: Rise of the Lycans,2009,1,3,35000000.0,92,en,Fantasy,Screen Gems,0.6327,5.0828,6.539,4034
1955,The Elephant Man,1980,10,3,5000000.0,124,en,Drama,Brooksfilms,3.4553,9.5383,8.052,4031
258480,Carol,2015,11,4,11800000.0,118,en,Romance,Killer Films,1.5338,11.01,7.485,4026
9323,Ghost in the Shell,1995,11,5,3000000.0,83,ja,Action,Bandai Visual,3.9692,2.0989,7.9,4023
19912,The Final Destination,2009,8,2,40000000.0,82,en,Horror,Parallel Zide,1.1279,1.5149,5.612,4024
2277,Bicentennial Man,1999,12,4,100000000.0,131,en,Drama,Columbia Pictures,4.9744,4.7179,7.3,4019
7445,Brothers,2009,12,2,26000000.0,105,en,Drama,Lionsgate,1.3237,9.0893,7.314,4014
819,Sleepers,1996,10,4,44000000.0,147,en,Crime,Propaganda Films,2.1417,7.1887,7.595,4014
321258,The Boy,2016,1,4,10000000.0,98,en,Horror,Lakeshore Entertainment,0.8205,6.6208,5.974,4012
1586,Secret Window,2004,3,4,40000000.0,96,en,Mystery,Grand Slam Productions,2.9353,8.6846,6.562,4011
884605,No Hard Feelings,2023,6,3,45000000.0,103,en,Comedy,Excellent Cadaver,1.2286,10.1687,6.674,4009
94329,The Raid,2012,3,3,1100000.0,101,id,Action,Celluloid Dreams,1.5249,3.0847,7.412,4009
301365,The Neon Demon,2016,6,2,7000000.0,118,en,Horror,Wild Bunch,2.4376,10.6199,6.49,4008
481848,The Call of the Wild,2020,2,2,109000000.0,100,en,Adventure,3 Arts Entertainment,2.3542,7.1495,7.508,4007
343674,Gerald's Game,2017,9,4,0.0,104,en,Horror,Intrepid Pictures,1.4289,4.4279,6.397,4006
59961,Safe House,2012,2,2,85000000.0,115,en,Action,Universal Pictures,0.8739,9.1225,6.491,4006
346672,Underworld: Blood Wars,2016,11,3,35000000.0,91,en,Fantasy,Lakeshore Entertainment,1.2206,5.9534,5.923,4003
746036,The Fall Guy,2024,4,2,125000000.0,127,en,Action,87North Productions,1.8595,13.3033,6.954,3997
646385,Scream,2022,1,2,24000000.0,114,en,Horror,Paramount Pictures,1.0595,1.9257,6.678,3996
44048,Unstoppable,2010,11,3,100000000.0,98,en,Action,20th Century Fox,2.7841,9.1225,6.624,3996
1598,Cape Fear,1991,11,2,35000000.0,128,en,Drama,Amblin Entertainment,5.8366,10.1679,7.26,3993
12244,9,2009,8,2,30000000.0,79,en,Action,Tim Burton Productions,0.6282,6.9543,6.962,3992
614934,Elvis,2022,6,2,85000000.0,159,en,Music,Warner Bros. Pictures,2.2661,4.3107,7.444,3990
576845,Last Night in Soho,2021,10,3,43000000.0,117,en,Horror,Focus Features,4.2661,2.7222,7.261,3987
11665,Get Smart,2008,6,3,80000000.0,110,en,Action,Mosaic Media Group,1.5123,5.8553,6.219,3987
419479,The Babysitter,2017,10,4,0.0,85,en,Comedy,Wonderland Sound and Vision,2.3421,1.1391,6.187,3983
1640,Crash,2005,5,4,6500000.0,112,en,Drama,Blackfriars Bridge Films,1.448,5.2701,7.215,3982
1541,Thelma & Louise,1991,5,4,16000000.0,130,en,Drama,Scott Free Productions,9.4611,4.2804,7.594,3980
617653,The Last Duel,2021,10,2,100000000.0,153,en,Drama,20th Century Studios,9.4611,13.0917,7.401,3980
239,Some Like It Hot,1959,3,3,2900000.0,123,en,Comedy,The Mirisch Company,1.7176,2.9524,8.079,3978
986056,Thunderbolts*,2025,4,2,180000000.0,127,en,Action,Marvel Studios,1.5984,13.6743,7.305,3970
16320,Serenity,2005,9,6,39000000.0,119,en,Science Fiction,Universal Pictures,2.5969,8.0084,7.359,3977
36669,Die Another Day,2002,11,6,142000000.0,133,en,Adventure,EON Productions,1.146,6.3029,5.996,3975
9481,The Bone Collector,1999,11,3,73000000.0,118,en,Crime,Universal Pictures,1.3149,9.1225,6.793,3973
664,Twister,1996,5,4,92000000.0,113,en,Action,Warner Bros. Pictures,1.1251,4.6559,6.572,3969
169,Predator 2,1990,11,2,35000000.0,108,en,Science Fiction,Davis Entertainment,1.2856,3.684,6.308,3965
73723,The Lorax,2012,3,3,70000000.0,86,en,Animation,Illumination,1.5501,4.4657,6.533,3963
9762,Step Up,2006,8,4,12000000.0,104,en,Music,Eketahuna LLC,2.4388,7.3348,6.879,3960
713704,Evil Dead Rise,2023,4,2,15000000.0,96,en,Horror,Pacific Renaissance Pictures,2.343,2.9677,6.964,3959
423204,Angel Has Fallen,2019,8,2,40000000.0,122,en,Action,Campbell Grobman Films,3.8502,7.5862,6.61,3959
256274,"As Above, So Below",2014,8,3,5000000.0,93,en,Horror,Brothers Dowdle Productions,1.4386,2.8333,6.752,3958
446021,Bad Times at the El Royale,2018,10,3,32000000.0,141,en,Thriller,20th Century Fox,2.0915,3.7819,6.842,3956
448119,Dolittle,2020,1,3,175000000.0,101,en,Family,Universal Pictures,1.5535,12.0576,6.573,3946
2164,Stargate,1994,10,4,55000000.0,121,en,Action,Le Studio Canal+,2.2711,5.421,7.034,3945
1992,Planet Terror,2007,4,4,23000000.0,105,en,Horror,Dimension Films,2.8327,4.1714,6.7,3945
9472,DodgeBall: A True Underdog Story,2004,6,4,20000000.0,92,en,Comedy,20th Century Fox,1.241,4.6876,6.4,3940
204082,Homefront,2013,11,1,22000000.0,100,en,Action,Open Road Films,1.0055,35.8713,6.949,3940
1008042,Talk to Me,2023,7,2,4500000.0,95,en,Horror,Causeway Films,1.0785,1.4631,7.139,3934
274854,The Last Witch Hunter,2015,10,2,90000000.0,106,en,Action,NeoReel,1.2968,11.0759,6.021,3931
30497,The Texas Chain Saw Massacre,1974,10,4,140000.0,83,en,Horror,Vortex,1.3222,1.1311,7.297,3929
793,Blue Velvet,1986,9,4,6000000.0,120,en,Mystery,DEG,3.4553,2.5354,7.61,3930
399170,Logan Lucky,2017,8,3,29000000.0,119,en,Comedy,Fingerprint Releasing,2.161,7.3348,6.735,3926
82520,Return,2011,2,3,0.0,97,en,Drama,Fork Films,0.7759,5.2491,6.436,3926
3176,Battle Royale,2000,12,5,4500000.0,113,ja,Drama,Toei Company,1.7579,3.3204,7.266,3926
718789,Lightyear,2022,6,2,200000000.0,105,en,Animation,Pixar,0.9415,7.4976,6.865,3925
426063,Nosferatu,2024,12,2,50000000.0,133,en,Horror,Focus Features,2.6563,3.5942,6.714,3923
97370,Under the Skin,2014,3,4,13300000.0,108,en,Thriller,Film4 Productions,1.2509,15.4476,6.134,3920
8965,Atlantis: Milo's Return,2003,2,1,0.0,80,en,Fantasy,Disney Television Animation,0.9947,1.7663,6.33,3915
521029,Annabelle Comes Home,2019,6,2,27000000.0,106,en,Horror,Atomic Monster,3.7121,8.698,6.4,3910
13649,High School Musical 2,2007,8,4,7000000.0,111,en,Comedy,First Street Films,1.1582,4.9686,6.501,3910
62215,Melancholia,2011,3,2,7400000.0,136,en,Drama,Zentropa Entertainments,2.8287,9.5508,7.15,3906
816,Austin Powers: International Man of Mystery,1997,5,4,16500000.0,89,en,Comedy,New Line Cinema,1.4027,6.6375,6.602,3904
9486,Johnny English,2003,3,4,40000000.0,87,en,Adventure,Working Title Films,1.101,4.4848,6.301,3903
80,Before Sunset,2004,6,2,2700000.0,80,en,Drama,Warner Independent Pictures,4.659,5.6532,7.8,3902
313297,Kubo and the Two Strings,2016,8,3,60000000.0,102,en,Animation,LAIKA,1.9528,1.709,7.64,3902
615777,Babylon,2022,12,3,78000000.0,189,en,Drama,Paramount Pictures,3.2554,2.1396,7.335,3898
347031,Swiss Army Man,2016,6,4,3000000.0,97,en,Comedy,BlackBird,2.2014,3.6724,6.911,3895
241,Natural Born Killers,1994,8,4,34000000.0,119,en,Crime,Warner Bros. Pictures,2.2764,5.6455,7.051,3893
11917,Saw V,2008,10,3,10800000.0,95,en,Horror,Twisted Pictures,0.9257,2.5064,6.172,3893
1246,Rocky Balboa,2006,12,2,24000000.0,102,en,Drama,Metro-Goldwyn-Mayer,8.4378,8.4378,6.885,3890
580175,Another Round,2020,9,3,5150000.0,117,da,Comedy,Zentropa Entertainments,1.0381,5.9379,7.629,3890
136799,Trolls,2016,10,3,125000000.0,92,en,Adventure,DreamWorks Animation,1.3654,4.3361,6.621,3887
696506,Mickey 17,2025,2,4,118000000.0,137,en,Science Fiction,Plan B Entertainment,5.3531,11.5404,6.833,3881
232672,Blended,2014,5,2,40000000.0,117,en,Comedy,GulfStream Pictures,0.9021,6.7753,6.897,3881
152760,The Monuments Men,2014,1,4,70000000.0,118,en,War,Columbia Pictures,7.6526,7.6526,6.061,3877
926393,The Equalizer 3,2023,8,2,70000000.0,109,en,Action,Columbia Pictures,1.8645,9.1225,7.296,3869
308531,Teenage Mutant Ninja Turtles: Out of the Shadows,2016,5,0,135000000.0,112,en,Action,5150 Action,1.506,1.147,6.063,3869
77877,The Lucky One,2012,4,3,25000000.0,101,en,Drama,Di Novi Pictures,1.2712,4.9686,7.179,3869
10200,The Day the Earth Stood Still,2008,12,2,80000000.0,104,en,Drama,Dune Entertainment III,2.0657,9.6407,5.666,3861
1078605,Weapons,2025,8,0,38000000.0,129,en,Horror,Subconscious,2.9912,3.2948,7.256,3856
400617,Phantom Thread,2017,12,0,35000000.0,130,en,Drama,Focus Features,7.1013,4.056,7.315,3854
59,A History of Violence,2005,9,4,32000000.0,96,en,Drama,New Line Cinema,2.6271,4.6962,7.168,3852
942,Lethal Weapon 2,1989,7,4,25000000.0,114,en,Action,Silver Pictures,2.0441,5.2865,7.045,3849
9390,Jerry Maguire,1996,12,4,50000000.0,139,en,Comedy,TriStar Pictures,1.263,12.2838,7.002,3849
265195,Wild Tales,2014,8,3,4000000.0,122,es,Drama,El Deseo,0.7194,1.6357,7.867,3847
587792,Palm Springs,2020,7,4,5000000.0,90,en,Comedy,Limelight,1.6752,5.8306,7.338,3845
172385,Rio 2,2014,3,2,103000000.0,101,en,Animation,Blue Sky Studios,1.3262,6.3683,6.514,3843
371638,The Disaster Artist,2017,3,6,10000000.0,104,en,Comedy,New Line Cinema,6.6381,4.6258,7.093,3831
20943,The Ugly Truth,2009,7,4,38000000.0,96,en,Comedy,Lakeshore Entertainment,1.0672,4.049,6.509,3832
2899,Asterix & Obelix: Mission Cleopatra,2002,1,2,58500000.0,108,fr,Family,Pathé,1.4113,2.8931,7.365,3831
5174,Rush Hour 3,2007,8,2,140000000.0,90,en,Action,New Line Cinema,1.6681,11.7072,6.501,3828
44943,Battle: Los Angeles,2011,3,1,70000000.0,116,en,Science Fiction,Columbia Pictures,0.7487,4.807,5.826,3826
2252,Eastern Promises,2007,9,4,51500000.0,100,en,Thriller,Focus Features,2.6271,4.6962,7.348,3821
582014,Promising Young Woman,2020,12,6,10000000.0,114,en,Thriller,LuckyChap Entertainment,1.8271,3.9005,7.375,3814
2288,Closer,2004,12,4,27000000.0,104,en,Drama,Columbia Pictures,1.0907,5.1603,6.829,3806
68,Brazil,1985,2,2,15000000.0,143,en,Comedy,Embassy International Pictures,3.9146,5.2519,7.7,3806
340102,The New Mutants,2020,4,3,67000000.0,94,en,Science Fiction,20th Century Studios,1.1375,2.0611,6.053,3803
866,Finding Neverland,2004,10,4,25000000.0,106,en,Drama,Miramax,2.1586,8.6846,7.319,3797
11621,Porco Rosso,1992,7,5,9200000.0,93,ja,Animation,Studio Ghibli,3.7071,1.0194,7.794,3796
193610,The Other Woman,2014,4,2,40000000.0,109,en,Comedy,LBI Productions,1.5961,5.8161,6.422,3794
1062722,Frankenstein,2025,10,4,120000000.0,150,en,Drama,Double Dare You,6.0982,8.7254,7.619,3790
514847,The Hunt,2020,3,2,14000000.0,90,en,Action,Blumhouse Productions,0.7877,3.6671,6.649,3788
10054,Spy Kids,2001,3,6,35000000.0,88,en,Family,Troublemaker Studios,2.8327,3.0809,5.817,3788
617126,The Fantastic 4: First Steps,2025,7,2,200000000.0,115,en,Science Fiction,Marvel Studios,1.6666,14.2009,6.951,3786
914,The Great Dictator,1940,10,1,2000000.0,125,en,Comedy,Charles Chaplin Productions,2.4611,2.4611,8.285,3787
23169,Remember Me,2010,3,3,16000000.0,113,en,Drama,Summit Entertainment,1.1817,11.5404,7.097,3785
456740,Hellboy,2019,4,2,50000000.0,121,en,Fantasy,Campbell Grobman Films,1.2836,6.5806,5.573,3784
37247,The Graduate,1967,12,3,3000000.0,107,en,Drama,AVCO Embassy Pictures,1.0907,1.9582,7.634,3778
9870,Forgetting Sarah Marshall,2008,4,3,30000000.0,111,en,Comedy,Universal Pictures,1.3282,2.9365,6.505,3776
817,Austin Powers: The Spy Who Shagged Me,1999,6,1,33000000.0,95,en,Comedy,New Line Cinema,1.4027,6.6375,6.322,3773
406759,Moonfall,2022,2,2,146000000.0,131,en,Science Fiction,Centropolis Entertainment,2.2711,5.4385,6.287,3771
77950,Turbo,2013,7,3,135000000.0,96,en,Animation,DreamWorks Animation,1.0298,8.4533,6.3,3771
9291,The Longest Yard,2005,5,4,90000000.0,113,en,Drama,Callahan Filmworks,1.5123,6.7753,6.678,3770
417678,"Everything, Everything",2017,5,3,10000000.0,96,en,Drama,Alloy Entertainment,0.6841,2.7774,7.239,3768
13387,Transporter 3,2008,11,2,30000000.0,104,en,Action,Grive Productions,0.9362,35.8713,6.17,3762
7512,Idiocracy,2006,9,4,30000000.0,85,en,Comedy,20th Century Fox,2.6087,2.2657,6.384,3762
594767,Shazam! Fury of the Gods,2023,3,2,110000000.0,130,en,Comedy,The Safran Company,1.0354,3.371,6.4,3759
50456,Hanna,2011,4,3,30000000.0,111,en,Action,Holleran Company,1.6914,5.0279,6.584,3758
57212,War Horse,2011,12,6,66000000.0,146,en,War,DreamWorks Pictures,7.5877,2.064,7.302,3754
499932,The Devil All the Time,2020,9,4,0.0,138,en,Crime,Nine Stories Productions,1.1601,22.972,7.17,3752
65086,The Woman in Black,2012,2,4,32000000.0,95,en,Drama,Hammer Film Productions,1.3594,6.063,6.144,3749
600354,The Father,2020,12,2,6000000.0,97,en,Drama,Les Films du Cru,2.0078,9.5383,8.092,3747
1620,Hitman,2007,11,2,24000000.0,89,en,Action,EuropaCorp,1.2302,6.7759,6.17,3747
77016,End of Watch,2012,9,3,7000000.0,109,en,Crime,5150 Action,1.5009,11.2983,7.359,3746
50348,The Lincoln Lawyer,2011,3,3,40000000.0,119,en,Crime,Sidney Kimmel Entertainment,0.7113,8.6775,7.208,3746
1621,Trading Places,1983,6,1,15000000.0,116,en,Comedy,Cinema Group Ventures,2.1994,4.1648,7.23,3746
212778,Chef,2014,5,3,11000000.0,114,en,Comedy,Altus Media,4.6586,4.6586,7.111,3743
258216,Nymphomaniac: Vol. I,2013,12,2,2350000.0,118,en,Drama,Zentropa Entertainments,2.8287,3.8376,6.85,3741
278924,Mechanic: Resurrection,2016,8,3,40000000.0,99,en,Action,Davis Films,1.3946,35.8713,6.068,3740
280092,Insidious: Chapter 3,2015,5,3,10000000.0,97,en,Horror,Blumhouse Productions,1.7641,2.339,6.297,3739
937278,A Man Called Otto,2022,12,2,50000000.0,126,en,Comedy,Playtone,2.1586,16.1984,7.747,3736
462,Erin Brockovich,2000,3,4,52000000.0,131,en,Drama,Jersey Films,2.161,5.8435,7.427,3730
9489,You've Got Mail,1998,12,4,65000000.0,119,en,Comedy,Warner Bros. Pictures,1.3924,2.9116,6.709,3729
1669,The Hunt for Red October,1990,3,4,30000000.0,135,en,Action,Paramount Pictures,1.8349,3.9244,7.384,3727
512196,Happy Death Day 2U,2019,2,2,9000000.0,100,en,Comedy,Digital Riot Media,1.5247,1.9167,6.319,3721
4257,Scary Movie 4,2006,4,2,40000000.0,83,en,Comedy,Dimension Films,3.7109,5.0612,5.495,3715
160588,Blue Jasmine,2013,8,3,18000000.0,99,en,Drama,Gravier Productions,3.9776,11.01,7.0,3714
15121,The Sound of Music,1965,3,0,8200000.0,174,en,Drama,Robert Wise Productions,1.5133,3.3922,7.73,3712
11674,101 Dalmatians,1996,11,2,54000000.0,103,en,Family,Great Oaks Entertainment,1.0267,5.1587,5.945,3708
1234821,Jurassic World Rebirth,2025,6,0,180000000.0,134,en,Science Fiction,Universal Pictures,3.617,15.4476,6.26,3704
267935,The BFG,2016,6,2,140000000.0,117,en,Adventure,Walt Disney Pictures,7.5877,3.1984,6.287,3700
27582,The Mechanic,2011,1,3,40000000.0,93,en,Action,CBS Films,1.8366,35.8713,6.546,3693
6795,Zathura: A Space Adventure,2005,11,6,65000000.0,101,en,Science Fiction,Teitler Film,4.6586,5.7558,6.452,3689
62214,Frankenweenie,2012,10,3,39000000.0,87,en,Animation,Tim Burton Productions,4.818,7.6455,7.006,3688
1443,The Virgin Suicides,2000,4,4,6000000.0,97,en,Drama,American Zoetrope,3.3007,9.5508,7.137,3686
314,Catwoman,2004,7,3,100000000.0,104,en,Action,Village Roadshow Pictures,0.0,5.4385,4.636,3685
7735,The Wave,2008,3,3,7500000.0,107,de,Drama,Rat Pack Filmproduktion,1.3946,1.3926,7.487,3679
429197,Vice,2018,12,1,60000000.0,132,en,Drama,Annapurna Pictures,1.8702,6.5506,7.012,3677
8367,Robin Hood: Prince of Thieves,1991,6,4,48000000.0,143,en,Action,Morgan Creek Entertainment,1.3212,6.7134,6.853,3676
9362,Tremors,1990,1,4,11000000.0,96,en,Comedy,No Frills Film,1.3704,7.1887,6.942,3673
8487,Wild Wild West,1999,6,2,170000000.0,106,en,Action,Warner Bros. Pictures,2.0671,8.6553,5.317,3672
146,"Crouching Tiger, Hidden Dragon",2000,7,3,17000000.0,120,zh,Adventure,Sony Pictures Classics,4.5145,4.2275,7.438,3672
4995,Boogie Nights,1997,10,1,15000000.0,156,en,Drama,New Line Cinema,7.1013,7.5299,7.638,3670
796,Cruel Intentions,1999,3,4,10500000.0,97,en,Drama,Newmarket Capital Group,1.1539,5.3579,6.823,3667
59962,This Means War,2012,2,1,65000000.0,98,en,Action,Dune Entertainment,2.3421,4.775,6.175,3665
384521,The Cloverfield Paradox,2018,2,6,45000000.0,102,en,Horror,Paramount Pictures,0.914,3.491,5.64,3663
261023,Black Mass,2015,9,3,53000000.0,123,en,Drama,Vendian Entertainment,1.3486,8.6846,6.524,3661
1011985,Kung Fu Panda 4,2024,3,5,80000000.0,94,en,Action,DreamWorks Animation,1.3654,10.5948,7.002,3659
58233,Johnny English Reborn,2011,9,3,45000000.0,101,en,Crime,Working Title Films,1.4099,4.4848,6.249,3658
87093,Big Eyes,2014,12,2,10000000.0,106,en,Drama,The Weinstein Company,4.818,8.4967,6.967,3656
504949,The King,2019,10,4,0.0,140,en,Drama,Plan B Entertainment,1.0579,7.9798,7.156,3646
766,Army of Darkness,1992,10,5,11000000.0,81,en,Fantasy,Renaissance Pictures,5.0662,3.3004,7.255,3646
458576,Monster Hunter,2020,12,3,60000000.0,103,en,Action,Capcom,2.1593,6.9434,6.512,3644
572802,Aquaman and the Lost Kingdom,2023,12,2,205000000.0,124,en,Action,Warner Bros. Pictures,4.6549,9.2917,6.506,3642
23631,Machete,2010,9,2,10500000.0,105,en,Action,Overnight Films,2.8327,3.9115,6.334,3641
11887,High School Musical 3: Senior Year,2008,10,5,11000000.0,112,en,Comedy,Walt Disney Pictures,1.1582,4.9686,6.539,3640
695721,The Hunger Games: The Ballad of Songbirds & Snakes,2023,11,2,100000000.0,157,en,Science Fiction,Lionsgate,1.8883,2.9876,6.961,3638
8619,Master and Commander: The Far Side of the World,2003,11,4,150000000.0,138,en,Adventure,20th Century Fox,2.3737,6.2703,7.201,3634
9032,Big Daddy,1999,6,4,34200000.0,93,en,Comedy,Columbia Pictures,1.9846,6.7753,6.487,3630
258230,A Monster Calls,2016,10,4,43000000.0,108,en,Fantasy,River Road Entertainment,1.057,1.1897,7.309,3629
765,Evil Dead II,1987,3,4,3500000.0,84,en,Horror,Rosebud Releasing Corporation,5.0662,3.3004,7.53,3629
458423,Mamma Mia! Here We Go Again,2018,7,2,75000000.0,114,en,Comedy,Littlestar,1.3132,10.3817,7.1,3627
295964,Burnt,2015,10,4,20000000.0,100,en,Drama,3 Arts Entertainment,2.2729,10.5498,6.525,3627
72331,Abraham Lincoln: Vampire Hunter,2012,6,2,69000000.0,105,en,Action,Bazelevs,1.236,1.805,5.771,3626
1103,Escape from New York,1981,5,5,6000000.0,99,en,Action,AVCO Embassy Pictures,2.3727,8.3238,7.047,3625
399361,Triple Frontier,2019,3,2,115000000.0,125,en,Action,Atlas Entertainment,1.1718,6.648,6.333,3623
449563,Isn't It Romantic,2019,2,2,31000000.0,88,en,Comedy,New Line Cinema,0.6134,2.7723,6.2,3621
401104,To the Bone,2017,1,6,0.0,107,en,Drama,Sparkhouse Media,0.8304,4.6718,7.202,3619
12222,Horton Hears a Who!,2008,3,0,85000000.0,86,en,Animation,Blue Sky Studios,0.8403,8.8079,6.524,3612
609681,The Marvels,2023,11,2,274800000.0,105,en,Science Fiction,Marvel Studios,2.4829,5.4285,5.915,3605
8337,They Live,1988,11,4,4000000.0,93,en,Science Fiction,Alive Films,2.3727,1.6054,7.307,3606
3594,The Number 23,2007,2,4,30000000.0,97,en,Thriller,Firm Films,1.8784,8.8079,6.406,3605
74643,The Artist,2011,10,2,15000000.0,100,fr,Drama,uFilm,1.2097,4.2862,7.435,3601
906126,Society of the Snow,2023,12,4,65500000.0,143,es,Drama,El Arriero Films,1.057,0.9883,7.968,3597
46705,Blue Valentine,2010,12,6,1000000.0,112,en,Drama,Cottage Industries,0.8243,13.3033,6.972,3598
443791,Underwater,2020,1,2,50000000.0,95,en,Horror,Chernin Entertainment,1.0549,5.9963,6.3,3592
1966,Alexander,2004,11,6,155000000.0,176,en,War,Intermedia Films,2.2764,8.8777,5.96,3592
22804,Saw VI,2009,10,3,11000000.0,90,en,Horror,Twisted Pictures,1.0268,2.5064,6.294,3591
872,Singin' in the Rain,1952,4,3,2540800.0,103,en,Comedy,Metro-Goldwyn-Mayer,1.7289,1.7289,8.1,3591
457799,"Extremely Wicked, Shockingly Evil and Vile",2019,5,3,0.0,111,en,Drama,Ninjas Runnin' Wild Productions,1.5182,4.9686,6.998,3586
381289,A Dog's Purpose,2017,1,3,22000000.0,100,en,Adventure,Amblin Entertainment,1.478,3.7431,7.64,3584
1226863,The Super Mario Galaxy Movie,2026,4,2,110000000.0,98,en,Family,Illumination,0.9577,7.1108,8.243,3583
277685,Unfriended,2014,6,2,1000000.0,83,en,Horror,Blumhouse Productions,0.7567,3.317,5.553,3583
1242898,Predator: Badlands,2025,11,2,105000000.0,107,en,Action,20th Century Studios,1.1317,10.6199,7.829,3579
397837,Before I Fall,2017,3,3,5000000.0,98,en,Drama,Jon Shestack Productions,0.5277,5.1068,6.969,3579
10948,The Fox and the Hound,1981,7,4,12000000.0,82,en,Adventure,Walt Disney Productions,0.6988,1.8926,7.174,3574
173897,Resident Evil: The Final Chapter,2016,12,4,40000000.0,107,en,Action,Screen Gems,2.1593,6.9434,6.102,3573
419478,Midnight Sun,2018,3,3,2800000.0,92,en,Romance,Boies/Schiller Film Group,0.546,4.1347,7.803,3572
328425,The Gift,2015,7,4,5000000.0,108,en,Thriller,Blumhouse Productions,3.7842,3.7842,6.702,3569
263472,Knock Knock,2015,6,4,2500000.0,99,en,Horror,Sobras International Pictures,2.6461,9.6407,5.385,3570
1370,Rambo III,1988,5,1,63000000.0,102,en,Action,Carolco Pictures,1.1079,8.4378,6.209,3568
220289,Coherence,2014,4,6,50000.0,89,en,Thriller,Bellanova Films,1.1881,1.5613,7.205,3565
2756,The Abyss,1989,8,2,43000000.0,140,en,Adventure,20th Century Fox,6.1702,7.6008,7.356,3566
974576,Conclave,2024,10,4,20000000.0,120,en,Drama,FilmNation Entertainment,4.7118,5.8452,7.19,3565
109431,Identity Thief,2013,2,3,35000000.0,111,en,Comedy,Stuber Pictures,1.547,5.2974,5.849,3565
392,Chocolat,2000,12,4,25000000.0,121,en,Comedy,Miramax,1.478,3.6405,6.971,3563
899082,Harry Potter 20th Anniversary: Return to Hogwarts,2022,1,5,0.0,103,en,Documentary,Pulse Films,0.7231,6.063,7.308,3561
531309,Brightburn,2019,5,3,6000000.0,91,en,Horror,Troll Court Entertainment,0.8115,1.0491,6.149,3560
109451,Cloudy with a Chance of Meatballs 2,2013,9,3,78000000.0,95,en,Animation,Columbia Pictures,0.7025,3.6639,6.455,3558
6075,Carlito's Way,1993,11,2,30000000.0,144,en,Crime,Universal Pictures,2.294,6.8539,7.826,3556
947,Lawrence of Arabia,1962,12,1,15000000.0,228,en,Adventure,Horizon Pictures,1.2795,2.4257,7.998,3552
140823,Saving Mr. Banks,2013,11,4,35000000.0,126,en,Comedy,Hopscotch Features,1.2485,4.5475,7.334,3551
1375,Rocky V,1990,11,4,42000000.0,104,en,Drama,United Artists,2.0576,8.4378,5.773,3550
433808,The Ritual,2017,10,2,1000000.0,94,en,Horror,Entertainment One,1.1082,3.4535,6.302,3548
980489,Gran Turismo,2023,8,2,60000000.0,135,en,Adventure,PlayStation Productions,1.5102,1.5505,7.696,3548
40805,The Green Hornet,2011,1,2,120000000.0,119,en,Action,Original Film,1.3942,5.2535,5.595,3546
262391,Serial (Bad) Weddings,2014,4,2,13000000.0,94,fr,Comedy,UGC,0.777,1.7328,6.659,3543
9506,Anger Management,2003,4,4,75000000.0,106,en,Comedy,Columbia Pictures,1.5123,6.7753,6.159,3539
762441,A Quiet Place: Day One,2024,6,2,67000000.0,100,en,Horror,Paramount Pictures,1.1347,4.8219,6.639,3535
244267,I Origins,2014,7,4,1000000.0,106,en,Science Fiction,Bersin Pictures,0.9629,2.2816,7.566,3534
714,Tomorrow Never Dies,1997,12,3,110000000.0,119,en,Adventure,EON Productions,1.2445,6.3029,6.387,3534
6023,P.S. I Love You,2007,11,3,30000000.0,126,en,Drama,Wendy Finerman Productions,1.4011,3.786,7.174,3533
455980,Tag,2018,5,2,28000000.0,101,en,Comedy,Broken Road Productions,0.912,3.4632,6.708,3530
957,Spaceballs,1987,6,2,22700000.0,96,en,Comedy,Metro-Goldwyn-Mayer,3.0056,3.3578,6.887,3526
19959,Surrogates,2009,9,3,80000000.0,89,en,Science Fiction,Wintergreen Productions,1.4001,8.5919,6.158,3524
9361,The Last of the Mohicans,1992,8,2,40000000.0,112,en,History,Morgan Creek Entertainment,4.0774,4.056,7.381,3524
841,Dune,1984,12,4,40000000.0,136,en,Action,The De Laurentiis Company,3.4553,3.93,6.195,3522
818,Austin Powers in Goldmember,2002,7,4,63000000.0,94,en,Comedy,Eric's Boy,1.4027,6.6375,6.022,3515
400650,Mary Poppins Returns,2018,12,3,130000000.0,131,en,Fantasy,Walt Disney Pictures,1.2052,11.5143,6.51,3514
39451,Little Fockers,2010,12,1,100000000.0,98,en,Comedy,Universal Pictures,1.4479,10.1679,5.663,3513
2486,Eragon,2006,12,3,100000000.0,104,en,Fantasy,Fox 2000 Pictures,0.9501,2.6216,5.138,3510
2005,Sister Act,1992,5,3,31000000.0,100,en,Music,Touchstone Pictures,1.1584,4.2054,6.834,3511
644495,House of Gucci,2021,11,2,75000000.0,158,en,Drama,Metro-Goldwyn-Mayer,9.4611,2.9993,6.56,3509
674324,The Banshees of Inisherin,2022,10,3,20000000.0,114,en,Drama,Searchlight Pictures,4.8133,8.8777,7.465,3503
10312,Patch Adams,1998,12,4,50000000.0,115,en,Comedy,Universal Pictures,1.0346,4.7179,7.31,3503
1542,Office Space,1999,2,4,10000000.0,90,en,Comedy,20th Century Fox,2.6087,3.016,7.381,3501
274167,Daddy's Home,2015,12,4,50000000.0,96,en,Comedy,Paramount Pictures,1.0087,7.1692,6.292,3500
353616,Pitch Perfect 3,2017,12,2,45000000.0,93,en,Music,Gold Circle Films,0.795,4.3361,6.504,3497
76025,Shame,2011,10,6,6500000.0,102,en,Drama,HanWay Films,1.4803,5.7677,6.933,3494
157433,Pet Sematary,2019,4,3,21000000.0,101,en,Horror,di Bonaventura Pictures,1.0317,3.0296,5.738,3492
449443,Den of Thieves,2018,1,3,30000000.0,140,en,Crime,Atmosphere Entertainment MM,0.895,7.5862,6.873,3491
100042,Dumb and Dumber To,2014,11,2,40000000.0,110,en,Comedy,New Line Cinema,2.0961,8.8079,5.561,3491
6557,27 Dresses,2008,1,3,30000000.0,111,en,Comedy,Fox 2000 Pictures,2.4388,4.049,6.452,3491
12133,Step Brothers,2008,7,4,65000000.0,98,en,Comedy,Columbia Pictures,1.8702,7.1692,6.558,3486
968,Dog Day Afternoon,1975,9,6,1800000.0,125,en,Crime,Artists Entertainment Complex,3.2191,6.8539,7.853,3483
9476,A Knight's Tale,2001,5,4,65000000.0,133,en,Adventure,Columbia Pictures,1.3994,5.3834,6.888,3481
15969,The Return of Jafar,1994,12,3,3500000.0,69,en,Family,Disney Television Animation,0.9055,1.3025,6.232,3480
18487,The Taking of Pelham 1 2 3,2009,6,2,100000000.0,106,en,Crime,Escape Artists,2.7841,9.1225,6.364,3477
501929,The Mitchells vs. the Machines,2021,4,3,75000000.0,110,en,Animation,Lord Miller,1.0689,1.2981,7.83,3475
462919,Sierra Burgess Is a Loser,2018,9,4,0.0,105,en,Comedy,Black Label Media,0.6849,0.9998,6.282,3475
6978,Big Trouble in Little China,1986,5,4,25000000.0,100,en,Action,Taft Entertainment Pictures,2.3727,8.3238,7.211,3475
597208,Nightmare Alley,2021,12,3,60000000.0,151,en,Crime,Searchlight Pictures,6.0982,10.5498,6.941,3473
470,21 Grams,2003,11,1,20000000.0,124,en,Drama,This is that,5.0626,5.5397,7.319,3473
393519,Raw,2017,3,4,3500000.0,99,fr,Horror,Wild Bunch,1.5772,1.1228,7.024,3471
3034,Young Frankenstein,1974,12,6,2800000.0,106,en,Comedy,Crossbow Productions,3.0056,1.8046,7.855,3468
11130,The Princess Diaries 2: Royal Engagement,2004,8,4,40000000.0,113,en,Comedy,BrownHouse Productions,2.2996,26.9693,6.717,3459
8055,The Reader,2008,12,2,32000000.0,124,en,Drama,The Weinstein Company,1.0916,5.8452,7.461,3459
149870,The Wind Rises,2013,7,5,30000000.0,126,ja,Animation,Studio Ghibli,3.7071,3.1474,7.786,3457
581734,Nomadland,2021,1,4,5000000.0,108,en,Drama,Cor Cordium Productions,2.9604,3.5958,7.159,3456
511987,Crawl,2019,7,2,13500000.0,87,en,Horror,Raimi Productions,0.9276,6.4274,6.333,3455
913290,Barbarian,2022,9,3,4500000.0,103,en,Horror,BoulderLight Pictures,2.9912,2.2515,6.875,3453
10585,Child's Play,1988,11,2,9000000.0,87,en,Horror,United Artists,1.7208,1.062,6.764,3453
9792,The Hills Have Eyes,2006,3,4,15000000.0,107,en,Horror,Fox Searchlight Pictures,0.9276,1.8037,6.485,3450
573435,Bad Boys: Ride or Die,2024,6,2,100000000.0,116,en,Action,Westbrook,1.1654,8.6553,7.313,3448
1904,Memoirs of a Geisha,2005,12,1,85000000.0,146,en,Drama,Columbia Pictures,1.2052,5.0677,7.636,3444
285783,The Walk,2015,9,2,35000000.0,123,en,History,TriStar Pictures,3.5231,6.1524,6.989,3445
76649,Pompeii,2014,2,1,100000000.0,105,en,Action,Constantin Film,2.1593,3.2268,5.546,3445
657,From Russia with Love,1963,10,3,2000000.0,115,en,Action,EON Productions,1.147,3.9244,7.062,3445
9334,The Scorpion King,2002,4,3,60000000.0,92,en,Action,Universal Pictures,1.8666,7.3971,5.586,3444
8413,Event Horizon,1997,8,4,60000000.0,96,en,Horror,Impact Pictures,2.1593,5.3697,6.593,3444
555604,Guillermo del Toro's Pinocchio,2022,11,2,35000000.0,117,en,Animation,The Jim Henson Company,0.7318,7.3177,7.998,3442
9614,Happy Gilmore,1996,2,4,12000000.0,92,en,Comedy,Universal Pictures,1.9846,6.7753,6.678,3441
4488,Friday the 13th,1980,5,4,550000.0,95,en,Horror,Sean S. Cunningham Films,0.9844,1.2988,6.402,3439
622,The Ninth Gate,1999,8,2,38000000.0,133,en,Mystery,R.P. Productions,2.6007,8.6846,6.494,3438
915935,Anatomy of a Fall,2023,8,2,6600000.0,151,fr,Thriller,Les Films de Pierre,1.7913,4.18,7.513,3438
46738,Incendies,2010,9,4,6800000.0,131,fr,Drama,TS Productions,5.9894,1.9309,8.102,3438
10066,House of Wax,2005,5,3,40000000.0,113,en,Horror,Village Roadshow Pictures,1.6624,4.9324,6.0,3437
490,The Seventh Seal,1957,2,5,150000.0,96,sv,Fantasy,SF Studios,2.1084,0.5789,8.142,3438
516486,Greyhound,2020,7,3,50300000.0,92,en,War,Playtone,1.5731,16.1984,7.416,3433
939243,Sonic the Hedgehog 3,2024,12,3,122000000.0,110,en,Action,Paramount Pictures,1.0341,2.0382,7.601,3431
556984,The Trial of the Chicago 7,2020,9,4,35000000.0,130,en,Drama,DreamWorks Pictures,2.4763,5.4298,7.655,3431
8656,Deep Impact,1998,5,4,75000000.0,122,en,Action,Paramount Pictures,1.2679,5.1468,6.24,3431
11247,A Cinderella Story,2004,7,4,19000000.0,95,en,Comedy,Dylan Sellers Productions,0.914,3.2857,6.594,3430
609,Poltergeist,1982,6,4,10700000.0,114,en,Horror,Metro-Goldwyn-Mayer,1.3222,2.2033,7.2,3426
180863,T2 Trainspotting,2017,1,4,18000000.0,117,en,Drama,Creative Scotland,2.1713,7.3177,6.934,3426
440,Aliens vs Predator: Requiem,2007,12,1,40000000.0,94,en,Action,Dune Entertainment,0.7176,1.0274,5.16,3418
9354,"Honey, I Shrunk the Kids",1989,6,4,18000000.0,93,en,Adventure,Walt Disney Pictures,2.3245,2.7071,6.333,3417
35690,The Last Song,2010,3,2,20000000.0,107,en,Drama,Touchstone Pictures,2.1849,4.6474,7.2,3414
12113,Body of Lies,2008,10,3,70000000.0,128,en,Action,De Line Pictures,9.4611,10.1668,6.628,3410
979,Irreversible,2002,5,2,3500000.0,97,fr,Drama,Wild Bunch,1.9558,7.0469,7.171,3409
1064213,Anora,2024,10,0,6000000.0,139,en,Drama,Cre Film,7.3284,3.9023,7.079,3405
412117,The Secret Life of Pets 2,2019,5,4,80000000.0,86,en,Animation,Universal Pictures,1.5501,3.4906,6.948,3406
447277,The Little Mermaid,2023,5,3,297000000.0,135,en,Adventure,Walt Disney Pictures,1.2052,1.8668,6.253,3402
8741,The Thin Red Line,1998,12,2,52000000.0,171,en,Drama,Fox 2000 Pictures,1.7457,5.4544,7.442,3403
8967,The Tree of Life,2011,5,1,32000000.0,139,en,Drama,River Road Entertainment,1.7457,11.6228,6.723,3401
82633,Lawless,2012,8,2,26000000.0,115,en,Crime,Benaroya Pictures,1.0807,4.1238,7.069,3401
9772,Air Force One,1997,7,4,85000000.0,124,en,Action,Radiant Productions,1.5927,7.1495,6.465,3400
68722,The Master,2012,9,4,32000000.0,137,en,Drama,Annapurna Pictures,7.1013,5.8049,7.095,3395
13809,RocknRolla,2008,9,3,18000000.0,114,en,Action,StudioCanal,5.5444,7.5862,6.95,3396
43949,Flipped,2010,8,4,14000000.0,89,en,Romance,Reiner / Greisman Productions,2.6713,2.0583,8.015,3395
8922,Jeepers Creepers,2001,7,6,10000000.0,90,en,Horror,American Zoetrope,1.4918,1.6561,6.486,3395
259694,How to Be Single,2016,2,0,38000000.0,110,en,Comedy,New Line Cinema,0.6695,5.7059,6.256,3391
726209,Leave the World Behind,2023,11,2,0.0,140,en,Drama,Esmail Corp,1.7838,5.8435,6.376,3390
2758,Addams Family Values,1993,11,4,47000000.0,94,en,Comedy,Scott Rudin Productions,2.0671,2.5114,6.98,3389
68730,Silence,2016,12,4,46000000.0,161,en,Drama,Waypoint Entertainment,5.8366,10.3499,7.1,3388
192,The Name of the Rose,1986,9,2,18000000.0,130,en,Drama,Cristaldifilm,1.1172,3.9244,7.496,3384
756,Fantasia,1940,11,2,2280000.0,124,en,Animation,Walt Disney Productions,0.6751,0.703,7.351,3383
109421,Side Effects,2013,2,3,30000000.0,106,en,Thriller,di Bonaventura Pictures,2.161,6.21,6.616,3379
1368337,The Odyssey,2026,7,2,250000000.0,173,en,Adventure,Universal Pictures,11.7366,13.0917,7.987,3378
378236,The Emoji Movie,2017,7,6,50000.0,86,en,Animation,Columbia Pictures,0.9005,2.9043,5.368,3377
818647,Through My Window,2022,2,4,0.0,112,es,Romance,Nostromo Pictures,0.4798,2.3721,7.348,3376
41439,Saw 3D,2010,10,4,17000000.0,90,en,Horror,Twisted Pictures,1.0268,2.5064,5.974,3376
7214,Coach Carter,2005,1,4,30000000.0,136,en,Drama,Paramount Pictures,0.9814,9.4487,7.586,3376
9029,What Happens in Vegas,2008,5,2,35000000.0,99,en,Comedy,Penn Station Entertainment,0.7098,5.8161,6.1,3373
228205,The Longest Ride,2015,4,3,34000000.0,128,en,Drama,Fox 2000 Pictures,0.9756,3.4397,7.636,3368
1738,Next,2007,4,2,70000000.0,96,en,Action,Virtual Studios,1.146,10.8655,6.138,3368
10439,Hocus Pocus,1993,7,4,28000000.0,96,en,Fantasy,Walt Disney Pictures,1.1582,1.1893,7.03,3366
940721,Godzilla Minus One,2023,11,4,15000000.0,125,ja,Science Fiction,TOHO,1.645,2.6238,7.594,3365
635744,Jarhead: Law of Return,2019,10,1,0.0,103,en,War,Universal 1440 Entertainment,1.4628,2.7964,6.527,3364
1084242,Zootopia 2,2025,11,2,150000000.0,108,en,Animation,Walt Disney Animation Studios,1.6194,3.0563,7.674,3362
3597,I Know What You Did Last Summer,1997,10,4,17000000.0,102,en,Horror,Mandalay Entertainment,1.1201,4.3131,5.997,3362
3050,Doctor Dolittle,1998,6,4,71000000.0,85,en,Comedy,20th Century Fox,1.066,5.528,5.726,3361
238615,Self/less,2015,7,4,26000000.0,117,en,Science Fiction,Ram Bergman Productions,1.5048,8.4533,6.425,3360
9655,She's the Man,2006,3,4,20000000.0,105,en,Comedy,Lakeshore Entertainment,0.9626,3.1095,6.802,3358
9471,Charlie's Angels: Full Throttle,2003,6,2,120000000.0,106,en,Action,Wonderland Sound and Vision,2.3421,5.8161,5.484,3357
843,In the Mood for Love,2000,9,4,3000000.0,99,cn,Drama,Block 2 Pictures,2.7395,3.7634,8.1,3356
9714,Home Alone 3,1997,12,4,32000000.0,102,en,Comedy,20th Century Fox,1.5095,2.1766,5.283,3355
975,Paths of Glory,1957,10,4,935000.0,88,en,War,Bryna Productions,4.1712,2.7733,8.251,3355
179144,The Great Beauty,2013,5,1,9200000.0,142,it,Drama,France 2 Cinéma,1.2746,1.5902,7.506,3354
249070,Hitman: Agent 47,2015,8,3,35000000.0,96,en,Action,Daybreak Productions,0.3839,5.047,5.909,3353
36643,The World Is Not Enough,1999,11,2,135000000.0,128,en,Adventure,EON Productions,1.6103,6.3029,6.288,3352
9355,Mad Max Beyond Thunderdome,1985,6,5,10000000.0,107,en,Action,Kennedy Miller Productions,1.648,5.2865,6.224,3353
822119,Captain America: Brave New World,2025,2,2,180000000.0,119,en,Action,Marvel Studios,0.914,8.3203,5.952,3350
49730,Red Riding Hood,2011,3,3,42000000.0,100,en,Thriller,Appian Way,2.0134,10.3817,5.975,3348
543540,The Perfect Date,2019,4,4,0.0,90,en,Romance,Awesomeness Films,0.4444,3.207,6.427,3346
943,Lethal Weapon 3,1992,5,4,35000000.0,118,en,Action,Silver Pictures,2.0441,5.2865,6.727,3345
13310,Let the Right One In,2008,10,4,4000000.0,115,sv,Horror,EFTI,1.2162,0.7366,7.546,3344
519182,Despicable Me 4,2024,6,3,100000000.0,94,en,Animation,Universal Pictures,1.5501,5.8553,6.97,3341
119283,Parker,2013,1,2,35000000.0,118,en,Action,Incentive Filmed Entertainment,1.394,35.8713,6.099,3340
284293,Still Alice,2014,12,4,5000000.0,101,en,Drama,Shriver Films,0.6965,8.1176,7.465,3332
619,The Bodyguard,1992,11,2,25000000.0,129,en,Action,Kasdan Pictures,1.3786,6.7134,6.705,3331
882569,Guy Ritchie's The Covenant,2023,4,2,55000000.0,123,en,War,STXfilms,5.5444,11.2983,7.717,3322
38408,Life As We Know It,2010,10,5,38000000.0,114,en,Comedy,Josephson Entertainment,2.2458,4.049,6.892,3321
10494,Perfect Blue,1998,2,5,830442.0,81,ja,Animation,Madhouse,1.3602,1.6602,8.307,3320
62764,Mirror Mirror,2012,3,3,85000000.0,106,en,Adventure,Misher Films,1.5048,5.8435,5.9,3317
10022,The Pacifier,2005,3,4,56000000.0,95,en,Comedy,Walt Disney Pictures,3.5514,11.0759,6.078,3318
60935,The Thing,2011,10,2,35000000.0,103,en,Horror,Universal Pictures,0.5473,5.2446,6.257,3314
167073,Brooklyn,2015,10,1,11000000.0,111,en,Drama,Wildgaze Films,1.2207,5.0279,7.3,3312
2666,Dark City,1998,2,4,27000000.0,101,en,Mystery,New Line Cinema,1.1929,4.6692,7.331,3310
415842,American Assassin,2017,7,4,33000000.0,112,en,Action,TIK Films,1.0087,8.0577,6.412,3309
9470,Kung Fu Hustle,2004,2,1,20000000.0,99,cn,Action,Huayi Brothers & Taihe Film Investment,6.2911,6.2911,7.516,3307
934433,Scream VI,2023,3,2,33000000.0,123,en,Horror,Radio Silence,1.0595,1.9257,6.929,3306
15472,The Girl with the Dragon Tattoo,2009,2,4,13000000.0,152,sv,Drama,Det Danske Filminstitut,2.1584,1.6351,7.537,3299
491418,Instant Family,2018,11,1,48000000.0,118,en,Comedy,Closest to the Hole Productions,1.0087,7.5299,7.491,3294
11836,The SpongeBob SquarePants Movie,2004,11,4,30000000.0,87,en,Adventure,Paramount Pictures,2.279,5.092,7.105,3289
46838,Tucker and Dale vs. Evil,2010,1,4,5000000.0,89,en,Comedy,Eden Rock Media,0.8816,2.1254,7.403,3281
1970,The Grudge,2004,10,4,10000000.0,92,en,Horror,Ghost House Pictures,1.5443,5.3579,5.943,3280
157547,Oculus,2014,4,3,5000000.0,104,en,Horror,MICA Entertainment,1.4289,7.2426,6.496,3272
917496,Beetlejuice Beetlejuice,2024,9,2,99000000.0,105,en,Comedy,Warner Bros. Pictures,4.818,7.7596,6.92,3271
11283,Nanny McPhee,2005,10,4,25000000.0,97,en,Fantasy,Metro-Goldwyn-Mayer,0.946,4.5475,6.689,3269
1934,Shakespeare in Love,1998,12,4,25000000.0,124,en,Romance,Miramax,1.3637,3.595,6.826,3267
61979,Three Steps Above Heaven,2010,12,4,0.0,122,es,Romance,Zeta Studios,0.7013,2.2293,7.731,3266
525661,Bombshell,2019,12,4,32000000.0,109,en,Drama,Lighthouse Management + Media,1.4027,9.8979,6.8,3262
10734,Escape from Alcatraz,1979,6,4,8000000.0,113,en,Drama,Paramount Pictures,1.2326,9.0746,7.504,3262
3175,Barry Lyndon,1975,12,1,11000000.0,188,en,Drama,Warner Bros. Pictures,4.1712,2.215,7.999,3262
758323,The Pope's Exorcist,2023,4,2,18000000.0,103,en,Horror,Screen Gems,0.7281,6.2703,6.911,3260
7220,The Punisher,2004,4,3,33000000.0,124,en,Action,Lions Gate Films,1.0206,3.3386,6.382,3258
406563,Insidious: The Last Key,2018,1,2,10000000.0,103,en,Horror,Stage 6 Films,2.518,4.6815,6.278,3257
205,Hotel Rwanda,2004,12,2,17500000.0,122,en,Drama,United Artists,1.2253,5.2701,7.718,3257
59108,Tower Heist,2011,11,2,75000000.0,104,en,Action,Universal Pictures,1.6681,5.028,6.116,3256
51739,The Secret World of Arrietty,2010,7,4,23000000.0,94,ja,Fantasy,Studio Ghibli,1.022,1.8439,7.678,3255
950387,A Minecraft Movie,2025,3,0,150000000.0,101,en,Family,Warner Bros. Pictures,1.9982,9.2917,6.224,3254
249397,Nymphomaniac: Vol. II,2013,12,2,2350000.0,124,en,Drama,Zentropa Entertainments,2.8287,3.8376,6.708,3252
1241982,Moana 2,2024,11,3,150000000.0,100,en,Adventure,Walt Disney Animation Studios,0.931,2.5743,6.992,3253
503314,Dragon Ball Super: Broly,2018,12,4,1000000.0,101,ja,Action,Toei Company,0.9952,2.3428,7.957,3252
25,Jarhead,2005,11,4,72000000.0,123,en,Drama,Red Wagon Entertainment,4.4407,11.2983,6.686,3249
429351,12 Strong,2018,1,3,35000000.0,130,en,War,Torridon Films,0.4535,8.6502,6.374,3248
11906,Suspiria,1977,2,1,0.0,99,it,Horror,Seda Spettacoli,1.4362,1.4967,7.5,3247
421,The Life Aquatic with Steve Zissou,2004,12,4,50000000.0,119,en,Adventure,American Empirical Pictures,7.9027,4.5082,7.07,3245
9889,Shallow Hal,2001,11,3,40000000.0,114,en,Comedy,20th Century Fox,2.0961,10.5948,6.181,3242
7840,"10,000 BC",2008,3,1,105000000.0,109,en,Adventure,Centropolis Entertainment,2.2711,2.5188,5.51,3242
565770,Blue Beetle,2023,8,2,104000000.0,128,en,Action,Warner Bros. Pictures,1.4061,2.3558,6.619,3240
15092,Crank: High Voltage,2009,4,3,20000000.0,96,en,Action,Lionsgate,1.2888,35.8713,6.094,3240
665,Ben-Hur,1959,11,2,15000000.0,212,en,History,Metro-Goldwyn-Mayer,1.4648,3.5115,7.894,3239
567748,The Guilty,2021,9,4,0.0,89,en,Drama,Nine Stories Productions,1.8645,11.2983,6.424,3238
753342,Napoleon,2023,11,2,165000000.0,158,en,History,Apple Studios,9.4611,5.8049,6.303,3236
10999,Commando,1985,10,3,10000000.0,90,en,Action,SLM Production Group,1.2645,6.3894,6.712,3227
58224,Mr. Popper's Penguins,2011,6,4,55000000.0,94,en,Comedy,Davis Entertainment,1.5577,8.8079,5.975,3227
10521,Bride Wars,2009,1,4,30000000.0,89,en,Comedy,Fox 2000 Pictures,0.9645,4.8398,6.245,3225
8068,Desperado,1995,8,4,7000000.0,104,en,Thriller,Columbia Pictures,2.8327,5.4164,6.932,3224
1255,The Host,2006,7,3,11000000.0,120,ko,Horror,Chungeorahm Film,5.3531,2.79,6.978,3224
438799,Overlord,2018,11,3,38000000.0,110,en,Horror,Bad Robot,0.7281,1.6169,6.7,3218
36685,The Rocky Horror Picture Show,1975,8,3,1400000.0,99,en,Comedy,20th Century Fox,1.1205,29.2363,7.44,3217
429200,Good Time,2017,8,4,2000000.0,102,en,Crime,Elara Pictures,5.3749,11.5404,7.207,3216
1267,Meet the Robinsons,2007,3,4,150000000.0,95,en,Animation,Walt Disney Animation Studios,1.2739,0.7626,6.943,3215
551332,The Two Popes,2019,11,2,0.0,125,en,Drama,Rideback,1.3748,5.2519,7.474,3210
72113,Carnage,2011,9,4,25000000.0,80,en,Comedy,SBS Productions,2.6007,5.899,7.164,3210
402431,Wicked,2024,10,2,150000000.0,162,en,Drama,Universal Pictures,1.9714,3.8297,6.904,3208
32856,Valentine's Day,2010,2,2,52000000.0,125,en,Comedy,Karz Entertainment,2.2996,6.0005,5.928,3209
13027,Eagle Eye,2008,9,3,80000000.0,118,en,Mystery,KMP Film Invest,1.4311,4.1238,6.499,3207
375588,Robin Hood,2018,11,5,100000000.0,116,en,Adventure,Appian Way,0.8044,5.3432,5.912,3206
786,Almost Famous,2000,9,4,60000000.0,124,en,Drama,DreamWorks Pictures,1.263,3.0295,7.505,3206
458897,Charlie's Angels,2019,11,3,48000000.0,118,en,Action,Columbia Pictures,3.5378,5.9963,6.364,3202
1381,The Fountain,2006,11,2,35000000.0,96,en,Drama,Regency Enterprises,3.1197,8.5559,6.903,3200
1268,Mr. Bean's Holiday,2007,3,3,25000000.0,90,en,Family,Tiger Aspect,0.7191,4.4848,6.4,3200
69,Walk the Line,2005,9,1,28000000.0,136,en,Drama,Mars Media Beteiligungs,1.7096,5.8049,7.499,3200
1072790,Anyone but You,2023,12,3,25000000.0,103,en,Romance,Olive Bridge Entertainment,2.4913,11.3308,6.755,3198
359410,Road House,2024,3,4,85000000.0,121,en,Action,Silver Pictures,3.342,11.2983,6.942,3198
11430,The Lion King 1½,2004,10,3,0.0,77,en,Adventure,DisneyToon Studios,0.9839,2.6005,6.586,3197
6537,The Orphanage,2007,5,6,3400000.0,105,es,Horror,Rodar y Rodar,1.057,1.5084,7.233,3193
631842,Knock at the Cabin,2023,2,2,20000000.0,100,en,Horror,Blinding Edge Pictures,2.9273,5.9343,6.245,3191
303858,Money Monster,2016,5,3,27000000.0,99,en,Thriller,TriStar Pictures,5.899,7.6526,6.432,3191
9598,Babe,1995,7,1,30000000.0,92,en,Fantasy,Universal Pictures,0.8082,1.825,6.292,3191
9327,The Nutty Professor,1996,6,4,54000000.0,95,en,Comedy,Universal Pictures,1.0346,5.528,5.65,3191
978,Seven Years in Tibet,1997,9,4,70000000.0,136,en,Adventure,Mandalay Entertainment,1.1172,11.6228,7.17,3183
71859,We Need to Talk About Kevin,2011,9,2,7000000.0,113,en,Drama,BBC Film,1.0971,3.5899,7.534,3179
96936,The Bling Ring,2013,6,2,15000000.0,90,en,Drama,American Zoetrope,3.3007,0.8764,5.433,3178
23398,Alvin and the Chipmunks: The Squeakquel,2009,12,0,75000000.0,89,en,Comedy,Fox 2000 Pictures,1.066,3.371,5.656,3179
19,Metropolis,1927,1,0,5300000.0,148,de,Drama,UFA,1.3547,1.1344,8.086,3177
44040,Devil,2010,9,3,10000000.0,80,en,Horror,Universal Pictures,1.4386,4.0312,6.1,3176
43539,The Next Three Days,2010,11,3,30000000.0,133,en,Romance,Hwy61,1.448,6.2703,7.089,3174
394117,The Florida Project,2017,10,4,2000000.0,112,en,Drama,Cre Film,7.3284,1.6175,7.427,3173
137094,Jack Ryan: Shadow Recruit,2014,1,2,60000000.0,105,en,Action,di Bonaventura Pictures,6.8627,4.7176,6.123,3168
533,Wallace & Gromit: The Curse of the Were-Rabbit,2005,9,3,30000000.0,85,en,Adventure,Aardman,0.9069,2.9063,7.137,3168
1656,The Legend of Zorro,2005,10,0,75000000.0,130,en,Action,Columbia Pictures,1.395,5.4164,6.121,3157
319,True Romance,1993,9,3,12500000.0,121,en,Action,Morgan Creek Entertainment,2.7841,4.701,7.54,3157
803796,KPop Demon Hunters,2025,6,4,100000000.0,96,en,Fantasy,Sony Pictures Animation,1.5489,2.3426,8.0,3155
112205,The Family,2013,9,4,30000000.0,111,en,Crime,EuropaCorp,3.4195,10.1679,6.361,3156
4513,30 Days of Night,2007,10,2,30000000.0,113,en,Horror,HorrorFlix,0.8093,4.9968,6.439,3156
1278,The Dreamers,2003,10,4,15000000.0,115,en,Drama,Recorded Picture Company,2.1056,2.2816,7.179,3153
364689,Ferdinand,2017,12,5,111000000.0,108,en,Animation,Blue Sky Studios,1.3262,4.5015,7.209,3151
829280,Enola Holmes 2,2022,11,3,0.0,131,en,Adventure,Legendary Pictures,0.8419,8.834,7.405,3146
2310,Beowulf,2007,11,0,160000000.0,115,en,Adventure,Shangri-La Entertainment,3.5231,4.3776,5.925,3144
845781,Red One,2024,10,3,250000000.0,124,en,Action,Seven Bucks Productions,1.3675,7.3971,6.957,3143
314095,The Lost City of Z,2017,3,2,30000000.0,141,en,Adventure,Northern Ireland Screen,1.879,7.3777,6.388,3143
4258,Scary Movie 5,2013,4,3,20000000.0,86,en,Comedy,Dimension Films,1.172,2.5268,4.789,3142
65057,The Descendants,2011,9,4,20000000.0,115,en,Comedy,Dune Entertainment,3.3823,7.6526,6.832,3140
152742,The Best Offer,2013,1,1,13500000.0,131,it,Drama,PACO Cinematografica,1.2479,6.0583,7.806,3138
1275779,Disclosure Day,2026,6,2,115000000.0,146,en,Science Fiction,Universal Pictures,7.5877,11.5143,7.483,3135
718821,Twisters,2024,7,2,155000000.0,123,en,Action,Universal Pictures,0.8796,3.0819,6.8,3133
605116,Project Power,2020,8,4,0.0,113,en,Action,Screen Arcade,0.9362,6.5532,6.425,3135
398173,The House That Jack Built,2018,10,3,9800000.0,152,en,Drama,Zentropa Entertainments,2.8287,3.1805,7.107,3134
77930,Magic Mike,2012,6,3,7000000.0,110,en,Drama,Iron Horse Entertainment,2.161,7.3348,6.159,3133
35056,Date Night,2010,4,3,55000000.0,88,en,Comedy,Dune Entertainment,2.8946,5.8553,6.115,3134
49797,I Saw the Devil,2010,8,3,6000000.0,144,ko,Thriller,Softbank Ventures,1.1802,4.3696,7.808,3132
103731,Mud,2013,4,4,10000000.0,130,en,Drama,Everest Entertainment,1.0602,8.6775,7.06,3131
540901,Hustlers,2019,9,3,20000000.0,110,en,Drama,Gloria Sanchez Productions,2.2979,2.3245,6.464,3130
158011,The Call,2013,3,3,13000000.0,96,en,Crime,TriStar Pictures,1.3338,5.4385,6.788,3122
26388,Buried,2010,9,4,1987650.0,95,en,Thriller,Versus Entertainment,0.7929,8.4533,6.637,3121
8643,The Exorcism of Emily Rose,2005,9,4,19000000.0,122,en,Crime,Lakeshore Entertainment,2.0657,8.6959,6.61,3119
95610,Bridget Jones's Baby,2016,9,2,35000000.0,123,en,Drama,StudioCanal,0.8532,3.9433,6.404,3113
9539,Martyrs,2008,6,3,6500000.0,99,fr,Horror,Wild Bunch,1.0355,1.2168,7.293,3113
398181,You Were Never Really Here,2017,11,2,17000000.0,89,en,Crime,Why Not Productions,1.0971,5.8049,6.543,3110
27573,The Bounty Hunter,2010,3,1,40000000.0,110,en,Action,Original Film,1.2792,6.0036,5.851,3110
26466,Triangle,2009,10,4,12000000.0,99,en,Horror,Dan Films,1.3732,3.1138,6.911,3105
9902,Wrong Turn,2003,5,4,12600000.0,84,en,Horror,Summit Entertainment,0.7663,4.1551,6.399,3102
575265,Mission: Impossible - The Final Reckoning,2025,5,5,400000000.0,170,en,Action,Paramount Pictures,2.9888,12.2838,7.2,3100
9992,Arthur and the Invisibles,2006,12,2,86000000.0,94,fr,Adventure,EuropaCorp,3.4195,4.719,6.396,3097
5236,Kiss Kiss Bang Bang,2005,9,2,15000000.0,103,en,Comedy,Silver Pictures,1.8349,12.0576,7.159,3092
353070,Going in Style,2017,4,3,25000000.0,96,en,Crime,Village Roadshow Pictures,3.8669,11.3118,6.691,3091
585083,Hotel Transylvania: Transformania,2022,1,0,75000000.0,92,en,Animation,Sony Pictures Animation,0.565,5.8306,7.027,3086
9593,Last Action Hero,1993,6,4,85000000.0,131,en,Fantasy,Oak Productions,1.8349,6.3894,6.484,3086
5966,Along Came Polly,2004,1,4,42000000.0,90,en,Comedy,Jersey Films,1.0039,5.028,6.031,3086
169917,A Walk Among the Tombstones,2014,9,3,28000000.0,114,en,Crime,Traveling Picture Show Company,1.3941,8.5147,6.336,3082
1087192,How to Train Your Dragon,2025,6,4,150000000.0,125,en,Fantasy,DreamWorks Animation,1.4495,3.5851,7.9,3081
574475,Final Destination Bloodlines,2025,5,2,50000000.0,110,en,Horror,New Line Cinema,1.3221,1.2112,7.032,3080
801,"Good Morning, Vietnam",1987,12,2,13000000.0,121,en,Comedy,Touchstone Pictures,2.1417,4.7179,7.303,3080
930564,Saltburn,2023,11,3,20000000.0,131,en,Drama,LuckyChap Entertainment,1.8271,4.853,6.937,3078
484641,Anna,2019,6,2,34000000.0,119,en,Action,EuropaCorp,3.4195,1.8266,6.722,3079
9277,The Sting,1973,12,1,5500000.0,129,en,Comedy,Universal Pictures,1.2201,3.7689,8.0,3075
610150,Dragon Ball Super: Super Hero,2022,6,5,0.0,100,ja,Animation,Toei Animation,0.8721,2.3428,7.893,3075
542178,"The French Dispatch of the Liberty, Kansas Evening Sun",2021,10,3,25000000.0,108,en,Drama,Indian Paintbrush,7.9027,6.01,7.007,3075
9352,EuroTrip,2004,2,4,25000000.0,92,en,Comedy,The Montecito Picture Company,1.4111,1.8413,6.623,3075
612,Munich,2005,12,4,70000000.0,164,en,Drama,Universal Pictures,7.5877,4.8532,7.13,3075
1580,Rope,1948,2,6,1500000.0,81,en,Thriller,Transatlantic Pictures,5.6026,2.4574,7.93,3074
768,From Hell,2001,2,3,35000000.0,122,en,Horror,Underworld Pictures,0.9773,8.6846,6.688,3074
382591,Two Is a Family,2016,12,2,0.0,118,fr,Drama,Mars Films,0.7614,3.3036,7.722,3072
157386,The Spectacular Now,2013,8,4,2500000.0,95,en,Comedy,Global Produce,1.0066,5.1928,6.687,3071
9801,Bridget Jones: The Edge of Reason,2004,11,2,40000000.0,108,en,Comedy,StudioCanal,0.9162,3.9433,6.225,3071
1083381,Backrooms,2026,5,2,10000000.0,111,en,Horror,Atomic Monster,1.9223,6.293,7.066,3065
132363,The Butler,2013,8,4,25000000.0,132,en,Drama,Follow Through Productions,2.111,4.7539,7.314,3070
9336,Police Academy,1984,3,3,4500000.0,97,en,Comedy,The Ladd Company,0.9017,2.5611,6.719,3070
7484,Open Season,2006,9,2,85000000.0,86,en,Animation,Sony Pictures Animation,0.6736,4.1233,6.19,3067
1645,A Time to Kill,1996,7,2,40000000.0,149,en,Crime,Regency Enterprises,1.8784,8.6775,7.397,3066
342470,All the Bright Places,2020,2,4,0.0,108,en,Romance,Echo Lake Entertainment,0.9891,10.6199,7.637,3061
59965,Abduction,2011,9,3,35000000.0,106,en,Thriller,Vertigo Entertainment,1.5502,2.4772,5.834,3058
601666,I Care a Lot,2021,2,4,0.0,119,en,Crime,STXfilms,1.1096,8.5082,6.57,3057
76640,The Last Stand,2013,1,5,30000000.0,107,en,Action,di Bonaventura Pictures,1.1802,6.3894,6.096,3056
619730,Don't Worry Darling,2022,9,2,35000000.0,123,en,Thriller,Vertigo Entertainment,8.1513,13.6743,6.762,3055
9374,Death Becomes Her,1992,7,3,55000000.0,104,en,Comedy,Universal Pictures,3.5231,7.1363,6.781,3055
712,Four Weddings and a Funeral,1994,3,2,4400000.0,117,en,Comedy,PolyGram Filmed Entertainment,1.4797,4.3879,6.8,3054
420634,Terrifier,2018,1,3,35000.0,84,en,Horror,Dark Age Cinema,0.9664,1.5064,6.304,3052
37056,Letters to Juliet,2010,5,3,30000000.0,105,en,Comedy,Summit Entertainment,0.9645,10.3817,7.003,3053
2044,The Lake House,2006,6,4,40000000.0,99,en,Romance,Vertigo Entertainment,0.9615,9.6407,7.0,3052
944,Lethal Weapon 4,1998,7,4,140000000.0,127,en,Action,Silver Pictures,2.0441,5.2865,6.609,3049
9315,Flightplan,2005,9,3,55000000.0,98,en,Thriller,Touchstone Pictures,0.9896,5.899,6.445,3047
889737,Joker: Folie à Deux,2024,10,1,190000000.0,138,en,Drama,Warner Bros. Pictures,1.8025,5.8049,5.405,3041
49520,The Change-Up,2011,8,4,52000000.0,112,en,Comedy,Universal Pictures,1.1717,5.2974,6.162,3040
10637,Remember the Titans,2000,9,4,30000000.0,113,en,Drama,Jerry Bruckheimer Films,1.8666,9.1225,7.66,3040
431693,Spies in Disguise,2019,12,2,100000000.0,102,en,Animation,Chernin Entertainment,0.7905,8.6553,7.544,3037
9705,Swordfish,2001,6,4,102000000.0,99,en,Action,Village Roadshow Pictures,0.8728,7.9888,6.267,3035
241554,Run All Night,2015,3,2,50000000.0,114,en,Action,RatPac Entertainment,1.6624,8.5147,6.437,3031
697843,Extraction 2,2023,6,4,65000000.0,122,en,Action,AGBO,1.3382,8.6502,7.4,3031
600583,The Power of the Dog,2021,10,0,0.0,127,en,Drama,See-Saw Films,2.6422,7.5303,6.734,3029
531219,Roald Dahl's The Witches,2020,10,0,0.0,104,en,Comedy,ImageMovers,3.5231,26.9693,6.327,3028
10202,Bedtime Stories,2008,12,2,80000000.0,99,en,Fantasy,Walt Disney Pictures,3.5514,6.7753,6.152,3029
4442,The Brothers Grimm,2005,8,4,88000000.0,118,en,Adventure,Summit Entertainment,3.9146,13.0917,5.866,3028
638,Lost Highway,1997,1,2,15000000.0,134,en,Drama,CiBy 2000,3.4553,3.6614,7.55,3029
193893,Let's Be Cops,2014,8,2,17000000.0,104,en,Comedy,Wide Awake Pictures,0.8607,4.2792,6.466,3028
400160,The SpongeBob Movie: Sponge on the Run,2020,8,4,60000000.0,95,en,Adventure,United Plankton Pictures,1.0364,5.092,7.39,3026
309809,The Little Prince,2015,7,2,64000000.0,106,en,Adventure,Orange Studio,1.1045,0.6354,7.62,3025
823219,Flow,2024,8,3,3700000.0,85,lv,Adventure,Dream Well Studio,0.8894,0.0,8.067,3024
9473,"South Park: Bigger, Longer & Uncut",1999,6,3,21000000.0,81,en,Animation,Paramount Pictures,2.4628,2.4628,7.285,3023
9279,Jingle All the Way,1996,11,3,60000000.0,89,en,Family,1492 Pictures,1.774,6.3894,6.067,3023
313922,Green Room,2016,4,4,5000000.0,95,en,Horror,filmscience,1.0254,2.1143,6.719,3020
210479,Locke,2014,4,3,2000000.0,85,en,Drama,IM Global,2.3941,9.2886,6.889,3019
531428,Portrait of a Lady on Fire,2019,9,4,5740000.0,121,fr,Drama,Lilies Films,0.9306,3.1926,8.088,3018
13363,The Man from Earth,2007,6,6,200000.0,87,en,Science Fiction,Falling Sky Entertainment,0.9118,1.1267,7.621,3009
379149,The Foreigner,2017,9,3,35000000.0,114,en,Action,Sparkle Roll Media,1.395,6.3029,6.98,3008
261392,American Ultra,2015,8,2,28000000.0,96,en,Action,Merced Media Partners,0.81,6.3683,6.099,3007
599,Sunset Boulevard,1950,8,3,1752000.0,110,en,Drama,Paramount Pictures,1.7176,3.185,8.274,3007
9373,The Texas Chainsaw Massacre,2003,5,2,9500000.0,98,en,Horror,Next Entertainment,0.9909,4.0064,6.311,3006
228326,The Book of Life,2014,10,2,50000000.0,95,en,Animation,Reel FX Creative Studios,0.8372,3.7405,7.536,3002
1887,Marie Antoinette,2006,5,2,40000000.0,123,en,Drama,Pricel,3.3007,9.5508,6.7,3003
74465,We Bought a Zoo,2011,11,5,50000000.0,124,en,Drama,Dune Entertainment,1.263,13.0917,6.838,3001
8009,Highlander,1986,3,4,19000000.0,116,en,Adventure,Davis-Panzer Productions,1.5934,3.3282,6.9,3002
11007,Cheaper by the Dozen,2003,12,2,40000000.0,98,en,Comedy,20th Century Fox,2.8946,4.4481,6.287,3000
116711,Epic,2013,5,2,100000000.0,102,en,Animation,Blue Sky Studios,1.2339,8.8777,6.562,2995
55,Amores Perros,2000,6,4,2000000.0,154,es,Drama,Altavista Films,5.0626,0.6941,7.647,2994
1032823,Trap,2024,7,2,30000000.0,105,en,Crime,Blinding Edge Pictures,2.9273,4.9968,6.223,2992
86829,Inside Llewyn Davis,2013,10,4,11000000.0,105,en,Drama,StudioCanal,3.4895,8.7254,7.184,2991
9477,King Arthur,2004,7,2,120000000.0,126,en,Adventure,Jerry Bruckheimer Films,1.8645,5.767,6.303,2992
497828,Triangle of Sadness,2022,9,6,15600000.0,147,en,Comedy,30WEST,1.3196,3.9721,7.003,2991
49517,Tinker Tailor Soldier Spy,2011,9,4,30000000.0,127,en,Drama,StudioCanal,1.2162,9.1246,6.619,2989
568091,Fractured,2019,9,6,0.0,99,en,Thriller,Koji Productions,1.3338,5.7128,6.767,2987
928,Gremlins 2: The New Batch,1990,6,4,50000000.0,106,en,Comedy,Amblin Entertainment,1.7598,1.4608,6.523,2986
11024,Scooby-Doo 2: Monsters Unleashed,2004,3,2,80000000.0,93,en,Mystery,Mosaic Media Group,1.5095,2.8515,6.111,2977
420814,Christopher Robin,2018,8,2,75000000.0,104,en,Adventure,Walt Disney Pictures,2.1586,7.3177,7.294,2976
1607,A Bronx Tale,1993,10,4,22000000.0,121,en,Drama,Price Entertainment,10.1679,10.1679,7.9,2974
610253,Halloween Kills,2021,10,3,20000000.0,105,en,Horror,Blumhouse Productions,1.0206,8.5711,6.398,2972
1368166,The Housemaid,2025,12,3,35000000.0,131,en,Mystery,Lionsgate,2.3516,11.3308,7.266,2970
445651,The Darkest Minds,2018,7,2,34000000.0,105,en,Action,21 Laps Entertainment,1.1448,2.7774,7.025,2971
23437,A Nightmare on Elm Street,2010,4,4,35000000.0,95,en,Horror,Platinum Dunes,1.0954,6.21,5.52,2971
109491,Beautiful Creatures,2013,2,2,60000000.0,124,en,Fantasy,Alcon Entertainment,1.4011,2.3996,6.047,2968
1574,Chicago,2002,12,1,45000000.0,113,en,Comedy,Miramax,1.2052,3.9433,7.13,2968
9003,Hellraiser,1987,9,4,1000000.0,93,en,Horror,New World Pictures,1.3757,1.7988,6.887,2965
546121,Run,2020,11,4,0.0,90,en,Thriller,Search Party,1.0522,3.725,7.207,2963
257091,Get Hard,2015,3,3,40000000.0,100,en,Comedy,Gary Sanchez Productions,3.0242,7.1692,6.014,2964
4977,Paprika,2006,10,6,2600000.0,90,ja,Animation,Madhouse,1.3602,4.988,7.814,2963
677179,Creed III,2023,3,2,75000000.0,116,en,Drama,Metro-Goldwyn-Mayer,8.7129,8.7129,7.09,2961
800158,The Killer,2023,10,2,175000000.0,118,en,Crime,Netflix,4.5377,5.7677,6.58,2960
452507,1922,2017,10,4,5000000.0,102,en,Horror,Campfire Studios,0.7287,3.3386,5.947,2959
459992,Long Shot,2019,5,3,40000000.0,125,en,Comedy,AG Studios,1.4862,9.8979,6.702,2950
865,The Running Man,1987,11,4,27000000.0,101,en,Action,Braveworld Productions,1.6119,6.3894,6.539,2950
700391,65,2023,3,3,45000000.0,92,en,Action,Raimi Productions,1.0948,4.1461,5.954,2946
22894,Legion,2010,1,3,26000000.0,100,en,Action,Screen Gems,0.9088,4.9664,5.91,2945
451915,Beautiful Boy,2018,10,4,25000000.0,121,en,Drama,Plan B Entertainment,0.8761,5.8553,7.553,2944
8874,My Best Friend's Wedding,1997,6,3,38000000.0,105,en,Comedy,Zucker Brothers Productions,1.5139,5.8435,6.563,2942
740985,Borat Subsequent Moviefilm: Delivery of Prodigious Bribe to American Regime for Make Benefit Once Glorious Nation of Kazakhstan,2020,10,4,0.0,96,en,Comedy,Oak Springs Productions,0.7817,4.0686,6.432,2941
25376,The Secret in Their Eyes,2009,8,3,2000000.0,130,es,Mystery,Canal+ España,1.0741,1.6357,7.97,2941
1832,Dogma,1999,10,0,10000000.0,130,en,Fantasy,View Askew Productions,2.0632,6.648,6.941,2941
840326,Sisu,2022,9,4,6600000.0,91,fi,Action,Subzero Film Entertainment,0.9516,2.4596,7.395,2939
11005,Awakenings,1990,12,1,31000000.0,120,en,Drama,Parkes/Lasker productions,1.9386,10.1679,7.785,2940
62835,Colombiana,2011,7,2,40000000.0,108,en,Action,A.J.O.Z. Films,0.9362,12.326,6.645,2939
306947,The Invitation,2016,4,4,1000000.0,100,en,Thriller,XYZ Films,1.1877,3.2314,6.422,2938
8054,The Imaginarium of Doctor Parnassus,2009,10,3,30000000.0,123,en,Adventure,Infinity Features,3.9146,7.0185,6.388,2937
945729,A Haunting in Venice,2023,9,2,60000000.0,104,en,Mystery,20th Century Studios,6.8627,6.8627,6.563,2935
8204,The Spiderwick Chronicles,2008,2,3,90000000.0,95,en,Family,Paramount Pictures,1.5577,4.719,6.704,2934
595,To Kill a Mockingbird,1962,12,3,2000000.0,129,en,Drama,Pakula-Mulligan,1.0058,2.5278,7.981,2933
521,Dial M for Murder,1954,5,5,1400000.0,105,en,Thriller,Warner Bros. Pictures,5.6026,1.585,8.003,2931
227719,Project Almanac,2015,1,2,12000000.0,106,en,Science Fiction,Insurge Pictures,0.7433,1.6989,6.8,2930
541671,Ballerina,2025,6,2,90000000.0,125,en,Action,Thunder Road,2.8264,7.2183,7.275,2929
4476,Legends of the Fall,1994,12,4,30000000.0,133,en,Drama,Bedford Falls Productions,1.7378,11.6228,7.394,2928
762975,Purple Hearts,2022,7,4,0.0,122,en,Romance,Alloy Entertainment,0.7483,4.302,8.042,2925
614917,King Richard,2021,11,3,50000000.0,144,en,Drama,Star Thrower Entertainment,1.0938,8.6553,7.597,2924
13207,Friday the 13th,2009,2,2,19000000.0,97,en,Horror,New Line Cinema,0.9909,3.6906,5.77,2923
5925,The Great Escape,1963,7,2,4000000.0,173,en,Adventure,The Mirisch Company,1.9588,3.784,7.928,2921
535581,The Dead Don't Die,2019,5,2,11000000.0,104,en,Comedy,Kill the Head,2.0795,4.5082,5.438,2919
417384,Scary Stories to Tell in the Dark,2019,8,3,25000000.0,108,en,Horror,1212 Entertainment,0.9682,1.7695,6.486,2919
505948,I Am Mother,2019,6,4,0.0,113,en,Science Fiction,Mother Film Holdings,0.9242,1.2189,6.713,2917
502033,Sound of Metal,2020,11,4,0.0,121,en,Drama,Flat 7,0.9339,2.4061,7.704,2917
6466,Freddy vs. Jason,2003,8,4,30000000.0,97,en,Horror,Yannix Technology Corporation,1.2715,2.9156,6.104,2912
602269,The Little Things,2021,1,3,30000000.0,128,en,Drama,Warner Bros. Pictures,1.2485,9.1225,6.361,2907
505600,Booksmart,2019,5,4,6000000.0,102,en,Comedy,Annapurna Pictures,8.1513,3.5891,6.998,2907
388399,Patriots Day,2016,12,0,45000000.0,133,en,Action,TIK Films,3.0938,7.5299,7.066,2905
9383,Hollow Man,2000,8,4,95000000.0,112,en,Action,Columbia Pictures,2.0563,7.1887,5.978,2906
705861,Hustle,2022,6,4,21000000.0,117,en,Drama,Roth-Kirschenbaum Films,0.8976,6.7753,7.696,2903
763215,Damsel,2024,3,3,60000000.0,107,en,Fantasy,PCMA Productions,0.9773,8.834,6.98,2901
403119,47 Meters Down,2017,5,3,5500000.0,89,en,Horror,Lantica Media,0.7974,3.4582,5.808,2901
17609,Antichrist,2009,5,2,11000000.0,104,en,Drama,Zentropa Entertainments,2.8287,12.2687,6.615,2901
482373,Don't Breathe 2,2021,8,3,15000000.0,98,en,Thriller,Ghost House Pictures,0.8711,4.8879,6.973,2900
5,Four Rooms,1995,12,5,4000000.0,98,en,Comedy,Miramax,1.7855,3.9034,5.918,2900
9387,Conan the Barbarian,1982,3,1,20000000.0,130,en,Adventure,The De Laurentiis Company,1.4837,6.3894,6.802,2894
96,Beverly Hills Cop II,1987,5,0,28000000.0,103,en,Action,Eddie Murphy Productions,2.7841,5.528,6.532,2893
9767,The Break-Up,2006,6,3,52000000.0,106,en,Romance,Universal Pictures,1.3732,6.0036,5.903,2892
1100988,28 Years Later,2025,6,2,60000000.0,115,en,Horror,Columbia Pictures,2.1713,4.8232,6.606,2891
265177,Mommy,2014,9,4,4900000.0,138,fr,Drama,Metafilms,2.1999,1.2671,8.196,2890
38117,Beastly,2011,1,4,17000000.0,86,en,Romance,Storefront Films,0.6204,2.3305,6.3,2891
1005331,Carry-On,2024,12,3,47000000.0,120,en,Thriller,Dylan Clark Productions,1.6624,5.3432,6.876,2888
9360,Anaconda,1997,4,4,45000000.0,90,en,Adventure,St. Tropez Films,0.7882,4.9134,5.281,2886
109443,Anchorman 2: The Legend Continues,2013,12,2,50000000.0,119,en,Comedy,Gary Sanchez Productions,1.8702,7.1692,6.144,2885
346648,Paddington 2,2017,11,3,40000000.0,104,en,Adventure,StudioCanal,1.1672,3.5948,7.485,2882
951,Kindergarten Cop,1990,12,4,15000000.0,111,en,Comedy,Universal Pictures,1.2251,6.3894,6.135,2883
266647,Pan,2015,9,3,150000000.0,111,en,Fantasy,Moving Picture Company,1.6914,1.915,5.955,2882
37958,Immortals,2011,11,3,75000000.0,110,en,Fantasy,Relativity Media,1.5048,8.1022,6.053,2882
5123,August Rush,2007,10,3,25000000.0,114,en,Family,Warner Bros. Pictures,0.9411,4.719,7.42,2877
395990,Death Wish,2018,3,3,30000000.0,107,en,Action,Metro-Goldwyn-Mayer,2.6461,8.5919,6.237,2874
49527,Man on a Ledge,2012,1,4,42000000.0,102,en,Action,Summit Entertainment,0.4918,5.7128,6.438,2873
804095,The Fabelmans,2022,11,4,40000000.0,151,en,Drama,Amblin Entertainment,7.5877,4.3582,7.558,2858
2757,Adaptation.,2002,12,4,19000000.0,115,en,Comedy,Columbia Pictures,2.7601,10.8655,7.329,2858
37137,The Naked Gun 2½: The Smell of Fear,1991,6,4,23000000.0,85,en,Comedy,Paramount Pictures,3.7109,4.052,6.82,2854
4512,The Assassination of Jesse James by the Coward Robert Ford,2007,9,3,30000000.0,160,en,Drama,Plan B Entertainment,1.1195,11.6228,7.065,2854
2652,Hard Candy,2006,4,4,950000.0,104,en,Drama,Vulcan Productions,0.8093,5.8154,6.807,2853
339397,Café Society,2016,5,2,30000000.0,97,en,Comedy,Perdido Productions,3.9776,6.3683,6.439,2851
77174,ParaNorman,2012,8,4,60000000.0,93,en,Family,LAIKA,0.7976,1.9543,7.049,2851
393457,Fences,2016,12,4,24000000.0,139,en,Drama,Paramount Pictures,9.1225,9.1225,6.893,2848
167,K-PAX,2001,10,4,48000000.0,120,en,Science Fiction,Intermedia Films,0.8481,3.7819,7.211,2848
97,Tron,1982,7,4,17000000.0,96,en,Science Fiction,Lisberger/Kushner Productions,0.8991,3.7819,6.624,2849
8584,Shanghai Noon,2000,5,4,55000000.0,110,en,Adventure,Touchstone Pictures,0.6674,11.7072,6.42,2846
2292,Clerks,1994,10,2,27575.0,92,en,Comedy,View Askew Productions,2.0632,1.0802,7.371,2845
1138194,Heretic,2024,10,3,10000000.0,111,en,Thriller,A24,1.0948,4.3879,6.965,2842
438650,Cold Pursuit,2019,2,3,60000000.0,119,en,Crime,StudioCanal,1.261,8.5147,5.875,2843
52451,The Three Musketeers,2011,8,2,75000000.0,110,en,Adventure,Summit Entertainment,2.1593,3.8127,5.791,2843
8051,Punch-Drunk Love,2002,10,4,25000000.0,96,en,Romance,Revolution Studios,7.1013,6.7753,7.1,2842
384677,Set It Up,2018,6,4,0.0,105,en,Romance,Treehouse Pictures,1.1278,5.1068,6.908,2841
463272,Johnny English Strikes Again,2018,8,3,25000000.0,88,en,Action,Working Title Films,0.8599,4.4848,6.286,2831
1226578,Longlegs,2024,7,2,10000000.0,101,en,Crime,C2 Motion Picture Group,1.8839,4.1713,6.516,2828
13597,Labyrinth,1986,6,4,25000000.0,101,en,Adventure,Henson Associates,1.5552,2.3057,7.286,2828
984,Dirty Harry,1971,12,3,4000000.0,102,en,Action,Malpaso Productions,1.2326,9.0746,7.454,2824
678512,Sound of Freedom,2023,7,0,14500000.0,131,en,Action,Santa Fe Films,0.6879,5.4544,7.95,2823
9482,Judge Dredd,1995,6,4,90000000.0,96,en,Science Fiction,Cinergi Pictures,0.8863,8.4378,5.851,2821
361292,Suspiria,2018,10,4,20000000.0,152,en,Horror,Frenesy Film,1.9634,5.7059,6.898,2820
9408,Surf's Up,2007,6,4,85000000.0,85,en,Animation,Columbia Pictures,1.0409,4.1238,6.52,2817
985,Eraserhead,1977,9,2,100000.0,89,en,Horror,AFI,3.4553,1.4012,7.3,2816
937287,Challengers,2024,4,3,55000000.0,132,en,Drama,Pascal Pictures,1.9634,14.2417,6.913,2815
308369,Me and Earl and the Dying Girl,2015,6,4,0.0,105,en,Drama,Indian Paintbrush,0.8504,5.6496,7.527,2813
242512,Ouija,2014,10,4,5000000.0,89,en,Horror,Platinum Dunes,0.5632,0.761,5.136,2813
12144,The Land Before Time,1988,11,4,12500000.0,69,en,Family,Universal Pictures,1.4738,1.5472,7.16,2813
399360,Alpha,2018,8,4,51000000.0,97,en,Adventure,Studio 8,0.9773,1.9543,6.571,2811
20453,3 Idiots,2009,12,2,9000000.0,171,hi,Drama,Vidhu Vinod Chopra Productions,0.8973,3.4495,8.01,2810
812583,Wake Up Dead Man: A Knives Out Mystery,2025,11,2,210000000.0,145,en,Thriller,T-Street,2.3285,5.1208,7.209,2810
23048,Hot Tub Time Machine,2010,3,4,36000000.0,101,en,Science Fiction,Metro-Goldwyn-Mayer,1.7132,3.6691,6.048,2810
10601,Peter Pan,2003,12,3,100000000.0,113,en,Adventure,Universal Pictures,1.5139,1.6257,7.133,2808
10331,Night of the Living Dead,1968,10,4,114000.0,96,en,Horror,Image Ten,1.4102,0.8482,7.604,2808
10567,Dinosaur,2000,5,4,127500000.0,82,en,Adventure,Walt Disney Feature Animation,0.852,2.3232,6.586,2806
10867,Malena,2000,10,4,0.0,108,it,Drama,Medusa Film,1.2479,7.0469,7.558,2804
210860,Mortdecai,2015,1,2,60000000.0,107,en,Comedy,Lionsgate,2.9353,8.6846,5.522,2798
539885,Ava,2020,7,3,0.0,96,en,Action,Freckle Films,1.3856,5.4152,5.825,2797
11545,Rushmore,1998,12,4,9000000.0,93,en,Comedy,Touchstone Pictures,7.9027,4.1563,7.392,2797
7347,Elite Squad,2007,10,4,4000000.0,115,pt,Drama,Universal Pictures do Brasil,0.9849,4.313,8.061,2797
20048,Confessions of a Shopaholic,2009,2,3,40000000.0,104,en,Comedy,Touchstone Pictures,1.5139,6.3253,6.5,2794
2330,Taxi,1998,4,2,8700000.0,86,fr,Action,EuropaCorp,0.7438,1.7941,6.728,2794
522162,Midway,2019,11,2,100000000.0,138,en,War,AGC Studios,2.2711,4.4194,7.098,2790
292011,Richard Jewell,2019,12,4,45000000.0,131,en,Drama,Warner Bros. Pictures,9.0746,2.8962,7.416,2789
192141,No Escape,2015,8,2,5000000.0,103,en,Thriller,Living Films,1.4386,6.8795,6.955,2787
567189,Tom Clancy's Without Remorse,2021,4,4,0.0,110,en,Action,Weed Road Pictures,1.2611,8.7129,6.936,2785
10316,The Ides of March,2011,10,4,12500000.0,101,en,Drama,Appian Way,7.6526,13.3033,6.682,2785
171274,Inherent Vice,2014,12,4,20000000.0,149,en,Drama,Warner Bros. Pictures,7.1013,5.8049,6.545,2780
8374,The Boondock Saints,1999,1,4,6000000.0,108,en,Action,Franchise Pictures,0.9432,12.2687,7.239,2780
419680,Daddy's Home 2,2017,11,3,69000000.0,100,en,Comedy,Red Granite Pictures,1.0087,7.1692,6.307,2778
814,An American Werewolf in London,1981,8,4,10000000.0,97,en,Comedy,Lyncanthrope Films,2.1994,1.5867,7.392,2778
5825,National Lampoon's Christmas Vacation,1989,11,3,27000000.0,97,en,Comedy,Hughes Entertainment,0.96,4.6184,7.232,2777
744275,After We Fell,2021,9,2,14000000.0,99,en,Drama,Voltage Pictures,0.7224,2.4402,6.997,2776
132344,Before Midnight,2013,4,4,3000000.0,109,en,Romance,Castle Rock Entertainment,4.659,5.6532,7.5,2776
9257,S.W.A.T.,2003,8,4,80000000.0,117,en,Action,Original Film,1.6216,9.4487,6.162,2776
14560,Paul Blart: Mall Cop,2009,1,3,26000000.0,91,en,Action,Hey Eddie,1.096,4.2905,5.452,2773
460458,Resident Evil: Welcome to Raccoon City,2021,11,2,25000000.0,107,en,Action,Constantin Film,0.7974,6.4274,5.93,2772
10204,Around the World in 80 Days,2004,6,2,110000000.0,120,en,Action,Studio Babelsberg,0.9021,11.7072,5.953,2772
508883,The Boy and the Heron,2023,7,4,50000000.0,124,ja,Animation,Studio Ghibli,3.7071,1.1481,7.385,2768
24420,The Time Traveler's Wife,2009,8,4,39000000.0,107,en,Drama,New Line Cinema,0.9896,4.8532,6.954,2766
321741,Concussion,2015,11,3,35000000.0,123,en,Drama,Village Roadshow Pictures,0.8046,8.6553,7.079,2763
718032,Licorice Pizza,2021,11,4,40000000.0,133,en,Drama,Metro-Goldwyn-Mayer,7.1013,2.1279,6.944,2761
271718,Trainwreck,2015,7,4,35000000.0,125,en,Comedy,Apatow Productions,1.7165,2.235,5.777,2758
225565,That Awkward Moment,2014,1,2,8000000.0,94,en,Comedy,Treehouse Pictures,0.5944,4.9686,6.142,2759
553,Dogville,2003,5,2,10000000.0,178,en,Crime,Zentropa Entertainments,2.8287,10.1124,7.743,2759
8195,Ronin,1998,9,4,55000000.0,122,en,Action,United Artists,2.4403,10.1679,6.966,2758
284,The Apartment,1960,6,1,3000000.0,126,en,Comedy,The Mirisch Company,1.7176,3.0581,8.185,2757
18533,Bronson,2009,3,4,230000.0,92,en,Drama,Vertigo Films,2.4376,9.2886,6.942,2756
72387,Safe,2012,4,0,30000000.0,94,en,Action,IM Global,1.8666,35.8713,6.496,2755
80271,LOL,2012,2,4,11000000.0,97,en,Drama,Mandate Pictures,0.8638,4.6474,6.1,2753
325348,Hardcore Henry,2015,9,5,2000000.0,97,en,Action,Bazelevs,1.1789,0.9795,6.421,2751
762509,Mufasa: The Lion King,2024,12,2,200000000.0,118,en,Adventure,Walt Disney Pictures,1.5243,5.6612,7.29,2751
9645,Ghost Ship,2002,10,4,35000000.0,91,en,Horror,Village Roadshow Pictures,0.7478,3.4093,6.013,2751
83899,You're Next,2013,8,3,1000000.0,94,en,Horror,Snoot Entertainment,1.4775,1.3445,6.597,2745
19898,Pandorum,2009,9,1,33000000.0,108,en,Action,Impact Pictures,0.998,3.478,6.606,2744
10358,Zack and Miri Make a Porno,2008,9,3,24000000.0,102,en,Comedy,Blue Askew,2.0632,5.2535,6.333,2744
9894,The Cable Guy,1996,6,0,47000000.0,96,en,Comedy,Columbia Pictures,5.028,8.8079,6.0,2742
7552,Fun with Dick and Jane,2005,12,2,100000000.0,90,en,Comedy,JC 23 Entertainment,0.9372,8.8079,6.231,2740
9947,Elektra,2005,1,3,43000000.0,97,en,Action,Regency Enterprises,1.0405,5.2829,5.0,2739
591273,Fear Street: 1994,2021,6,0,10000000.0,108,en,Horror,Chernin Entertainment,0.801,1.9688,6.684,2736
449562,The Hustle,2019,5,3,21000000.0,94,en,Comedy,Pin High,1.6442,26.9693,6.194,2737
239571,The Best of Me,2014,10,2,26000000.0,117,en,Drama,Relativity Media,0.8859,9.8522,7.476,2736
646389,Plane,2023,1,2,25000000.0,107,en,Action,MadRiver Pictures,3.0115,7.5862,6.899,2733
10665,The Strangers,2008,5,3,9000000.0,86,en,Horror,Intrepid Pictures,1.0579,5.9392,6.1,2733
565426,To All the Boys: P.S. I Still Love You,2020,2,0,0.0,102,en,Romance,Awesomeness Films,1.659,4.378,6.82,2732
429300,Adrift,2018,5,3,35000000.0,96,en,Thriller,STXfilms,1.3288,9.3808,6.834,2732
5156,Bicycle Thieves,1948,7,2,133000.0,89,it,Drama,Produzioni De Sica,1.2241,0.784,8.163,2731
476299,Ghostland,2018,3,2,0.0,91,en,Horror,Mars Films,1.0355,2.1592,7.398,2729
467244,The Zone of Interest,2023,12,4,15000000.0,105,en,Drama,JW Films,1.2509,1.5881,7.012,2727
619778,Malignant,2021,9,2,40000000.0,111,en,Horror,New Line Cinema,4.6549,9.6011,6.748,2726
602223,The Forever Purge,2021,6,2,18000000.0,103,en,Action,Blumhouse Productions,0.7912,2.597,6.854,2726
8914,Deep Blue Sea,1999,7,2,60000000.0,105,en,Action,Riche-Ludwig Productions,2.3392,3.061,5.996,2726
480414,The Curse of La Llorona,2019,4,2,9000000.0,93,en,Horror,Atomic Monster,1.2463,5.2491,5.645,2725
228970,Wild,2014,12,4,15000000.0,115,en,Drama,Fox Searchlight Pictures,1.248,4.775,7.008,2723
459151,The Boss Baby: Family Business,2021,7,3,82000000.0,107,en,Animation,DreamWorks Animation,1.5124,7.4951,7.324,2719
11319,The Rescuers,1977,6,2,7500000.0,78,en,Fantasy,Walt Disney Productions,0.7988,1.8691,6.792,2718
292431,Love,2015,7,2,3000000.0,134,fr,Drama,Wild Bunch,1.9558,2.1834,6.458,2713
8470,John Q,2002,2,4,36000000.0,116,en,Drama,Evolution Entertainment,1.5961,9.1225,7.152,2715
949423,Pearl,2022,9,4,1000000.0,102,en,Horror,A24,2.2431,7.7557,7.2,2714
9350,Cliffhanger,1993,5,4,70000000.0,113,en,Action,Carolco Pictures,2.3392,8.4378,6.518,2713
458305,Vivarium,2019,9,5,4000000.0,99,en,Science Fiction,Fantastic Films,0.7846,2.9415,6.071,2711
23047,Season of the Witch,2011,1,4,40000000.0,95,en,Adventure,Atlas Entertainment,0.8728,10.8655,5.532,2708
660,Thunderball,1965,12,5,9000000.0,130,en,Adventure,EON Productions,1.147,3.9244,6.667,2708
403587,Return,1985,10,3,0.0,82,en,Horror,Unknown,0.3672,0.4124,6.14,2702
18501,Gamer,2009,9,3,50000000.0,95,en,Action,Lakeshore Entertainment,1.3364,7.5862,5.694,2700
68737,Seventh Son,2014,12,4,95000000.0,102,en,Adventure,Legendary Pictures,1.0983,3.7819,5.532,2699
568160,Weathering with You,2019,7,4,11100000.0,112,ja,Animation,CoMix Wave Films,3.6897,1.5696,7.972,2696
9567,Tears of the Sun,2003,3,4,75000000.0,121,en,War,Revolution Studios,1.8645,8.5919,6.897,2693
8848,The Bank Job,2008,2,3,20000000.0,112,en,Thriller,Omnilab Media,1.4157,35.8713,6.855,2692
41436,Paranormal Activity 2,2010,10,2,3000000.0,91,en,Horror,Paramount Pictures,0.9529,2.7846,5.804,2691
416477,The Big Sick,2017,3,3,5000000.0,120,en,Comedy,FilmNation Entertainment,1.3415,3.4538,7.321,2688
338,"Good Bye, Lenin!",2003,2,3,4800000.0,121,de,Comedy,WDR,0.7649,2.9009,7.536,2686
634492,Madame Web,2024,2,2,80000000.0,117,en,Action,Columbia Pictures,0.9996,5.7059,5.28,2685
9757,Norbit,2007,2,3,10000000.0,102,en,Comedy,Davis Entertainment,1.0794,5.528,5.731,2685
418078,It Comes at Night,2017,6,4,5000000.0,91,en,Drama,A24,0.4962,3.7842,5.872,2682
776503,CODA,2021,8,4,10000000.0,112,en,Drama,Vendôme Pictures,1.0138,3.1634,7.88,2681
848326,Rebel Moon - Part One: A Child of Fire,2023,12,4,83000000.0,134,en,Science Fiction,The Stone Quarry,3.3444,3.6205,6.224,2678
522931,Hitman's Wife's Bodyguard,2021,6,0,70000000.0,117,en,Action,Nu Boyana Film Studios,1.0359,8.4533,6.625,2678
180299,The Raid 2,2014,3,3,4500000.0,150,id,Action,XYZ Films,1.5249,3.0847,7.614,2678
38167,Eat Pray Love,2010,8,3,60000000.0,133,en,Drama,Columbia Pictures,4.194,5.8435,6.246,2678
549053,Last Christmas,2019,11,3,30000000.0,103,en,Comedy,Universal Pictures,2.3516,7.2484,7.191,2675
539537,Fantasy Island,2020,2,2,7000000.0,109,en,Adventure,Blumhouse Productions,1.329,4.7756,5.747,2675
335796,Ouija: Origin of Evil,2016,10,3,9000000.0,99,en,Horror,Platinum Dunes,1.4289,0.995,6.162,2674
8390,"Definitely, Maybe",2008,2,4,0.0,112,en,Comedy,Ringerike Erste Filmproduktion,0.9536,8.4533,6.935,2674
412656,Chaos Walking,2021,2,2,125000000.0,109,en,Fantasy,Quadrant Pictures,3.342,22.972,6.54,2671
888,The Flintstones,1994,5,4,46000000.0,91,en,Fantasy,Hanna-Barbera Cartoons,1.774,5.1223,5.379,2671
38810,Dogtooth,2009,10,3,275000.0,98,el,Drama,Greek Film Centre,1.7638,0.9923,7.035,2669
2976,Hairspray,2007,7,3,75000000.0,116,en,Comedy,New Line Cinema,3.5514,1.1372,6.667,2668
858,Sleepless in Seattle,1993,6,3,21000000.0,105,en,Comedy,TriStar Pictures,1.3924,2.9116,6.741,2667
696,Manhattan,1979,4,2,9000000.0,96,en,Comedy,United Artists,3.9776,3.9776,7.703,2666
629542,The Bad Guys,2022,3,3,80000000.0,100,en,Action,DreamWorks Animation,1.4116,5.6548,7.515,2664
5528,The Chorus,2004,3,2,5300000.0,97,fr,Drama,Galatée Films,0.9084,1.2645,7.745,2659
316023,Mike and Dave Need Wedding Dates,2016,7,3,33000000.0,98,en,Comedy,Chernin Entertainment,1.578,4.9686,6.043,2657
58244,Upside Down,2012,9,3,60000000.0,104,en,Romance,Upside Down Films,0.5248,9.5508,6.278,2657
55787,Water for Elephants,2011,4,4,38000000.0,122,en,Drama,Big Screen Productions,1.8883,11.5404,6.93,2657
43947,I Spit on Your Grave,2010,6,3,2000000.0,108,en,Thriller,Anchor Bay Films,0.8016,2.367,6.508,2652
581392,Peninsula,2020,7,2,17000000.0,116,ko,Horror,Next Entertainment World,3.51,1.3954,6.697,2651
115782,Jobs,2013,8,3,12000000.0,129,en,Drama,Open Road Films,0.8416,3.9954,6.127,2649
14564,Rings,2017,2,2,25000000.0,102,en,Horror,Paramount Pictures,0.4342,2.1317,5.024,2649
1281,Bean,1997,7,3,18000000.0,89,en,Family,Working Title Films,1.9265,4.4848,6.5,2649
840430,The Holdovers,2023,10,4,13000000.0,133,en,Drama,Miramax,3.3823,5.0594,7.643,2645
262,The King of Comedy,1982,12,5,19000000.0,109,en,Drama,Embassy International Pictures,5.8366,10.1679,7.777,2645
339877,Loving Vincent,2017,6,3,5500000.0,95,en,Animation,Breakthru Films,0.7802,1.5476,7.983,2644
9312,Mortal Kombat,1995,8,4,18000000.0,101,en,Action,New Line Cinema,2.1593,1.6139,5.912,2644
407436,Mowgli: Legend of the Jungle,2018,11,6,175000000.0,105,en,Adventure,The Imaginarium,5.4899,0.8717,6.472,2642
11770,Shaolin Soccer,2001,7,3,10000005.0,113,cn,Action,Star Overseas,6.2911,6.2911,7.209,2640
2135,The Time Machine,2002,3,0,80000000.0,96,en,Science Fiction,DreamWorks Pictures,1.3427,4.6498,6.347,2640
2133,The Perfect Storm,2000,6,3,130000000.0,130,en,Drama,Radiant Productions,1.5927,7.6526,6.486,2640
104,Run Lola Run,1998,8,3,1530000.0,80,de,Action,X Filme Creative Pool,1.567,4.0572,7.307,2637
457335,Guns Akimbo,2020,2,3,15000000.0,98,en,Action,Occupant Entertainment,0.9717,6.063,6.434,2636
1429,25th Hour,2002,12,3,5000000.0,135,en,Crime,Touchstone Pictures,2.5915,10.0001,7.313,2634
9007,Just Like Heaven,2005,9,4,58000000.0,95,en,Comedy,DreamWorks Pictures,1.5577,4.775,6.973,2633
88794,J. Edgar,2011,11,2,35000000.0,137,en,Drama,Imagine Entertainment,9.0746,10.1668,6.23,2628
77987,Only God Forgives,2013,5,3,4800000.0,89,en,Drama,Wild Bunch,2.4376,13.3033,5.813,2624
8923,Green Street Hooligans,2005,9,4,4737249.0,109,en,Crime,OddLot Entertainment,1.01,6.9543,7.273,2621
899112,Violent Night,2022,11,2,20000000.0,112,en,Action,87North Productions,1.0819,6.5806,7.211,2620
294963,Bone Tomahawk,2015,10,4,1800000.0,133,en,Drama,Caliber Media Company,1.1088,8.3238,6.891,2617
9574,Flubber,1997,11,2,80000000.0,93,en,Comedy,Walt Disney Pictures,1.1812,4.7179,5.675,2617
926,Galaxy Quest,1999,12,5,45000000.0,102,en,Comedy,DreamWorks Pictures,0.9372,4.9793,7.095,2617
587807,Tom & Jerry,2021,2,2,50000000.0,101,en,Comedy,Warner Animation Group,1.0637,7.522,6.718,2616
2082,Halloween,2007,8,4,15000000.0,110,en,Horror,Dimension Films,1.9397,1.4733,6.24,2615
38321,Priest,2011,5,3,60000000.0,87,en,Action,Michael De Luca Productions,0.9088,4.9664,5.911,2613
1262,Stranger Than Fiction,2006,11,4,30000000.0,113,en,Drama,Three Strange Angels,2.1586,7.1692,7.295,2613
1106739,Juror #2,2024,10,2,30000000.0,114,en,Drama,Warner Bros. Pictures,9.0746,5.6197,6.895,2612
504,Monster,2003,12,2,8000000.0,109,en,Crime,Media 8 Entertainment,1.7812,9.8979,7.204,2611
11460,Red Eye,2005,8,2,26000000.0,85,en,Thriller,DreamWorks Pictures,2.0992,7.1399,6.396,2609
8265,Welcome to the Sticks,2008,2,2,11000000.0,106,fr,Comedy,Pathé Renn Productions,1.8928,1.4428,6.707,2609
387,Das Boot,1981,9,3,14000000.0,150,de,Drama,Radiant Film,1.5927,2.0389,8.078,2609
4970,Gothika,2003,11,4,40000000.0,98,en,Horror,Dark Castle Entertainment,1.7612,5.4385,6.155,2607
38745,Gulliver's Travels,2010,12,3,112000000.0,85,en,Family,Dune Entertainment,1.0407,10.5948,5.223,2605
552178,Dark Waters,2019,11,4,20000000.0,127,en,Drama,Participant,1.5338,11.4746,7.523,2601
364433,They Call Me Jeeg,2016,2,3,1900000.0,112,it,Science Fiction,Goon Films,0.6117,1.1655,7.4,2601
36593,Naked Gun 33⅓: The Final Insult,1994,3,4,30000000.0,83,en,Comedy,Paramount Pictures,1.5123,4.052,6.519,2601
303991,Demolition,2016,4,2,10000000.0,101,en,Comedy,Sidney Kimmel Entertainment,1.248,11.2983,6.855,2599
82703,Mr. Peabody & Sherman,2014,2,4,145000000.0,92,en,Animation,Pacific Data Images,1.4452,2.0482,6.732,2596
1304313,Lee Cronin's The Mummy,2026,4,2,22000000.0,133,en,Horror,Atomic Monster,2.343,3.2505,7.887,2595
9493,Twins,1988,12,4,15000000.0,107,en,Comedy,Universal Pictures,1.2251,6.3894,6.055,2595
8536,Superman II,1980,12,3,54000000.0,127,en,Science Fiction,Dovemead Films,1.0552,3.6797,6.761,2594
12159,What Dreams May Come,1998,10,4,85000000.0,113,en,Drama,PolyGram Filmed Entertainment,0.8322,4.7179,7.243,2594
747188,Asteroid City,2023,6,3,25000000.0,105,en,Comedy,Indian Paintbrush,7.9027,4.1563,6.46,2593
228165,The SpongeBob Movie: Sponge Out of Water,2015,1,2,74000000.0,93,en,Adventure,Paramount Animation,1.1726,5.092,6.115,2590
3563,I Now Pronounce You Chuck & Larry,2007,7,3,85000000.0,115,en,Comedy,Universal Pictures,1.9846,6.7753,6.091,2590
2022,Mr. Deeds,2002,6,4,50000000.0,97,en,Comedy,Columbia Pictures,1.0101,6.7753,5.927,2588
548,Rashomon,1950,8,5,250000.0,88,ja,Crime,Daiei Film,3.178,2.1812,8.03,2588
1398,Stalker,1979,5,4,120000.0,162,ru,Science Fiction,Mosfilm,2.23,1.1598,8.087,2586
365942,The Space Between Us,2017,1,3,30000000.0,121,en,Romance,Los Angeles Media Fund,1.0457,4.3588,7.04,2584
648579,The Unbearable Weight of Massive Talent,2022,4,2,30000000.0,107,en,Action,Saturn Films,0.5944,10.8655,6.774,2582
422,8½,1963,2,3,0.0,139,it,Drama,Cineriz,1.9041,2.1504,8.079,2581
79,Hero,2002,12,3,31000000.0,99,zh,Drama,Beijing New Picture Film Co. Ltd.,3.5542,5.5501,7.503,2581
625568,Unhinged,2020,7,3,33000000.0,90,en,Action,Solstice Studios,0.7436,6.2703,6.425,2579
10996,Stuart Little 2,2002,7,4,120000000.0,78,en,Family,Columbia Pictures,1.4452,5.1653,5.8,2578
267193,Grimsby,2016,2,2,35000000.0,83,en,Action,Columbia Pictures,2.3288,4.0686,5.95,2576
290512,The Mountain Between Us,2017,10,3,35000000.0,109,en,Drama,Chernin Entertainment,0.8823,8.5716,6.646,2576
9384,Starsky & Hutch,2004,3,4,60000000.0,101,en,Comedy,Warner Bros. Pictures,1.8025,5.028,5.818,2576
522,Ed Wood,1994,9,2,18000000.0,127,en,Comedy,Touchstone Pictures,4.818,8.6846,7.481,2575
277217,Descendants,2015,7,4,0.0,112,en,Family,"Bad Angels Productions, Ltd.",1.1582,4.5802,7.179,2574
384680,Hostiles,2017,12,4,55000000.0,134,en,Drama,Waypoint Entertainment,1.3486,6.5506,6.952,2571
11978,Men of Honor,2000,9,2,32000000.0,129,en,Drama,Fox 2000 Pictures,0.9756,10.1679,7.495,2570
473,Pi,1998,7,4,60000.0,84,en,Mystery,Harvest Filmworks,3.1197,0.7269,7.122,2570
332210,Storks,2016,9,3,70000000.0,87,en,Adventure,RatPac Entertainment,0.5852,5.8306,6.686,2569
9397,Evolution,2001,6,4,80000000.0,102,en,Comedy,DreamWorks Pictures,1.2251,2.9998,6.116,2569
663712,Terrifier 2,2022,10,3,250000.0,138,en,Horror,Dark Age Cinema,0.9664,1.427,6.66,2567
483906,Polar,2019,1,4,0.0,118,en,Action,Dark Horse Entertainment,1.0963,5.9379,6.4,2564
1084199,Companion,2025,1,2,10000000.0,97,en,Horror,BoulderLight Pictures,1.7504,3.5877,7.004,2561
87818,Movie 43,2013,1,3,6000000.0,98,en,Comedy,Witness Protection Films,1.0101,4.6431,4.661,2563
10950,I Am Sam,2001,12,4,22000000.0,132,en,Drama,New Line Cinema,1.0101,5.5397,7.563,2563
968051,The Nun II,2023,9,2,38500000.0,110,en,Horror,New Line Cinema,1.2463,3.0716,6.6,2559
581600,Spenser Confidential,2020,3,4,0.0,110,en,Comedy,Film 44,3.0938,7.5299,6.504,2559
6950,Outbreak,1995,3,4,50000000.0,129,en,Action,Kopelson Entertainment,1.5927,3.5478,6.576,2557
12242,Mulan II,2004,11,2,0.0,79,en,Animation,DisneyToon Studios,0.5465,3.9991,6.526,2556
837,Videodrome,1983,2,4,5952000.0,88,en,Horror,Filmplan International,2.6271,3.3189,7.251,2553
783,Gandhi,1982,12,2,22000000.0,192,en,Drama,Goldcrest,2.175,4.571,7.559,2553
428449,A Ghost Story,2017,4,0,100000.0,93,en,Drama,Sailor Bear,1.3153,4.2856,7.062,2551
37472,Ip Man 2,2010,4,3,12900000.0,108,cn,Action,Mandarin Films,1.3671,4.7286,7.46,2550
8856,The Karate Kid Part II,1986,6,2,13000000.0,113,en,Adventure,Columbia Pictures,2.0576,3.077,6.351,2548
667,You Only Live Twice,1967,6,1,9500000.0,117,en,Action,EON Productions,1.8922,3.9244,6.587,2550
8456,Never Back Down,2008,3,1,20000000.0,113,en,Drama,Summit Entertainment,1.329,1.7721,6.778,2546
41216,Legend of the Guardians: The Owls of Ga'Hoole,2010,7,5,80000000.0,97,en,Animation,Warner Bros. Pictures,3.3444,2.0622,6.836,2543
522212,Just Mercy,2019,12,2,25000000.0,137,en,Drama,Netter Productions,3.2113,8.7129,7.844,2541
642,Butch Cassidy and the Sundance Kid,1969,9,1,6000000.0,111,en,Western,Campanile Productions,1.2201,3.7689,7.607,2535
87492,Foxcatcher,2014,11,4,24000000.0,134,en,Drama,Annapurna Pictures,1.0801,5.8553,6.648,2531
763285,Ambulance,2022,3,2,40000000.0,136,en,Thriller,Bay Films,3.8592,11.2983,6.622,2530
110420,Wolf Children,2012,7,5,0.0,117,ja,Animation,Studio Chizu,1.6092,1.584,8.212,2529
80035,The Watch,2012,7,3,68000000.0,102,en,Comedy,21 Laps Entertainment,1.2573,5.028,5.603,2529
42188,Never Let Me Go,2010,3,3,15000000.0,104,en,Drama,DNA Films,0.8803,3.9005,6.849,2528
12102,Kramer vs. Kramer,1979,12,4,8000000.0,105,en,Drama,Columbia Pictures,1.1702,3.5478,7.565,2528
481084,The Addams Family,2019,10,3,40000000.0,87,en,Family,Cinesite Animation,1.7736,8.7254,6.595,2527
401469,Widows,2018,11,1,42000000.0,129,en,Drama,20th Century Fox,1.4803,3.8439,6.478,2527
134411,Snitch,2013,2,3,35000000.0,112,en,Action,Exclusive Media,3.8502,7.3971,6.133,2527
11969,Tombstone,1993,12,5,25000000.0,130,en,Western,Cinergi Pictures,1.4616,8.3238,7.581,2527
8872,Wayne's World,1992,2,4,20000000.0,94,en,Comedy,Paramount Pictures,1.0629,6.6375,6.684,2527
8202,Æon Flux,2005,11,2,62000000.0,93,en,Science Fiction,Paramount Pictures,1.1877,9.8979,5.64,2526
6278,Reign of Fire,2002,7,1,60000000.0,101,en,Adventure,Touchstone Pictures,1.0405,6.5506,6.213,2527
832,M,1931,5,0,0.0,110,de,Drama,Nero-Film AG,1.3547,1.8457,8.062,2527
11459,Sky High,2005,7,4,35000000.0,100,en,Adventure,Max Stronghold Productions Inc.,1.3654,8.3238,6.267,2526
9595,Hot Shots!,1991,7,2,26000000.0,85,en,Action,20th Century Fox,1.6937,3.9521,6.587,2526
901,City Lights,1931,2,4,1500000.0,87,en,Comedy,Charles Chaplin Productions,2.4611,2.4611,8.251,2525
14337,Primer,2004,10,4,7000.0,77,en,Science Fiction,erbp,0.8769,0.8769,6.748,2520
9600,Big Momma's House,2000,5,2,30000000.0,98,en,Crime,Regency Enterprises,1.5095,4.1233,5.818,2520
8814,Doom,2005,10,3,60000000.0,105,en,Action,di Bonaventura Pictures,0.7985,7.3971,5.202,2517
653,Nosferatu,1922,2,3,0.0,94,de,Horror,Prana-Film,1.0167,0.7356,7.654,2516
15370,The Cat Returns,2002,7,4,0.0,75,ja,Adventure,Studio Ghibli,0.9867,1.7425,7.138,2515
804150,Cocaine Bear,2023,2,2,32500000.0,95,en,Thriller,Universal Pictures,3.5378,6.1365,5.987,2514
10320,The Ring Two,2005,3,3,50000000.0,109,en,Drama,DreamWorks Pictures,1.722,5.489,5.757,2513
9494,Look Who's Talking,1989,10,3,7500000.0,96,en,Comedy,Management Company Entertainment Group (MCEG),1.0815,7.9888,6.29,2513
304410,The Bélier Family,2014,12,2,11000000.0,105,fr,Comedy,uMedia,0.6068,0.8988,6.957,2510
37707,Splice,2010,6,3,26000000.0,104,en,Horror,Copperheart Entertainment,1.1047,7.7298,5.878,2509
282984,Irrational Man,2015,7,4,11000000.0,95,en,Drama,Perdido Productions,3.9776,5.8049,6.521,2508
11439,The Ghost Writer,2010,2,4,45000000.0,128,en,Thriller,R.P. Productions,2.6007,7.3177,6.818,2507
347375,Mile 22,2018,8,3,35000000.0,94,en,Action,STXfilms,3.0938,7.5299,6.268,2507
11199,Wild Hogs,2007,3,4,60000000.0,100,en,Action,Touchstone Pictures,1.1184,4.9793,5.973,2505
6038,Shanghai Knights,2003,2,3,50000000.0,115,en,Adventure,All Knight Productions,1.1717,11.7072,6.138,2504
43923,It's Kind of a Funny Story,2010,10,4,8000000.0,102,en,Comedy,Focus Features,1.0416,1.6939,6.945,2501
14001,Dead Silence,2007,3,4,20000000.0,89,en,Horror,Evolution Entertainment,4.6549,2.0792,6.456,2502
280217,The Lego Movie 2: The Second Part,2019,2,2,99000000.0,107,en,Action,Vertigo Entertainment,1.3654,7.1108,6.645,2501
369557,Sing Street,2016,3,4,4000000.0,105,en,Romance,Likely Story,2.1599,1.4688,7.857,2499
13455,Push,2009,2,2,38000000.0,111,en,Science Fiction,Summit Entertainment,0.9688,7.4976,6.144,2495
623,A Fish Called Wanda,1988,7,4,7500000.0,109,en,Comedy,Prominent Features,1.4567,8.5711,7.214,2493
502416,Ma,2019,5,2,5000000.0,99,en,Horror,Blumhouse Productions,1.3856,4.0433,5.812,2492
154400,The Drop,2014,9,4,12600000.0,106,en,Drama,Fox Searchlight Pictures,0.6985,9.2886,6.826,2491
149509,Horns,2013,9,4,0.0,120,en,Drama,Mandalay Pictures,0.9276,6.063,6.298,2490
931285,Mortal Kombat II,2026,5,2,80000000.0,116,en,Action,New Line Cinema,0.7669,6.6178,7.843,2490
10376,The Legend of 1900,1998,10,2,9000000.0,170,it,Drama,Medusa Film,1.2479,3.9034,8.238,2488
6972,Australia,2008,11,1,130000000.0,165,en,Adventure,Bazmark,2.2661,10.1124,6.594,2488
794,The Omen,1976,6,4,2800000.0,111,en,Horror,Mace Neufeld Productions,2.0441,2.5278,7.404,2487
301351,We Are Your Friends,2015,8,2,6000000.0,96,en,Drama,Working Title Films,0.8627,4.9686,6.807,2486
257088,Point Break,2015,12,3,105000000.0,114,en,Action,Studio Babelsberg,0.9189,2.391,5.952,2483
1900,Traffic,2000,12,2,48000000.0,147,en,Thriller,USA Films,2.161,3.5081,7.087,2483
86825,Stoker,2013,2,3,12000000.0,99,en,Drama,Fox Searchlight Pictures,3.4838,4.3599,6.64,2480
696374,Gabriel's Inferno,2020,5,4,0.0,122,en,Romance,PassionFlix,1.4095,2.1918,8.382,2479
12556,Ghosts of Girlfriends Past,2009,5,4,37500000.0,115,en,Romance,Jon Shestack Productions,1.5577,8.6775,5.964,2479
10139,Milk,2008,11,2,20000000.0,128,en,History,Focus Features,1.5155,5.5397,7.214,2478
820,JFK,1991,12,4,40000000.0,189,en,Drama,Warner Bros. Pictures,2.2764,6.7134,7.593,2478
1646,Freedom Writers,2007,1,4,21000000.0,123,en,Crime,Double Feature Films,1.4011,3.786,7.925,2476
921,Cinderella Man,2005,6,3,88000000.0,144,en,Romance,Universal Pictures,4.1046,6.2703,7.584,2475
797,Persona,1966,10,1,0.0,85,sv,Drama,SF Studios,2.1084,1.3824,8.1,2473
64689,Killing Them Softly,2012,7,0,15000000.0,97,en,Crime,Plan B Entertainment,1.1195,11.6228,6.025,2472
11451,Herbie Fully Loaded,2005,6,6,50000000.0,101,en,Comedy,Walt Disney Pictures,0.8913,4.663,5.841,2472
11011,Ri¢hie Ri¢h,1994,12,0,40000000.0,94,en,Comedy,Davis Entertainment,1.1524,4.6067,5.956,2471
539972,Kraven the Hunter,2024,12,2,130000000.0,127,en,Action,Columbia Pictures,1.1718,4.8232,6.415,2470
9388,Thank You for Smoking,2005,9,4,6500000.0,92,en,Comedy,ContentFilm,2.0397,4.807,7.2,2469
399402,Hunter Killer,2018,10,4,40000000.0,121,en,Action,Original Film,0.5839,7.5862,6.909,2468
8292,Four Brothers,2005,8,3,45000000.0,109,en,Action,Paramount Pictures,1.5502,7.5299,6.809,2468
376866,Jackie,2016,12,4,9000000.0,100,en,Drama,LD Entertainment,0.9826,13.8542,6.453,2465
168530,Ride Along,2014,1,1,25000000.0,99,en,Action,Rainforest Entertainment,1.0637,4.2855,6.253,2464
63492,What's Your Number?,2011,9,4,20000000.0,106,en,Comedy,Regency Enterprises,1.3119,5.0612,6.5,2465
9631,The Negotiator,1998,7,2,50000000.0,140,en,Action,Regency Enterprises,1.3149,9.4487,7.113,2464
1428,Once Upon a Time in Mexico,2003,9,3,29000000.0,102,en,Action,Columbia Pictures,2.8327,5.4164,6.305,2463
446791,All the Money in the World,2017,12,3,50000000.0,132,en,Crime,Imperative Entertainment,9.4611,4.3582,6.492,2460
10313,The Men Who Stare at Goats,2009,10,5,24000000.0,94,en,Comedy,Ruby Films,1.5907,7.6526,5.971,2460
112949,Safe Haven,2013,2,3,28000000.0,115,en,Romance,Relativity Media,1.478,2.9242,7.2,2458
37169,The Human Centipede (First Sequence),2009,10,5,2000000.0,92,en,Horror,Six Entertainment,0.7903,1.3441,5.171,2456
1248,Hannibal Rising,2007,2,1,75000000.0,121,en,Crime,Quinta Communications,0.6806,1.9562,6.269,2456
774752,The Guardians of the Galaxy Holiday Special,2022,11,3,0.0,45,en,Comedy,Marvel Studios,6.6929,7.1108,7.085,2455
245,About a Boy,2002,4,4,27000000.0,101,en,Drama,Universal Pictures,1.4276,4.3879,6.699,2455
523139,In the Tall Grass,2019,9,4,0.0,101,en,Horror,Copperheart Entertainment,1.1047,9.3508,5.551,2454
8328,Step Up 2: The Streets,2008,2,3,23000000.0,98,en,Music,Touchstone Pictures,1.9714,1.6522,6.696,2453
951491,Saw X,2023,9,2,13000000.0,118,en,Horror,Twisted Pictures,1.0268,2.5064,7.15,2451
11474,The Warriors,1979,2,3,4000000.0,94,en,Action,Paramount Pictures,1.4476,1.849,7.682,2449
43593,Piranha 3D,2010,8,4,24000000.0,88,en,Comedy,Atmosphere Entertainment MM,0.9276,4.4972,5.423,2448
409,The English Patient,1996,11,3,27000000.0,162,en,Drama,Miramax,1.2008,5.8452,7.134,2448
4836,Layer Cake,2004,9,3,6500000.0,105,en,Drama,Marv,2.1336,5.1208,6.912,2447
287903,Krampus,2015,11,3,15000000.0,98,en,Horror,Universal Pictures,1.0249,8.0312,6.207,2446
152603,Only Lovers Left Alive,2013,12,3,7000000.0,123,en,Drama,Recorded Picture Company,2.0795,3.5899,7.198,2444
12573,A Serious Man,2009,10,4,7000000.0,106,en,Comedy,Focus Features,3.4895,4.269,6.687,2445
8913,Pet Sematary,1989,4,4,11500000.0,103,en,Horror,Paramount Pictures,0.8435,1.3469,6.654,2444
22972,Green Zone,2010,3,3,100000000.0,115,en,War,Universal Pictures,1.7118,13.0917,6.484,2443
10147,Bad Santa,2003,11,2,23000000.0,92,en,Drama,Mike Zoss Productions,2.195,3.7823,6.564,2443
967,Spartacus,1960,10,3,12000000.0,197,en,History,Bryna Productions,4.1712,2.7733,7.541,2441
9378,Thir13en Ghosts,2001,10,3,42000000.0,91,en,Horror,Warner Bros. Pictures,0.7478,4.5258,6.3,2440
666277,Past Lives,2023,6,4,12000000.0,106,en,Drama,A24,1.1951,3.1258,7.697,2439
484718,Coming 2 America,2021,3,3,60000000.0,108,en,Comedy,Paramount Pictures,0.9718,5.528,6.319,2438
96724,Anna Karenina,2012,9,3,40600000.0,129,en,Drama,Working Title Films,1.6914,6.9424,6.694,2437
10098,The Kid,1921,1,4,250000.0,68,en,Comedy,Charles Chaplin Productions,2.4611,2.4611,8.139,2435
826,The Bridge on the River Kwai,1957,10,4,2800000.0,162,en,Drama,Horizon Pictures,1.2795,3.185,7.822,2434
329833,Zoolander 2,2016,2,5,50000000.0,100,en,Action,Paramount Pictures,5.028,5.028,4.928,2433
681,Diamonds Are Forever,1971,12,1,7200000.0,120,en,Action,EON Productions,0.8709,3.9244,6.402,2433
1523,The Last King of Scotland,2006,9,2,6000000.0,123,en,Drama,Fox Searchlight Pictures,1.0371,4.7539,7.412,2431
26389,From Paris with Love,2010,2,3,52000000.0,92,en,Action,M6,1.9739,7.9888,6.46,2431
795,City of Angels,1998,4,4,55000000.0,114,en,Drama,Atlas Entertainment,1.3057,10.8655,6.828,2430
243688,Poltergeist,2015,5,2,35000000.0,93,en,Horror,TSG Entertainment,0.9202,5.6548,5.223,2429
28355,Case 39,2009,8,3,27000000.0,109,en,Horror,Paramount Vantage,0.998,3.9433,6.318,2428
688,The Bridges of Madison County,1995,6,4,24000000.0,135,en,Drama,Malpaso Productions,9.0746,7.1363,7.716,2428
527435,The Christmas Chronicles,2018,11,3,0.0,104,en,Comedy,1492 Pictures,0.7171,1.5369,7.154,2426
1535,Spy Game,2001,11,6,115000000.0,126,en,Action,TOHO,2.7841,3.0916,6.92,2426
72571,Paranormal Activity 3,2011,10,2,5000000.0,83,en,Horror,Paramount Pictures,0.9362,1.087,5.927,2424
339527,Solace,2015,9,3,0.0,101,en,Thriller,Venture Forth,0.6072,9.5383,6.441,2423
400710,Flatliners,2017,9,3,19000000.0,111,en,Drama,The Safran Company,2.1584,5.8154,5.642,2421
317442,The Last: Naruto the Movie,2014,12,5,750000.0,114,ja,Action,Aniplex,0.8334,2.8977,7.5,2420
724495,The Woman King,2022,9,4,50000000.0,135,en,Action,TriStar Pictures,1.3958,3.8439,7.563,2419
16690,Return to Never Land,2002,2,3,20000000.0,72,en,Adventure,Disney Television Animation,0.5715,0.5928,6.469,2417
12279,Spy Kids 3-D: Game Over,2003,7,4,38000000.0,84,en,Family,Dimension Films,2.8327,1.9563,5.133,2417
372343,The Snowman,2017,8,3,35000000.0,119,en,Crime,Universal Pictures,1.2162,5.7677,5.211,2413
964980,Air,2023,4,2,80000000.0,112,en,Drama,Amazon Studios,6.648,13.0917,7.277,2410
475303,A Rainy Day in New York,2019,7,4,25000000.0,92,en,Comedy,Gravier Productions,3.9776,7.9798,6.476,2410
10065,The Amityville Horror,2005,4,3,19000000.0,90,en,Horror,Metro-Goldwyn-Mayer,0.9223,8.4533,6.121,2410
77931,The Smurfs 2,2013,7,1,105000000.0,105,en,Fantasy,NeoReel,1.5095,2.712,5.748,2408
68727,Trance,2013,3,2,20000000.0,101,en,Thriller,Pathe,2.1713,5.5475,6.616,2406
454992,The Spy Who Dumped Me,2018,8,3,40000000.0,117,en,Comedy,Imagine Entertainment,0.771,5.8425,6.368,2405
16614,Adventureland,2009,4,4,9800000.0,107,en,Comedy,Miramax,1.3385,6.3683,6.398,2405
42297,Burlesque,2010,11,1,55000000.0,119,en,Drama,Screen Gems,0.9598,1.4839,7.2,2402
378,Raising Arizona,1987,3,4,6000000.0,94,en,Comedy,Circle Films,2.3023,10.8655,7.05,2397
615665,Holidate,2020,10,1,0.0,104,en,Comedy,Wonderland Sound and Vision,0.9209,4.6607,6.97,2395
34016,She's Out of My League,2010,3,3,20000000.0,104,en,Romance,Paramount Pictures,0.7999,3.1203,6.487,2394
23082,The Invention of Lying,2009,10,4,18500000.0,100,en,Comedy,MRC,5.6779,5.6779,6.215,2391
11551,Small Soldiers,1998,7,4,40000000.0,110,en,Comedy,DreamWorks Pictures,1.7598,3.8521,6.559,2391
9488,Spy Kids 2: The Island of Lost Dreams,2002,8,2,38000000.0,100,en,Family,Dimension Films,2.8327,3.0809,5.649,2391
503,Poseidon,2006,5,2,160000000.0,98,en,Adventure,Virtual Studios,1.5927,3.0301,5.9,2390
55301,Alvin and the Chipmunks: Chipwrecked,2011,12,2,75000000.0,87,en,Comedy,Fox 2000 Pictures,1.3654,3.2271,5.706,2389
89492,This Is 40,2012,12,3,35000000.0,134,en,Comedy,Apatow Productions,1.7165,6.509,5.901,2386
1265609,War Machine,2026,2,3,73000000.0,110,en,Action,Lionsgate,1.0359,25.1661,7.459,2386
507076,Climax,2018,9,2,2900000.0,97,fr,Drama,Rectangle Productions,1.9558,3.6205,7.035,2383
49021,Killer Elite,2011,9,3,66000000.0,116,en,Action,Open Road Films,0.442,35.8713,6.267,2384
433310,When We First Met,2018,2,3,10000000.0,97,en,Comedy,Footprint Features,0.624,2.5835,6.559,2381
37233,The Firm,1993,6,2,42000000.0,154,en,Drama,Mirage Enterprises,1.9812,12.2838,6.744,2379
371645,Hunt for the Wilderpeople,2016,1,4,2500000.0,101,en,Adventure,Defender Films,3.1858,6.3605,7.644,2376
147,The 400 Blows,1959,6,2,0.0,99,fr,Drama,Les Films du Carrosse,1.4315,1.7207,7.997,2377
682507,Where the Crawdads Sing,2022,7,3,24000000.0,126,en,Drama,3000 Pictures,1.1235,3.0819,7.509,2376
49526,Premium Rush,2012,8,4,35000000.0,91,en,Crime,Columbia Pictures,2.9353,6.1524,6.366,2375
9513,Garfield: A Tail of Two Kitties,2006,6,3,60000000.0,86,en,Comedy,20th Century Fox,1.0364,4.5082,5.607,2375
1251,Letters from Iwo Jima,2006,12,5,19000000.0,141,en,Action,Warner Bros. Pictures,9.0746,3.3591,7.504,2372
1547,The Lost Boys,1987,7,4,8500000.0,97,en,Horror,Warner Bros. Pictures,1.8784,2.4137,7.115,2371
379170,Sherlock: The Abominable Bride,2016,1,4,0.0,90,en,Crime,BBC,0.7538,7.5303,7.832,2368
9913,The Skeleton Key,2005,7,4,43000000.0,104,en,Drama,Universal Pictures,0.8481,4.8398,6.623,2368
192102,3 Days to Kill,2014,2,4,28000000.0,113,en,Action,Wonderland Sound and Vision,2.3421,6.7134,6.103,2366
294272,Pete's Dragon,2016,8,2,65000000.0,103,en,Adventure,Whitaker Entertainment,1.3153,2.2052,6.393,2365
8005,Robin Hood: Men in Tights,1993,7,2,20000000.0,104,en,Comedy,Gaumont,3.0056,3.5282,6.609,2364
29917,Exam,2009,6,4,600000.0,101,en,Thriller,Bedlam Productions,0.6012,1.4974,6.676,2361
11397,Not Another Teen Movie,2001,12,4,16000000.0,89,en,Comedy,Neal H. Moritz Productions,1.4216,2.8869,5.821,2361
923,Dawn of the Dead,1978,9,5,640000.0,127,en,Horror,Dawn Associates,1.4102,0.8234,7.485,2362
537116,"tick, tick... BOOM!",2021,11,3,0.0,120,en,Drama,Imagine Entertainment,3.3895,10.3499,7.587,2361
6415,Three Kings,1999,9,0,75000000.0,114,en,Action,Village Roadshow Pictures,1.4652,7.6526,6.641,2361
599975,Countdown,2019,10,3,6500000.0,90,en,Horror,Wrigley Pictures,0.4341,3.0912,6.208,2360
318121,The Fundamentals of Caring,2016,6,3,0.0,97,en,Comedy,Worldwide Pants,0.7173,6.509,7.285,2359
273895,Selma,2014,12,3,20000000.0,128,en,History,Plan B Entertainment,1.3005,2.6482,7.37,2359
505192,Shoplifters,2018,6,5,0.0,120,ja,Drama,Fuji Television Network,3.4689,1.6001,7.828,2358
5336,"Salò, or the 120 Days of Sodom",1976,1,5,800000.0,117,it,Horror,Les Productions Artistes Associés,1.6666,1.0073,6.3,2355
11395,The Santa Clause,1994,11,4,22000000.0,97,en,Fantasy,Walt Disney Pictures,0.8991,4.9793,6.529,2355
4032,My Girl,1991,11,2,17000000.0,103,en,Comedy,Columbia Pictures,0.6476,2.3124,7.424,2355
463821,The House with a Clock in Its Walls,2018,9,5,42000000.0,105,en,Comedy,Reliance Entertainment,2.6461,10.5948,6.254,2354
11282,Harold & Kumar Go to White Castle,2004,7,4,9000000.0,88,en,Comedy,Senator International,0.9776,2.8906,6.58,2353
606856,Togo,2019,12,4,0.0,113,en,Adventure,Walt Disney Pictures,0.9189,12.2687,8.139,2352
8224,8MM,1999,2,4,40000000.0,123,en,Thriller,Global Medien KG,1.8784,10.8655,6.506,2352
58431,Pride and Prejudice and Zombies,2016,2,3,28000000.0,108,en,Romance,Handsomecharlie Films,0.9434,5.7636,6.167,2351
253,Live and Let Die,1973,6,2,7000000.0,121,en,Adventure,EON Productions,0.8709,2.9825,6.503,2351
602734,Spiral: From the Book of Saw,2021,5,2,20000000.0,93,en,Horror,Twisted Pictures,1.4169,3.0696,5.884,2349
283445,Sinister 2,2015,8,2,10000000.0,97,en,Horror,Blumhouse Productions,0.6026,2.9846,5.893,2349
59860,Monte Carlo,2011,7,4,20000000.0,109,en,Adventure,Fox 2000 Pictures,0.8827,6.8857,6.81,2348
760161,Orphan: First Kill,2022,7,2,10000000.0,99,en,Horror,Dark Castle Entertainment,0.8205,3.3319,6.588,2347
203,Mean Streets,1973,10,6,500000.0,112,en,Drama,Taplin-Perry-Scorsese Productions,5.8366,10.1679,7.046,2346
29427,The Crazies,2010,2,4,20000000.0,101,en,Mystery,Penn Station Entertainment,1.2968,6.7759,6.305,2345
10590,We Were Soldiers,2002,3,4,75000000.0,138,en,Action,Wheelhouse Entertainment,1.4093,5.2865,7.135,2345
9276,The Faculty,1998,12,4,15000000.0,104,en,Horror,Los Hooligans Productions,2.8327,4.9968,6.572,2345
864,Cool Runnings,1993,10,4,14000000.0,98,en,Comedy,Walt Disney Pictures,1.7011,1.3111,7.026,2344
701387,Bugonia,2025,10,3,55000000.0,119,en,Science Fiction,Element Pictures,1.7638,11.4889,7.295,2343
37821,Killers,2010,6,4,75000000.0,100,en,Action,Katalyst Films,1.0672,3.9954,5.959,2343
10925,The Return of the Living Dead,1985,4,3,4000000.0,91,en,Comedy,Hemdale Film Corporation,1.427,1.7634,7.192,2343
1923,Twin Peaks: Fire Walk with Me,1992,6,2,10000000.0,135,en,Drama,CiBy Pictures,3.4553,2.0133,7.4,2343
585216,Escape Room: Tournament of Champions,2021,7,3,15000000.0,88,en,Horror,Original Film,2.518,3.4321,6.505,2341
37797,Whisper of the Heart,1995,7,5,0.0,111,ja,Animation,Studio Ghibli,0.9427,1.2729,7.946,2342
319888,Eddie the Eagle,2016,2,3,23000000.0,106,en,Drama,Marv,1.7866,5.3432,7.161,2341
682,The Man with the Golden Gun,1974,12,2,7000000.0,125,en,Adventure,EON Productions,0.8709,2.9825,6.458,2341
796499,Army of Thieves,2021,10,4,30000000.0,128,en,Action,Pantaleon Films,2.7337,2.7337,6.803,2339
59678,Attack the Block,2011,5,2,13000000.0,88,en,Action,UK Film Council,0.9774,2.5713,6.461,2339
18947,The Boat That Rocked,2009,4,2,50000000.0,135,en,Drama,Universal Pictures,2.4566,3.1206,7.2,2339
8346,My Big Fat Greek Wedding,2002,4,4,5000000.0,95,en,Comedy,Gold Circle Films,1.1424,2.1997,6.496,2339
8452,The 6th Day,2000,11,4,82000000.0,123,en,Action,Phoenix Pictures,1.2445,6.3894,6.003,2338
969681,Spider-Man: Brand New Day,2026,7,2,225000000.0,145,en,Science Fiction,Marvel Studios,3.2113,22.972,7.875,2330
9571,Dazed and Confused,1993,9,4,6900000.0,102,en,Comedy,Alphaville Films,4.659,2.0005,7.3,2333
82525,Savages,2012,7,4,45000000.0,131,en,Crime,Universal Pictures,2.2764,3.6292,6.353,2331
146198,Triple 9,2016,2,4,20000000.0,115,en,Action,Surefire Capital,1.0807,4.2856,5.976,2329
650,Boyz n the Hood,1991,7,4,6500000.0,112,en,Drama,Columbia Pictures,1.5502,2.9057,7.638,2330
8461,Funny Games,2008,3,4,15000000.0,111,en,Thriller,Celluloid Dreams,2.1454,5.489,6.545,2328
339967,Colossal,2017,4,3,15000000.0,109,en,Drama,Toy Fight Productions,0.8561,26.9693,6.271,2327
804,Roman Holiday,1953,8,2,1500000.0,119,en,Romance,Paramount Pictures,1.4648,2.5278,7.893,2321
228066,Victor Frankenstein,2015,11,1,40000000.0,110,en,Drama,Davis Entertainment,0.9688,5.5475,5.954,2318
13051,Max Payne,2008,10,2,35000000.0,100,en,Crime,Dune Entertainment,0.8728,7.5299,5.42,2318
2309,Inkheart,2008,12,3,60000000.0,106,en,Adventure,New Line Cinema,0.8481,4.7362,6.303,2318
483184,Dogman,2018,5,3,0.0,103,it,Crime,Archimede,0.9385,0.7362,7.509,2316
6282,Coyote Ugly,2000,7,6,45000000.0,100,en,Comedy,Touchstone Pictures,0.7931,5.894,6.258,2316
24238,Mary and Max,2009,4,3,8240000.0,92,en,Animation,Melodrama Pictures,1.127,4.9121,7.879,2314
465136,Every Day,2018,2,3,4900000.0,97,en,Romance,FilmWave,0.563,5.485,7.242,2314
8769,Christine,1983,12,4,9700000.0,110,en,Horror,Columbia Pictures,2.3727,1.173,6.878,2314
137093,Last Vegas,2013,10,3,28000000.0,105,en,Comedy,Gidden Media,1.7011,10.1679,6.396,2312
10314,She's All That,1999,1,4,10000000.0,95,en,Comedy,Tapestry Films,0.9832,2.8515,6.34,2313
10603,George of the Jungle,1997,7,1,55000000.0,92,en,Adventure,Walt Disney Pictures,0.6699,4.7362,5.672,2311
9381,Babylon A.D.,2008,8,2,70000000.0,101,en,Action,StudioCanal,1.7612,11.0759,5.67,2311
940551,Migration,2023,12,2,72000000.0,83,en,Family,Universal Pictures,0.7872,3.4538,7.358,2310
10673,Wall Street,1987,12,3,15000000.0,126,en,Crime,20th Century Fox,2.2764,3.5081,7.162,2309
4564,Sex and the City,2008,5,0,65000000.0,146,en,Comedy,Darren Star Productions,1.1337,4.0599,6.546,2309
446893,Trolls World Tour,2020,3,2,90000000.0,91,en,Family,DreamWorks Animation,2.3651,4.3361,7.225,2308
1100782,Smile 2,2024,10,2,28000000.0,127,en,Horror,Paramount Pictures,1.236,4.2355,6.583,2307
591274,Fear Street: 1978,2021,7,3,10000000.0,111,en,Horror,Chernin Entertainment,0.801,15.2009,7.171,2304
655,"Paris, Texas",1984,7,0,1750000.0,145,en,Drama,Road Movies,2.2573,2.2334,8.072,2304
88005,Seeking a Friend for the End of the World,2012,6,4,10000000.0,101,en,Comedy,Indian Paintbrush,2.2979,5.8553,6.565,2302
11281,Halloween II,1981,10,4,2500000.0,92,en,Horror,The De Laurentiis Company,1.0947,8.5711,6.593,2302
48171,The Rite,2011,1,4,37000000.0,114,en,Drama,New Line Cinema,1.0892,9.5383,6.123,2300
1114513,Speak No Evil,2024,9,2,15000000.0,110,en,Horror,Blumhouse Productions,1.3594,5.5475,7.096,2298
14069,The Girl Who Leapt Through Time,2006,7,5,0.0,98,ja,Fantasy,Madhouse,1.6092,1.4647,7.774,2297
691,The Spy Who Loved Me,1977,7,3,13500000.0,125,en,Adventure,EON Productions,1.8922,2.9825,6.818,2297
556803,The Princess Switch,2018,10,3,0.0,101,en,Romance,Motion Picture Corporation of America,1.1977,2.6904,6.981,2293
10024,My Sister's Keeper,2009,6,4,30000000.0,109,en,Drama,Mark Johnson Productions,1.5961,5.8161,7.369,2291
10708,Daddy Day Care,2003,5,4,60000000.0,92,en,Comedy,Revolution Studios,1.096,5.528,5.917,2290
1844,Entrapment,1999,4,3,66000000.0,112,en,Romance,Fountainbridge Films,1.1391,4.7279,6.236,2290
345938,The Shack,2017,3,3,20000000.0,132,en,Drama,Summit Entertainment,0.6012,5.7128,7.513,2289
11806,Beethoven,1992,4,4,0.0,87,en,Family,Northern Lights Entertainment,1.774,0.3121,5.835,2289
2609,"Planes, Trains and Automobiles",1987,11,3,15000000.0,92,en,Comedy,Paramount Pictures,3.3642,4.4481,7.251,2287
802,Lolita,1962,6,2,2000000.0,154,en,Drama,Seven Arts Productions,4.1712,2.0989,7.3,2288
458594,Peppermint,2018,9,3,25000000.0,102,en,Action,STXfilms,1.9739,5.2829,6.738,2285
632357,The Unholy,2021,3,2,10000000.0,99,en,Horror,Ghost House Pictures,1.3745,7.2777,6.543,2284
14411,Sinbad: Legend of the Seven Seas,2003,7,2,60000000.0,86,en,Action,DreamWorks Animation,1.3446,11.6228,7.061,2283
198375,The Garden of Words,2013,5,4,0.0,46,ja,Animation,CoMix Wave Films,3.6897,3.7432,7.584,2281
559907,The Green Knight,2021,7,3,15000000.0,130,en,Adventure,A24,1.3153,4.1629,6.589,2282
1677,Ray,2004,10,4,40000000.0,152,en,Drama,Bristol Bay Productions,1.394,6.5532,7.454,2281
698,Moonraker,1979,6,1,34000000.0,126,en,Action,EON Productions,1.8922,2.9825,6.185,2281
339692,Shot Caller,2017,7,4,0.0,121,en,Crime,DirecTV,3.8502,5.7142,6.968,2280
500682,The Highwaymen,2019,3,4,49000000.0,133,en,Crime,Casey Silver Productions,1.2485,6.7134,6.772,2279
184346,Deliver Us from Evil,2014,7,1,30000000.0,118,en,Thriller,LStar Capital,2.0657,4.8532,6.256,2278
8274,American Pie Presents: Band Camp,2005,11,2,7000000.0,94,en,Comedy,Rogue Pictures,0.9109,1.102,5.469,2278
10474,The Basketball Diaries,1995,4,4,2000000.0,102,en,Drama,Island Pictures,0.6623,10.1668,7.402,2277
700,Octopussy,1983,6,6,27500000.0,131,en,Adventure,EON Productions,1.1804,2.9825,6.356,2275
12184,The Other Boleyn Girl,2008,2,3,35000000.0,116,en,Drama,Universal Pictures,1.4034,13.8542,6.706,2271
1327819,Hoppers,2026,3,2,150000000.0,104,en,Adventure,Pixar,1.476,1.8484,8.165,2270
967847,Ghostbusters: Frozen Empire,2024,3,2,100000000.0,115,en,Fantasy,Ghost Corps,0.9202,8.698,6.4,2268
500840,I'm Thinking of Ending Things,2020,8,4,0.0,135,en,Mystery,Likely Story,1.9844,6.8816,6.53,2269
77866,Contraband,2012,1,3,25000000.0,109,en,Thriller,Universal Pictures,1.3288,7.5299,6.346,2269
11104,Chungking Express,1994,7,3,160000.0,103,cn,Drama,Jet Tone Production,2.7395,2.6567,8.0,2269
552524,Lilo & Stitch,2025,5,5,100000000.0,108,en,Family,Walt Disney Pictures,1.1711,1.5016,7.2,2268
2642,Two Weeks Notice,2002,12,3,60000000.0,101,en,Romance,Fortis Films,1.2385,8.1384,6.364,2268
1691,Hostel: Part II,2007,6,3,10200000.0,93,en,Horror,Next Entertainment,2.6461,4.3328,5.856,2267
399019,The Beguiled,2017,6,4,10500000.0,93,en,Drama,American Zoetrope,3.3007,8.8777,5.9,2267
23488,Dorian Gray,2009,9,2,0.0,112,en,Fantasy,Ealing Studios,1.4099,3.3455,6.046,2266
9285,Road Trip,2000,5,4,16000000.0,93,en,Comedy,DreamWorks Pictures,1.8025,2.8609,6.255,2266
755566,Day Shift,2022,8,4,100000000.0,114,en,Action,87Eleven,1.222,6.5532,6.737,2266
5994,The Family Man,2000,12,1,60000000.0,125,en,Comedy,Beacon Pictures,1.6681,10.8655,6.828,2265
426543,The Nutcracker and the Four Realms,2018,10,4,120000000.0,99,en,Family,Walt Disney Pictures,1.478,3.5228,6.081,2264
48231,A Dangerous Method,2011,9,4,15000000.0,99,en,Drama,Dangerous Method Film AG,2.6271,6.9424,6.349,2264
37950,Charlie St. Cloud,2010,7,4,44000000.0,99,en,Drama,Marc Platt Productions,0.9434,4.9686,6.975,2263
12180,Star Wars: The Clone Wars,2008,8,1,8500000.0,98,en,Animation,Lucasfilm Ltd.,3.5268,2.1057,6.154,2263
707,A View to a Kill,1985,5,4,30000000.0,131,en,Adventure,EON Productions,1.1804,2.9825,6.256,2260
868759,Ghosted,2023,4,1,40000000.0,117,en,Action,Skydance Media,1.7866,7.4976,6.872,2259
629176,Samaritan,2022,8,3,100000000.0,102,en,Science Fiction,Metro-Goldwyn-Mayer,0.7281,2.5239,6.652,2259
1946,eXistenZ,1999,4,2,15000000.0,97,en,Action,Alliance Atlantis,2.6271,4.8254,6.789,2258
310593,Youth,2015,5,2,13360000.0,125,it,Comedy,Indigo Film,1.2746,5.7447,6.9,2256
14164,Dragonball Evolution,2009,3,3,30000000.0,85,en,Action,Dune Entertainment,1.4037,2.6013,2.938,2257
800815,The Pale Blue Eye,2022,12,3,72000000.0,128,en,Thriller,Cross Creek Pictures,1.3486,6.5506,6.789,2255
73861,A Serbian Film,2010,1,2,0.0,104,sr,Crime,Contra Film,1.3787,2.3674,5.452,2255
41402,Let Me In,2010,10,4,20000000.0,116,en,Drama,Hammer Film Productions,2.3584,1.9543,6.797,2255
384682,Office Christmas Party,2016,11,4,45000000.0,105,en,Comedy,Bluegrass Films,0.777,5.2974,5.718,2252
71880,Jack and Jill,2011,11,4,79000000.0,91,en,Comedy,Broken Road Productions,1.9846,6.7753,4.391,2252
21032,Balto,1995,12,4,31000000.0,78,en,Adventure,Amblin Entertainment,1.3427,7.1887,7.338,2252
24803,Julie & Julia,2009,8,3,40000000.0,123,en,Romance,Columbia Pictures,1.3924,7.1363,6.711,2251
15144,Sixteen Candles,1984,5,4,6500000.0,93,en,Comedy,Universal Pictures,3.3642,4.0343,6.748,2251
11690,Bloodsport,1988,2,4,1500000.0,92,en,Action,The Cannon Group,0.9646,7.0039,7.067,2249
1788,Footloose,1984,2,4,8200000.0,107,en,Drama,Paramount Pictures,1.1143,7.1887,6.687,2251
243,High Fidelity,2000,3,4,30000000.0,113,en,Drama,Touchstone Pictures,1.5438,3.6691,7.1,2251
10027,Unleashed,2005,2,2,45000000.0,103,en,Action,EuropaCorp,2.3288,5.5501,6.946,2250
19901,Daybreakers,2010,1,2,20000000.0,98,en,Action,Lionsgate,1.342,5.6532,6.28,2248
10664,[REC]²,2009,9,1,5600000.0,84,es,Thriller,Castelao Productions,1.2709,2.0185,6.634,2248
9040,Serpico,1973,12,1,3500000.0,129,en,Crime,Artists Entertainment Complex,3.2191,6.8539,7.528,2247
470044,The Hate U Give,2018,10,4,23000000.0,133,en,Crime,Temple Hill Entertainment,0.9756,2.7774,8.068,2246
11615,The Life of David Gale,2003,2,4,50000000.0,130,en,Drama,Mikona Productions,3.1183,4.345,7.434,2246
1198994,Send Help,2026,1,3,40000000.0,113,en,Horror,Raimi Productions,5.0662,7.1399,7.0,2245
11852,The Hot Chick,2002,12,4,34000000.0,104,en,Comedy,Touchstone Pictures,1.1338,4.0319,6.357,2245
62838,New Year's Eve,2011,12,3,56000000.0,118,en,Comedy,New Line Cinema,2.2996,3.786,5.885,2244
7461,Vantage Point,2008,2,4,40000000.0,90,en,Drama,KanZaman Productions,1.0543,4.6431,6.412,2244
938614,Late Night with the Devil,2024,3,1,0.0,93,en,Horror,Spooky Pictures,0.9151,3.3186,7.096,2241
390062,Jungle,2017,6,1,0.0,115,en,Adventure,Screen Queensland,1.2432,6.063,6.711,2241
1314481,The Devil Wears Prada 2,2026,4,2,100000000.0,119,en,Comedy,20th Century Studios,1.5772,26.9693,7.055,2240
13680,The Game Plan,2007,9,4,22000000.0,110,en,Comedy,Monkey Dance Productions,0.9626,7.3971,6.507,2240
860,WarGames,1983,6,4,12000000.0,114,en,Drama,Sherwood Productions,1.1422,2.6277,7.07,2237
197796,Beauty and the Beast,2014,2,2,33000000.0,112,fr,Fantasy,Eskwad,1.0308,4.3224,6.3,2236
9341,The Core,2003,3,4,60000000.0,136,en,Science Fiction,Paramount Pictures,1.1391,4.807,5.845,2236
8193,Napoleon Dynamite,2004,6,4,400000.0,95,en,Comedy,Napoleon Pictures,1.9982,2.1267,6.794,2236
7978,The Wolfman,2010,2,2,150000000.0,103,en,Horror,Universal Pictures,2.3245,6.01,5.899,2236
2011,Persepolis,2007,6,2,7300000.0,95,fr,Animation,Société des Producteurs de L'Angoa,1.2189,1.3136,7.881,2235
374416,Where Am I Going?,2016,1,4,11089000.0,86,it,Comedy,Taodue Film,0.6445,0.8905,6.823,2234
847,Willow,1988,5,4,35000000.0,126,en,Fantasy,Lucasfilm Ltd.,4.1046,2.0931,7.005,2234
10771,The Tuxedo,2002,9,4,60000000.0,99,en,Thriller,DreamWorks Pictures,0.4222,11.7072,5.736,2232
10159,The Rundown,2003,9,4,85000000.0,104,en,Adventure,Columbia Pictures,3.0938,7.3971,6.4,2232
8275,American Pie Presents: The Naked Mile,2006,12,0,0.0,97,en,Comedy,Rogue Pictures,1.0755,1.1599,5.492,2232
431530,A Bad Moms Christmas,2017,8,4,28000000.0,104,en,Comedy,STXfilms,0.9356,5.8425,6.323,2230
709,Licence to Kill,1989,6,1,32000000.0,133,en,Adventure,EON Productions,1.1804,2.9343,6.439,2228
461130,Code 8,2019,12,4,15000000.0,99,en,Science Fiction,Colony Pictures,0.9194,3.3925,6.259,2224
535292,21 Bridges,2019,10,3,33000000.0,100,en,Crime,STXfilms,0.9757,2.6017,6.786,2222
649609,Renfield,2023,4,4,65000000.0,93,en,Comedy,Skybound Entertainment,0.9187,5.6197,6.435,2220
460885,Mandy,2018,9,3,6000000.0,122,en,Fantasy,SpectreVision,0.83,10.8655,6.203,2220
201088,Blackhat,2015,1,1,70000000.0,133,en,Crime,Legendary Pictures,4.0774,8.6502,5.522,2220
8840,DragonHeart,1996,5,4,57000000.0,103,en,Fantasy,Universal Pictures,1.2822,4.6431,6.568,2220
9319,The Last Boy Scout,1991,12,4,29000000.0,105,en,Action,Geffen Pictures,2.7841,8.5919,6.843,2218
431580,Abominable,2019,9,3,75000000.0,97,en,Family,DreamWorks Animation,0.6736,2.0445,7.452,2217
216282,Into the Storm,2014,8,2,50000000.0,89,en,Action,New Line Cinema,0.926,4.0576,6.069,2217
16866,Planet 51,2009,11,3,70000000.0,91,en,Animation,Ilion Animation Studios,0.4223,4.5028,5.921,2217
624,Easy Rider,1969,6,3,400000.0,96,en,Adventure,Columbia Pictures,2.8624,2.9443,7.0,2216
375366,The Girl with All the Gifts,2016,9,4,5005600.0,111,en,Action,Altitude Film Entertainment,0.7702,0.7391,6.6,2214
1360,Frida,2002,8,3,12000000.0,123,en,Drama,Miramax,0.7648,4.1786,7.382,2211
38142,5 Centimeters per Second,2007,3,5,5000000.0,63,ja,Animation,CoMix Wave Films,3.6897,3.0867,7.295,2210
402897,The Death of Stalin,2017,10,4,13000000.0,107,en,Comedy,Gaumont,1.8554,6.215,7.012,2208
4806,Runaway Bride,1999,7,4,70000000.0,116,en,Comedy,Paramount Pictures,2.2996,5.8435,6.096,2207
581726,Infinite,2021,9,3,0.0,106,en,Science Fiction,di Bonaventura Pictures,1.8645,7.5299,6.56,2206
668,On Her Majesty's Secret Service,1969,12,3,7000000.0,142,en,Adventure,EON Productions,1.1524,1.2162,6.556,2206
13655,Camp Rock,2008,6,4,0.0,94,en,Music,Alan Sacks Productions,0.7917,2.1845,6.4,2205
15373,Role Models,2008,11,4,28000000.0,99,en,Comedy,Universal Pictures,1.5198,3.8636,6.482,2204
9322,Nikita,1990,2,2,6000000.0,117,fr,Action,Gaumont,3.4195,1.7209,7.112,2203
16995,State of Play,2009,4,4,60000000.0,127,en,Thriller,Andell Entertainment,1.0371,6.2703,6.811,2203
25195,Leap Year,2010,1,4,19000000.0,100,en,Romance,Birnbaum/Barber Productions,0.787,8.4967,6.893,2201
13700,Home on the Range,2004,4,4,110000000.0,76,en,Animation,Walt Disney Pictures,1.2045,1.3279,6.071,2202
9618,Tango & Cash,1989,12,4,55000000.0,104,en,Action,Warner Bros. Pictures,1.4775,8.4378,6.51,2201
229297,Magic in the Moonlight,2014,7,4,16800000.0,98,en,Comedy,Perdido Productions,3.9776,6.0339,6.493,2200
204922,Before I Go to Sleep,2014,9,2,22000000.0,92,en,Thriller,StudioCanal,0.8992,10.1124,6.487,2199
241848,The Guest,2014,9,4,5000000.0,101,en,Mystery,HanWay Films,1.4775,5.123,6.6,2198
520663,The Woman in the Window,2021,5,3,40000000.0,100,en,Crime,Fox 2000 Pictures,1.6914,8.4967,5.972,2195
1051,The French Connection,1971,10,5,1800000.0,104,en,Action,D'Antoni Productions,1.7981,3.2561,7.493,2195
154,Star Trek II: The Wrath of Khan,1982,6,4,12000000.0,113,en,Action,Paramount Pictures,1.266,2.9207,7.447,2195
5549,RoboCop 2,1990,6,4,35000000.0,117,en,Action,Orion Pictures,1.1689,5.3573,6.039,2194
4824,The Jackal,1997,11,4,60000000.0,124,en,Action,Universal Pictures,1.0865,8.5919,6.409,2194
484468,The Wolf's Call,2019,2,2,22400000.0,116,fr,Thriller,Pathé,0.8218,2.4724,7.522,2192
306,Beverly Hills Cop III,1994,5,1,50000000.0,105,en,Action,Eddie Murphy Productions,2.1994,5.528,5.871,2192
433498,Papillon,2017,9,3,0.0,134,en,Adventure,Red Granite Pictures,0.5572,7.3777,7.317,2191
12096,The Pink Panther,2006,2,4,65000000.0,93,en,Comedy,Metro-Goldwyn-Mayer,2.8946,4.4481,5.877,2191
9778,Serendipity,2001,10,4,28000000.0,90,en,Comedy,Tapestry Films,1.0457,3.6691,6.967,2191
9535,Analyze This,1999,3,4,80000000.0,103,en,Comedy,Warner Bros. Pictures,2.213,10.1679,6.516,2191
87428,That's My Boy,2012,6,3,70000000.0,116,en,Comedy,Relativity Media,1.0087,6.7753,5.808,2189
10110,Empire of the Sun,1987,12,2,35000000.0,153,en,Drama,Warner Bros. Pictures,7.5877,6.5506,7.5,2190
273477,Scouts Guide to the Zombie Apocalypse,2015,10,4,15000000.0,93,en,Comedy,Broken Road Productions,1.5247,2.975,6.595,2189
439015,Slender Man,2018,5,3,10000000.0,93,en,Horror,Madhouse Entertainment,1.197,1.1798,4.306,2188
9671,Crocodile Dundee,1986,9,4,5000000.0,97,en,Adventure,Rimfire Films,0.5868,2.6921,6.444,2187
222936,Aloha,2015,5,4,37000000.0,105,en,Drama,Vinyl Films,1.263,10.5498,5.515,2186
1111873,Abigail,2024,4,1,28000000.0,109,en,Horror,Project X Entertainment,1.0595,1.9257,6.647,2183
331313,Keeping Up with the Joneses,2016,10,3,40000000.0,105,en,Action,Parkes+MacDonald Image Nation,1.3385,5.0526,6.088,2181
87516,Oldboy,2013,11,3,30000000.0,104,en,Thriller,40 Acres and a Mule Filmworks,2.5915,7.6836,5.926,2181
11635,Old School,2003,2,4,24000000.0,92,en,Comedy,The Montecito Picture Company,1.8025,2.2657,6.621,2181
48988,Hall Pass,2011,2,4,36000000.0,105,en,Comedy,New Line Cinema,1.185,6.8795,5.75,2179
3595,Ransom,1996,11,4,80000000.0,121,en,Action,Touchstone Pictures,4.1046,5.2865,6.7,2179
64685,Extremely Loud & Incredibly Close,2011,12,6,40000000.0,129,en,Drama,Warner Bros. Pictures,1.0916,16.1984,6.993,2176
10756,The Haunted Mansion,2003,11,2,90000000.0,88,en,Thriller,Doom Buggy Productions,1.4452,5.528,5.689,2176
449924,Ip Man 4: The Finale,2019,12,3,52000000.0,105,cn,Action,Mandarin Films,1.3671,4.7286,7.266,2174
84199,The First Time,2012,10,4,2000000.0,95,en,Drama,Destination Films,0.8026,8.0577,6.991,2174
58151,Fright Night,2011,8,3,30000000.0,106,en,Horror,Gaeta / Rosenzweig Films,3.1504,2.1143,6.246,2174
10014,A Nightmare on Elm Street Part 2: Freddy's Revenge,1985,11,4,3000000.0,87,en,Horror,New Line Cinema,0.9218,0.6602,5.789,2174
1636,Bedazzled,2000,10,3,48000000.0,93,en,Fantasy,KirchMedia,2.213,4.7362,6.1,2174
5924,Papillon,1973,12,6,12000000.0,151,en,Crime,Allied Artists Pictures,1.0107,3.784,7.827,2173
13510,Eden Lake,2008,9,4,12850990.0,91,en,Horror,Rollercoaster Films,1.3594,8.1336,6.825,2171
579,Jaws 2,1978,6,4,20000000.0,117,en,Horror,Universal Pictures,1.111,2.5613,6.038,2171
38286,Three Men and a Leg,1997,12,5,0.0,98,it,Comedy,Rodeo Drive,0.8047,0.8047,7.962,2170
4141,Shoot 'Em Up,2007,7,3,39000000.0,86,en,Action,New Line Cinema,0.9012,5.767,6.511,2170
437557,Blockers,2018,3,2,21000000.0,102,en,Comedy,Hurwitz & Schlossberg Productions,1.1443,6.466,6.304,2169
164457,Out of the Furnace,2013,11,1,22000000.0,116,en,Thriller,Energy Entertainment,1.3486,6.5506,6.559,2169
1439930,The Punisher: One Last Kill,2026,5,1,0.0,51,en,Action,Marvel Studios,1.0938,15.3196,8.271,2168
31867,Repo Men,2010,3,3,32000000.0,111,en,Action,Relativity Media,1.295,5.1603,6.338,2168
1648,Bill & Ted's Excellent Adventure,1989,2,4,10000000.0,90,en,Adventure,DEG,1.0267,9.6407,6.845,2166
1092,The Third Man,1949,8,2,0.0,105,en,Thriller,London Films Productions,1.6687,2.1148,7.885,2166
335866,Circle,2015,5,3,250000.0,86,en,Horror,Votiv Films,0.4024,5.4295,6.018,2164
9619,Dante's Peak,1997,2,4,116000000.0,108,en,Action,Pacific Western,1.4157,6.3029,6.247,2164
4543,Monty Python's The Meaning of Life,1983,3,3,9000000.0,107,en,Comedy,Celandine Films,1.3891,3.9146,7.307,2162
2207,16 Blocks,2006,3,2,55000000.0,105,en,Action,Alcon Entertainment,2.0441,8.5919,6.459,2160
1807,Elephant,2003,9,5,3000000.0,81,en,Crime,HBO Films,1.5155,0.9629,7.014,2160
50839,Margin Call,2011,9,2,3500000.0,107,en,Thriller,Before the Door Pictures,1.1718,4.345,6.854,2159
467938,Revenge,2017,11,5,2900000.0,108,fr,Action,M.E.S. Productions,1.6038,2.1317,6.515,2157
11932,Bride of Chucky,1998,10,3,25000000.0,89,en,Horror,Universal Pictures,1.2715,3.0748,6.1,2156
85446,Step Up Revolution,2012,7,3,33000000.0,99,en,Music,Summit Entertainment,0.546,0.9303,6.905,2154
41283,Faster,2010,11,1,24000000.0,98,en,Crime,Castle Rock Entertainment,0.9756,7.3971,6.354,2154
10234,Funny Games,1997,9,3,0.0,109,de,Drama,Wega Film,2.1454,0.9488,7.307,2153
9759,Cellular,2004,9,0,25000000.0,94,en,Action,Electric Entertainment,1.1279,3.4906,6.408,2152
6615,Lars and the Real Girl,2007,10,4,12000000.0,107,en,Drama,Sidney Kimmel Entertainment,3.1504,13.3033,7.206,2152
9461,Enter the Dragon,1973,8,4,850000.0,102,en,Action,Concord Productions,1.7477,4.3026,7.418,2151
460668,I Feel Pretty,2018,4,3,32000000.0,110,en,Comedy,Wonderland Sound and Vision,0.8991,2.235,6.4,2148
1007757,Swapped,2026,5,4,7.0,102,en,Adventure,Skydance Animation,1.2952,8.7129,8.874,2147
1317288,Marty Supreme,2025,12,4,65000000.0,150,en,Drama,A24,1.8221,7.9798,7.362,2144
15157,Another Cinderella Story,2008,9,1,5000000.0,92,en,Music,Warner Premiere,0.8255,6.8857,7.324,2143
699,For Your Eyes Only,1981,6,2,28000000.0,128,en,Adventure,EON Productions,1.1804,2.9825,6.546,2142
23023,Tooth Fairy,2010,1,3,48000000.0,101,en,Comedy,Dune Entertainment,1.0874,7.3971,5.494,2142
11072,Blazing Saddles,1974,2,3,2600000.0,93,en,Western,Crossbow Productions,3.0056,1.2439,7.237,2142
293670,The Wailing,2016,5,3,10951000.0,156,ko,Horror,Fox International Productions,2.4585,1.1806,7.377,2140
8859,"Dude, Where's My Car?",2000,12,4,13000000.0,83,en,Adventure,20th Century Fox,0.9776,3.9954,5.542,2140
891,All the President's Men,1976,4,4,8500000.0,138,en,Drama,Wildwood Enterprises,0.949,3.5478,7.656,2139
241251,The Boy Next Door,2015,1,4,4000000.0,91,en,Thriller,Smart Entertainment,1.2822,4.9134,4.945,2134
440161,The Sisters Brothers,2018,9,2,38000000.0,121,en,Western,Why Not Productions,3.8658,3.9857,6.833,2133
11009,Saturday Night Fever,1977,12,4,3500000.0,118,en,Drama,Robert Stigwood Organization,1.1422,7.9888,6.731,2133
9008,The Insider,1999,10,3,90000000.0,158,en,Drama,Touchstone Pictures,4.0774,6.8539,7.464,2133
2395,Asterix at the Olympic Games,2008,1,4,97250400.0,116,fr,Fantasy,Pathé,0.684,2.8931,5.239,2132
839,Duel,1971,12,5,450000.0,74,en,Action,Universal Television,7.5877,1.6751,7.419,2132
239563,St. Vincent,2014,10,3,13000000.0,102,en,Comedy,Chernin Entertainment,0.8747,4.5082,7.138,2130
9255,Hot Shots! Part Deux,1993,5,4,25000000.0,88,en,Action,Sidley Wright & Associates,1.6937,3.9521,6.55,2130
19899,Couples Retreat,2009,9,5,70000000.0,113,en,Comedy,Stuber Pictures,1.0922,4.6876,5.56,2129
397422,Rough Night,2017,6,3,20000000.0,101,en,Drama,Columbia Pictures,2.0076,15.4476,5.693,2127
2069,The Whole Nine Yards,2000,2,4,41300000.0,98,en,Comedy,Rational Packaging,1.4559,2.9129,6.469,2127
18126,Hannah Montana: The Movie,2009,4,4,35000000.0,102,en,Comedy,It's a Laugh Productions,1.0457,4.6474,6.581,2126
9641,Cheaper by the Dozen 2,2005,12,2,60000000.0,94,en,Comedy,20th Century Fox,3.5514,4.4481,6.157,2125
9946,End of Days,1999,11,2,100000000.0,122,en,Action,Beacon Communications,1.3664,6.3894,6.097,2123
23202,Trick 'r Treat,2007,12,6,12000000.0,82,en,Horror,Legendary Pictures,1.0249,4.1803,6.98,2120
1081003,Supergirl,2026,6,2,175000000.0,108,en,Action,DC Studios,3.1504,6.4836,6.728,2119
1084736,The Count of Monte Cristo,2024,6,4,46000000.0,178,fr,Adventure,Chapter 2,0.7621,1.8537,7.903,2115
81836,To Rome with Love,2012,4,4,17000000.0,111,en,Comedy,Perdido Productions,3.9776,3.9776,5.794,2114
1911,The 13th Warrior,1999,8,4,120000000.0,103,en,Adventure,Touchstone Pictures,1.8349,5.4164,6.704,2113
645886,The Unforgivable,2021,11,2,0.0,112,en,Drama,GK Films,0.947,8.1384,7.411,2112
245706,True Story,2015,4,4,0.0,99,en,Crime,Plan B Entertainment,1.046,4.1278,6.262,2111
212716,What If,2013,9,5,11000000.0,98,en,Drama,Fastnet Films,0.8162,6.063,6.743,2111
13515,Mirrors,2008,8,3,35000000.0,111,en,Horror,Regency Enterprises,0.9276,3.9008,6.3,2110
9100,The Craft,1996,5,4,15000000.0,101,en,Horror,Columbia Pictures,0.9308,12.3627,6.779,2111
370755,Paterson,2016,11,3,5000000.0,118,en,Drama,K5 International,2.0795,4.1461,7.118,2109
614696,#Alive,2020,6,2,6300000.0,98,ko,Action,Lotte Entertainment,0.5233,1.7483,7.201,2109
10431,War,2007,8,4,25000000.0,103,en,Action,Lionsgate,0.7566,5.5501,6.411,2108
9326,Romancing the Stone,1984,3,4,10000000.0,106,en,Romance,SLM Production Group,3.5231,3.5081,6.773,2104
2043,Along Came a Spider,2001,4,4,60000000.0,104,en,Crime,Paramount Pictures,1.146,11.3118,6.342,2106
45772,Gnomeo & Juliet,2011,1,3,36000000.0,84,en,Animation,Touchstone Pictures,0.8296,5.5475,5.904,2105
3989,Team America: World Police,2004,10,6,32000000.0,98,en,Adventure,Paramount Pictures,2.4628,2.4628,6.719,2105
9620,Paycheck,2003,12,3,60000000.0,119,en,Action,Paramount Pictures,2.6432,6.648,6.221,2103
9268,Eraser,1996,6,4,100000000.0,115,en,Action,Kopelson Entertainment,1.8666,6.3894,6.095,2103
401,Garden State,2004,7,2,2500000.0,102,en,Comedy,Camelot Pictures,3.8669,3.8669,7.076,2103
139038,A Haunted House,2013,1,4,2500000.0,86,en,Comedy,Open Road Films,0.9509,4.6113,5.956,2102
100241,"I, Frankenstein",2014,1,2,65000000.0,92,en,Horror,Lionsgate,1.0937,4.807,5.383,2102
99,All About My Mother,1999,4,4,5000000.0,101,es,Comedy,El Deseo,2.3969,0.9948,7.611,2102
10072,A Nightmare on Elm Street 3: Dream Warriors,1987,2,4,4450000.0,96,en,Horror,New Line Cinema,1.8666,3.6614,6.718,2101
47931,Elite Squad: The Enemy Within,2010,10,4,0.0,115,pt,Drama,Feijão Filmes,0.9849,4.313,7.852,2099
47327,Drive Angry,2011,2,3,50000000.0,104,en,Fantasy,Summit Entertainment,1.0197,10.8655,5.55,2099
9421,The Dinner Game,1998,4,2,12500000.0,80,fr,Comedy,Gaumont,0.9799,1.5023,7.762,2099
245703,Midnight Special,2016,2,3,18000000.0,112,en,Adventure,Faliro House Productions,1.0602,3.5047,6.261,2096
592,The Conversation,1974,4,4,1600000.0,115,en,Crime,The Directors Company,3.601,3.2561,7.498,2096
585511,Luck,2022,8,4,0.0,105,en,Animation,Skydance Animation,0.7292,1.0262,7.773,2094
11357,Halloween 4: The Return of Michael Myers,1988,10,4,5000000.0,88,en,Horror,Trancas International Films,1.1593,2.6298,6.175,2094
533642,Child's Play,2019,6,2,10000000.0,90,en,Horror,KatzSmith Productions,0.4602,2.3334,5.965,2092
11362,The Count of Monte Cristo,2002,1,2,35000000.0,131,en,Adventure,Touchstone Pictures,1.3212,5.4544,7.687,2092
1038392,The Conjuring: Last Rites,2025,9,2,55000000.0,136,en,Horror,New Line Cinema,1.2463,4.5767,6.947,2090
11687,The Visitors,1993,1,2,9500000.0,107,fr,Fantasy,Gaumont,0.7428,5.9743,7.126,2091
10774,Network,1976,11,5,3800000.0,122,en,Drama,Metro-Goldwyn-Mayer,3.2191,3.9503,7.796,2091
614409,To All the Boys: Always and Forever,2021,2,4,0.0,114,en,Romance,Awesomeness Films,1.659,4.378,7.492,2090
106747,Machete Kills,2013,9,3,20000000.0,108,en,Action,Open Road Films,2.8327,3.9115,5.622,2087
7303,Maid in Manhattan,2002,12,4,55000000.0,105,en,Comedy,Red Om Films,1.5209,4.9134,6.136,2087
11186,Child's Play 2,1990,11,4,13000000.0,84,en,Horror,Universal Pictures,0.8247,1.062,6.372,2086
1725,West Side Story,1961,12,2,6000000.0,153,en,Crime,Seven Arts Productions,1.5133,2.3632,7.22,2086
614479,Insidious: The Red Door,2023,7,2,16000000.0,107,en,Horror,Blumhouse Productions,4.5767,2.8895,6.517,2085
351211,Blair Witch,2016,9,3,5000000.0,89,en,Thriller,Vertigo Entertainment,1.4775,0.8044,5.249,2085
17610,Year One,2009,6,3,60000000.0,97,en,Comedy,Columbia Pictures,2.213,10.5948,4.993,2085
10559,Frequency,2000,4,4,31000000.0,118,en,Science Fiction,New Line Cinema,1.3653,4.6431,7.267,2085
736526,Troll,2022,11,2,0.0,104,no,Fantasy,Motion Blur,0.8447,1.3316,6.556,2084
10663,The Waterboy,1998,11,4,23000000.0,90,en,Comedy,Touchstone Pictures,0.9021,6.7753,6.061,2084
996,Double Indemnity,1944,7,3,927262.0,107,en,Crime,Paramount Pictures,1.7176,1.522,8.1,2084
708,The Living Daylights,1987,6,0,40000000.0,130,en,Action,EON Productions,1.1804,2.9343,6.55,2084
11679,xXx: State of the Union,2005,4,2,60000000.0,101,en,Action,Revolution Studios,1.146,4.2855,5.097,2083
324670,Spectral,2016,12,4,70000000.0,109,en,Science Fiction,Mid Atlantic Films,0.4272,2.1906,6.563,2081
10634,Friday,1995,4,2,3500000.0,91,en,Comedy,New Line Cinema,1.3149,4.2855,7.148,2081
9564,Asterix and Obelix Take On Caesar,1999,2,2,48500000.0,109,fr,Family,Katharina,0.9506,1.7328,6.009,2081
269,Breathless,1960,3,2,80000.0,90,fr,Drama,Les Films Impéria,1.7158,2.0118,7.5,2080
2655,What Lies Beneath,2000,7,4,100000000.0,130,en,Drama,DreamWorks Pictures,3.5231,5.4763,6.437,2079
125521,Slayers Return,1996,8,5,0.0,60,ja,Animation,Toei Animation,0.938,4.988,6.547,2078
5689,The Blue Lagoon,1980,7,5,4500000.0,104,en,Adventure,Columbia Pictures,1.8576,3.6467,6.138,2077
475210,How It Ends,2018,7,4,20000000.0,113,en,Science Fiction,Paul Schiff Productions,1.7144,10.1795,5.288,2075
616820,Halloween Ends,2022,10,2,33000000.0,111,en,Horror,Universal Pictures,1.0206,8.5711,6.014,2074
11918,Superhero Movie,2008,3,4,35000000.0,82,en,Comedy,Dimension Films,1.2753,1.7718,5.327,2074
10647,Pay It Forward,2000,10,4,40000000.0,122,en,Drama,Bel Air Entertainment,1.2679,4.345,7.386,2074
455,Bend It Like Beckham,2002,4,3,3500000.0,112,en,Comedy,Kintop Pictures,1.013,2.2505,6.332,2073
82990,Paranormal Activity 4,2012,10,2,5000000.0,87,en,Horror,Room 101,0.9362,1.087,5.404,2072
41210,The Switch,2010,8,4,19000000.0,101,en,Comedy,Mandate Pictures,0.777,6.0036,6.232,2071
2112,Payback,1999,2,4,90000000.0,100,en,Action,Icon Productions,1.3994,5.2865,6.836,2071
1197306,A Working Man,2025,3,2,40000000.0,116,en,Action,Cedar Park Entertainment,1.5009,35.8713,6.687,2070
74308,Detachment,2011,4,6,3000000.0,98,en,Drama,Paper Street Films,0.7299,7.7298,7.6,2067
3683,Flags of Our Fathers,2006,10,3,90000000.0,135,en,War,DreamWorks Pictures,9.0746,3.3816,6.853,2068
303857,Dragon Ball Z: Resurrection 'F',2015,4,5,5000000.0,93,ja,Action,Toei Animation,0.916,2.3428,6.894,2065
12620,The House Bunny,2008,8,4,25000000.0,97,en,Romance,Alta Loma Entertainment,1.0095,5.0612,5.684,2065
8277,American Pie Presents: Beta House,2007,12,3,10000000.0,89,en,Comedy,Rogue Pictures,0.685,1.1599,5.643,2065
614911,The Midnight Sky,2020,12,3,0.0,118,en,Science Fiction,Smokehouse Pictures,7.6526,7.6526,5.732,2064
64720,Take Shelter,2011,9,4,5000000.0,120,en,Thriller,Hydraulx,1.0602,3.5047,7.056,2064
16523,Where the Wild Things Are,2009,10,4,100000000.0,101,en,Adventure,Warner Bros. Pictures,2.7601,0.7371,6.5,2062
439,La Dolce Vita,1960,2,4,0.0,174,it,Comedy,Cinecittà Studios,1.9041,2.1504,8.027,2063
482321,Ron's Gone Wrong,2021,10,3,57000000.0,107,en,Animation,Locksmith Animation,0.6582,4.4641,7.851,2062
925,Do the Right Thing,1989,6,2,6500000.0,120,en,Drama,Universal Pictures,2.5915,1.9241,7.773,2061
37430,Conan the Barbarian,2011,8,2,90000000.0,113,en,Adventure,Dark Horse Entertainment,0.9909,9.2917,5.315,2060
591275,Fear Street: 1666,2021,7,2,0.0,115,en,Mystery,Chernin Entertainment,0.801,1.9688,7.068,2058
521777,Good Boys,2019,8,2,20000000.0,90,en,Comedy,Good Universe,1.2286,4.3046,6.83,2059
16,Dancer in the Dark,2000,9,4,12500000.0,140,en,Drama,Zentropa Entertainments,2.8287,1.3267,7.8,2056
775,A Trip to the Moon,1902,6,6,5985.0,15,fr,Adventure,Star Film,0.8746,0.8746,7.879,2056
2064,While You Were Sleeping,1995,4,4,17000000.0,103,en,Romance,Caravan Pictures,1.7011,8.1384,7.035,2055
8963,Crimson Tide,1995,5,4,53000000.0,116,en,Thriller,Hollywood Pictures,2.7841,9.1225,7.182,2050
429415,Extinction,2018,7,6,0.0,96,en,Action,Good Universe,0.5659,4.7756,6.055,2049
39013,Winter's Bone,2010,6,4,2000000.0,101,en,Drama,Anonymous Content,0.7149,10.1687,6.777,2048
326,Snakes on a Plane,2006,8,3,33000000.0,105,en,Action,New Line Cinema,1.1279,9.4487,5.478,2048
44363,Frozen,2010,2,4,0.0,94,en,Thriller,ArieScope Pictures,1.0333,1.4209,6.002,2047
10045,District B13,2004,11,1,12000000.0,84,fr,Action,EuropaCorp,1.9739,2.2102,6.816,2046
10025,Just My Luck,2006,5,4,28000000.0,103,en,Comedy,New Regency Pictures,1.1524,4.663,6.185,2046
4566,Michael Clayton,2007,9,4,25000000.0,120,en,Drama,Castle Rock Entertainment,2.0518,7.6526,6.793,2046
529216,Mirage,2018,11,4,0.0,129,es,Thriller,Think Studio,1.6814,2.2381,7.463,2045
19585,G-Force,2009,7,4,150000000.0,88,en,Family,Walt Disney Pictures,0.8101,5.6548,5.488,2045
966,The Magnificent Seven,1960,10,2,2000000.0,128,en,Western,Alpha Productions,1.9588,3.2168,7.501,2044
739405,Operation Fortune: Ruse de Guerre,2023,1,2,50000000.0,114,en,Action,Miramax,5.5444,35.8713,6.467,2043
727745,The Kissing Booth 3,2021,8,2,0.0,112,en,Romance,Komixx Entertainment,0.7115,7.0877,6.855,2042
81796,Lockout,2012,4,3,20000000.0,95,en,Action,EuropaCorp,0.4816,4.6498,5.938,2041
41233,Step Up 3D,2010,8,2,30000000.0,107,en,Drama,Touchstone Pictures,1.9714,1.3445,6.831,2041
7270,Matchstick Men,2003,9,4,62000000.0,116,en,Comedy,Warner Bros. Pictures,9.4611,10.8655,7.006,2041
34647,Enter the Void,2010,5,2,13000000.0,161,en,Fantasy,Fidélité Films,1.9558,1.7711,7.277,2038
82,Miami Vice,2006,7,3,135000000.0,132,en,Action,Universal Pictures,4.0774,8.8777,6.034,2040
111969,Stuck in Love,2013,6,4,0.0,97,en,Drama,MICA Entertainment,1.1375,3.2321,7.377,2039
15196,Clue,1985,12,4,15000000.0,94,en,Comedy,Debra Hill Productions,1.4559,29.2363,7.205,2039
617,Wild Things,1998,3,4,20000000.0,108,en,Mystery,Mandalay Entertainment,1.2063,7.1887,6.378,2038
1079091,It Ends with Us,2024,8,2,55000000.0,131,en,Drama,Columbia Pictures,2.6726,5.0633,7.0,2037
34813,The Losers,2010,4,4,25000000.0,97,en,Action,Dark Castle Entertainment,1.197,7.2777,6.258,2037
463684,Velvet Buzzsaw,2019,2,4,21000000.0,112,en,Thriller,Jennifer Fox Productions,2.1716,2.9597,5.38,2035
262551,Babysitting,2014,4,2,3400000.0,85,fr,Comedy,La Banque Postale Image 7,0.5902,1.5221,6.8,2035
7984,In the Name of the Father,1993,12,0,13000000.0,133,en,Drama,Hell's Kitchen,1.3237,4.056,7.887,2035
1850,Man on the Moon,1999,12,2,82000000.0,118,en,Comedy,Mutual Film Company,1.3329,8.8079,7.218,2035
9896,Rat Race,2001,8,4,48000000.0,112,en,Adventure,Fireworks Pictures,1.3877,0.6458,6.293,2034
976893,Perfect Days,2023,11,4,14000000.0,124,ja,Drama,Master Mind,2.2573,3.1489,7.819,2033
974950,Emilia Pérez,2024,8,2,26000000.0,132,fr,Drama,Why Not Productions,3.8658,12.326,6.421,2033
1311031,Demon Slayer: Kimetsu no Yaiba Infinity Castle,2025,7,4,20000000.0,156,ja,Animation,ufotable,1.8067,3.7266,8.786,2031
9678,Little Nicky,2000,11,4,85000000.0,90,en,Comedy,New Line Cinema,1.0101,6.7753,5.837,2032
337674,Elle,2016,5,2,9800000.0,131,fr,Drama,France 2 Cinéma,2.0563,4.4714,6.638,2031
149871,The Tale of The Princess Kaguya,2013,11,5,49300000.0,137,ja,Animation,Studio Ghibli,1.7492,1.6029,8.087,2031
109091,The Counselor,2013,10,4,25000000.0,117,en,Thriller,Fox 2000 Pictures,9.4611,5.7677,5.3,2028
799583,The Ministry of Ungentlemanly Warfare,2024,4,3,60000000.0,120,en,Action,Jerry Bruckheimer Films,5.5444,8.1022,6.998,2027
517814,Capernaum,2018,9,3,4000000.0,126,ar,Drama,Boo Pictures,1.5389,0.8385,8.149,2027
342473,Ballerina,2016,12,2,30000000.0,89,en,Animation,Main Journey,0.5356,10.6199,7.209,2027
1634,Free Willy,1993,7,4,20000000.0,112,en,Family,Warner Bros. Pictures,1.5338,1.7698,6.209,2027
1034541,Terrifier 3,2024,10,2,2000000.0,125,en,Horror,Dark Age Cinema,0.9664,1.427,6.769,2026
243683,Step Up All In,2014,7,1,45000000.0,112,en,Romance,Summit Entertainment,0.795,1.6522,6.8,2023
223,Rebecca,1940,3,5,0.0,130,en,Mystery,Selznick International Pictures,5.6026,3.9596,7.881,2023
145135,Dark Skies,2013,2,3,3500000.0,97,en,Science Fiction,Cinema Vehicle Services,0.9088,6.1365,6.372,2022
873,The Color Purple,1985,12,2,15000000.0,154,en,Drama,Amblin Entertainment,7.5877,3.684,7.722,2022
638974,Murder Mystery 2,2023,3,1,0.0,91,en,Comedy,Happy Madison Productions,0.9023,6.7753,6.363,2021
635910,The Last Voyage of the Demeter,2023,8,2,45000000.0,119,en,Horror,Phoenix Pictures,0.9682,3.0977,6.734,2021
376290,Miss Sloane,2016,11,4,13000000.0,133,en,Thriller,FilmNation Entertainment,1.3637,5.4152,7.404,2021
9769,Lolita,1997,9,5,62000000.0,137,en,Drama,Pathé,1.5051,6.0274,7.091,2019
843527,The Idea of You,2024,5,3,0.0,116,en,Music,Welle Entertainment,1.3415,26.9693,7.25,2018
4614,The Sum of All Fears,2002,5,4,68000000.0,124,en,Thriller,Paramount Pictures,1.4752,6.648,6.373,2018
454639,Masters of the Universe,2026,6,2,200000000.0,141,en,Action,Escape Artists,1.9528,7.1356,7.151,2016
318781,Colonia,2016,2,4,14000000.0,106,de,Drama,Majestic Filmproduktion,1.0492,8.6652,7.255,2017
12106,The Quick and the Dead,1995,2,3,35000000.0,107,en,Western,TriStar Pictures,5.0662,6.9625,6.5,2016
9874,Cobra,1986,5,3,25000000.0,87,en,Action,The Cannon Group,1.4616,8.4378,6.162,2015
199,Star Trek: First Contact,1996,11,4,46000000.0,111,en,Science Fiction,Paramount Pictures,2.1457,6.07,7.308,2015
840705,Blink Twice,2024,8,2,20000000.0,103,en,Horror,Free Association,4.133,3.5821,6.7,2014
10781,The Texas Chainsaw Massacre: The Beginning,2006,10,3,16000000.0,91,en,Horror,Texas Chainsaw Productions,0.7487,4.7398,6.17,2013
2289,Cold Mountain,2003,12,2,79000000.0,154,en,War,Miramax,1.2008,5.1603,6.934,2013
301804,Before I Wake,2016,4,3,0.0,97,en,Drama,MICA Entertainment,1.4289,5.138,6.495,2011
242828,When Marnie Was There,2014,7,5,0.0,103,ja,Animation,Studio Ghibli,1.022,0.8927,7.9,2011
1632,Mississippi Burning,1988,12,3,15000000.0,128,en,Drama,Orion Pictures,3.1183,3.2561,7.675,2011
183011,Justice League: The Flashpoint Paradox,2013,7,1,3500000.0,81,en,Animation,Warner Bros. Animation,1.2923,2.9186,7.884,2010
14442,Ella Enchanted,2004,4,4,31000000.0,96,en,Family,World 2000 Entertainment,0.7332,26.9693,6.5,2010
11238,Aladdin and the King of Thieves,1996,5,0,0.0,81,en,Adventure,Disney Television Animation,0.9055,1.3025,6.25,2010
4550,Lady Vengeance,2005,7,4,0.0,115,ko,Drama,TSJ Entertainment,3.4838,2.1055,7.519,2010
1498,Teenage Mutant Ninja Turtles,1990,3,4,13500000.0,93,en,Science Fiction,Orange Sky Golden Harvest,1.347,1.309,6.706,2009
3509,A Scanner Darkly,2006,7,4,8700000.0,100,en,Animation,Warner Independent Pictures,4.659,9.6407,6.811,2008
60243,A Separation,2011,2,1,5000000.0,123,fa,Drama,Asghar Farhadi Productions,1.1428,2.6544,7.905,2007
10040,Miss Congeniality 2: Armed and Fabulous,2005,3,4,0.0,115,en,Action,Village Roadshow Pictures,0.8991,8.1384,5.743,2004
447362,Life in a Year,2020,11,4,0.0,107,en,Drama,Columbia Pictures,0.6051,2.2846,8.224,2002
109410,42,2013,4,4,40000000.0,128,en,Drama,Legendary Pictures,1.3994,2.6017,7.212,2002
18405,The Last House on the Left,2009,3,4,15000000.0,113,en,Crime,Rogue Pictures,0.7726,2.5216,6.506,1999
579047,Reminiscence,2021,8,2,68000000.0,116,en,Mystery,FilmNation Entertainment,1.2614,8.5559,6.501,1999
251516,Kung Fury,2015,5,4,630019.0,32,en,Action,Laser Unicorns,0.5257,0.5257,7.482,1999
11013,Secretary,2002,9,4,4000000.0,111,en,Romance,Slough Pond,0.9343,5.421,6.801,1998
556678,Emma.,2020,2,3,10000000.0,125,en,Comedy,Working Title Films,0.8251,8.8246,7.003,1998
513310,Boss Level,2021,2,4,45000000.0,101,en,Action,WarParty Films,1.4254,4.173,6.873,1997
147773,The Way Way Back,2013,6,3,4600000.0,103,en,Comedy,Sycamore Pictures,1.7536,1.7101,7.13,1996
10214,Son of the Mask,2005,2,4,84000000.0,94,en,Fantasy,New Line Cinema,0.5176,2.3292,4.191,1996
280996,Mr. Holmes,2015,6,4,11000000.0,104,en,Drama,FilmNation Entertainment,1.6263,4.6765,6.477,1995
726759,Tetris,2023,3,2,0.0,118,en,Thriller,Marv,2.0011,5.3432,7.748,1994
6279,Sister Act 2: Back in the Habit,1993,12,3,38000000.0,107,en,Music,Touchstone Pictures,2.3462,4.2054,6.371,1994
32823,Get Him to the Greek,2010,6,3,40000000.0,109,en,Adventure,Apatow Productions,1.3282,4.1278,5.96,1992
11452,National Lampoon's Van Wilder,2002,3,4,6000000.0,92,en,Comedy,Tapestry Films,1.1184,8.4533,6.038,1991
152,Star Trek: The Motion Picture,1979,12,4,44000000.0,131,en,Science Fiction,Paramount Pictures,1.5133,2.9207,6.48,1991
330483,The Choice,2016,2,3,10000000.0,111,en,Drama,Lionsgate,0.7216,1.805,7.207,1988
16538,"I Love You, Man",2009,3,4,41000000.0,105,en,Comedy,The Montecito Picture Company,1.0039,6.509,6.569,1988
369192,Battle of the Sexes,2017,9,4,25000000.0,121,en,Drama,Fox Searchlight Pictures,1.4989,11.4889,6.75,1984
83389,From Up on Poppy Hill,2011,7,5,22000000.0,91,ja,Animation,Studio Ghibli,1.1474,3.6614,7.5,1983
9349,Universal Soldier,1992,7,4,23000000.0,103,en,Thriller,Carolco Pictures,2.2711,7.0039,6.346,1983
109689,I Want You,2012,6,4,0.0,123,es,Drama,Zeta Studios,0.7013,3.2693,7.457,1982
35019,Nanny McPhee and the Big Bang,2010,3,4,35000000.0,109,en,Comedy,Three Strange Angels,1.0096,4.5475,6.331,1982
2654,In the Mouth of Madness,1995,2,4,8000000.0,95,en,Horror,New Line Cinema,2.3727,6.3605,7.203,1981
265208,Wild Card,2015,1,2,30000000.0,92,en,Thriller,SJ Pictures,1.8366,35.8713,5.713,1980
581032,News of the World,2020,12,4,38000000.0,118,en,Drama,Playtone,1.7118,16.1984,6.909,1977
1029575,The Family Plan,2023,12,3,0.0,118,en,Action,Municipal Pictures,0.9699,7.5299,7.219,1977
10220,Rounders,1998,9,4,12000000.0,121,en,Drama,Miramax,1.5218,13.0917,7.02,1977
775996,Outside the Wire,2021,1,4,0.0,116,en,Thriller,Inspire Entertainment,1.0892,8.3203,6.354,1976
38778,Dinner for Schmucks,2010,7,4,69000000.0,114,en,Comedy,Everyman Pictures,1.4027,6.509,5.721,1976
9357,One Hour Photo,2002,8,2,12000000.0,96,en,Drama,Fox Searchlight Pictures,0.8803,4.7179,6.672,1976
1729,The Forbidden Kingdom,2008,4,3,55000000.0,104,en,Action,Casey Silver Productions,1.4452,11.7072,6.7,1976
1647,The Recruit,2003,1,4,46000000.0,115,en,Action,Birnbaum/Barber Productions,1.4157,8.8777,6.404,1975
11003,The Wedding Singer,1998,2,4,18000000.0,97,en,Romance,Robert Simonds Productions,0.9021,6.7753,6.777,1974
10982,Hoodwinked!,2005,12,4,8000000.0,81,en,Animation,Kanbar Entertainment,1.1778,26.9693,6.31,1973
625450,Tall Girl,2019,9,4,0.0,101,en,Comedy,Wonderland Sound and Vision,0.5817,1.0002,6.278,1972
14359,Doubt,2008,12,4,20000000.0,104,en,Drama,Scott Rudin Productions,2.9213,7.1363,7.208,1972
9955,Blades of Glory,2007,3,4,53000000.0,93,en,Comedy,DreamWorks Pictures,0.777,7.1692,6.121,1972
9718,Talladega Nights: The Ballad of Ricky Bobby,2006,8,4,72500000.0,108,en,Comedy,Apatow Productions,1.8702,7.1692,6.371,1972
746,The Last Emperor,1987,10,6,23800000.0,163,en,Drama,Soprofilms,2.1056,1.5426,7.592,1971
457136,Mary Queen of Scots,2018,12,4,25000000.0,124,en,Drama,Focus Features,0.7591,5.0279,6.5,1970
483,Wild at Heart,1990,8,4,9500000.0,125,en,Crime,PolyGram Filmed Entertainment,3.4553,10.8655,7.0,1970
381719,Peter Rabbit,2018,2,2,50000000.0,93,en,Animation,Columbia Pictures,2.4913,2.1411,6.696,1968
365222,Ip Man 3,2015,12,3,36000000.0,105,cn,Action,Dreams Salon Entertainment Culture,1.3671,4.7286,7.033,1968
2291,Jacob's Ladder,1990,11,4,25000000.0,113,en,Drama,Carolco Pictures,1.5051,5.0587,7.359,1968
1883,Malcolm X,1992,11,2,34000000.0,202,en,Drama,Warner Bros. Pictures,2.5915,9.1225,7.555,1968
9576,Tootsie,1982,12,4,21000000.0,116,en,Comedy,Mirage Enterprises,1.9812,3.5478,7.208,1967
2196,Death at a Funeral,2007,8,4,9000000.0,91,en,Comedy,Target Media Entertainment,2.9573,6.2389,6.92,1967
18480,Brüno,2009,7,2,42000000.0,83,en,Comedy,MRC,1.2663,4.0686,5.637,1966
9725,Friday the 13th Part 2,1981,5,4,1250000.0,86,en,Horror,Georgetown Productions,1.5615,1.5928,6.195,1965
129670,Nebraska,2013,9,5,12000000.0,115,en,Drama,Echo Lake Entertainment,3.3823,4.1606,7.447,1963
219,Volver,2006,3,4,9400000.0,121,es,Comedy,El Deseo,2.3969,6.129,7.462,1963
382322,Batman: The Killing Joke,2016,7,6,3500000.0,77,en,Animation,Warner Bros. Animation,1.3965,1.5127,6.6,1962
724209,Heart of Stone,2023,8,2,0.0,122,en,Action,Skydance Media,1.0779,7.2792,6.7,1960
15789,A Goofy Movie,1995,4,2,18000000.0,78,en,Adventure,Walt Disney Pictures,1.119,2.4619,7.04,1959
458220,Palmer,2021,1,3,0.0,110,en,Drama,Sidney Kimmel Entertainment,3.8489,5.3352,8.122,1958
646207,The Ice Road,2021,6,3,40000000.0,108,en,Action,Shivhans Pictures,1.0206,8.5147,6.745,1957
85889,Filth,2013,9,4,5000000.0,97,en,Crime,Egoli Tossell Film,2.0011,5.5475,6.828,1956
10377,My Cousin Vinny,1992,3,4,11000000.0,119,en,Comedy,Palo Vista Productions,1.4559,3.077,7.497,1956
6171,Dreamcatcher,2003,3,4,68000000.0,134,en,Drama,Kasdan Pictures,2.0049,3.3386,5.65,1956
318917,Look Who's Back,2015,10,3,3196621.0,116,de,Comedy,Constantin Film,0.6681,2.0408,6.794,1953
9316,Ong-Bak,2003,1,4,1100000.0,105,th,Action,Baa-Ram-Ewe,1.0281,3.5346,7.162,1951
965150,Aftersun,2022,10,4,0.0,101,en,Drama,PASTEL,1.1862,4.0391,7.646,1952
299054,Expend4bles,2023,9,4,100000000.0,103,en,Action,Millennium Media,1.267,35.8713,6.041,1952
244458,The Voices,2014,1,6,11000000.0,104,en,Comedy,1984 Private Defense Contractors,1.3246,8.4533,6.26,1952
454640,The Angry Birds Movie 2,2019,8,4,65000000.0,97,en,Animation,Rovio Animation,1.6578,4.5307,7.052,1950
22824,The Fourth Kind,2009,11,3,10000000.0,98,en,Mystery,Universal Pictures,0.9536,6.9434,6.385,1950
11660,Following,1999,4,4,6000.0,69,en,Drama,Next Wave Films,11.7366,1.4619,7.119,1950
660120,The Worst Person in the World,2021,10,2,5000000.0,128,no,Drama,Oslo Pictures,2.1711,3.8271,7.429,1947
9675,Sideways,2004,10,4,16000000.0,127,en,Comedy,Fox Searchlight Pictures,3.3823,5.0594,7.1,1949
519010,Pain and Glory,2019,3,4,10769016.0,114,es,Drama,El Deseo,2.3969,5.4164,7.372,1948
9072,Little Man,2006,8,3,64000000.0,98,en,Comedy,Wayans Bros. Entertainment,2.224,4.6113,5.946,1948
13813,Defiance,2008,12,2,32000000.0,137,en,Drama,Paramount Vantage,1.7378,5.1208,6.84,1946
9437,Kiss the Girls,1997,9,0,27000000.0,115,en,Thriller,Paramount Pictures,1.0055,11.3118,6.541,1946
108,Three Colors: Blue,1993,9,2,0.0,98,fr,Drama,mk2 Films,1.4434,3.6405,7.615,1946
18491,Neon Genesis Evangelion: The End of Evangelion,1997,7,5,7500000.0,87,ja,Animation,GAINAX,1.328,2.4168,8.266,1944
2657,Pleasantville,1998,9,3,60000000.0,124,en,Fantasy,New Line Cinema,1.734,9.0893,7.271,1945
2332,Taxi 2,2000,3,5,10500000.0,82,fr,Action,ARP Sélection,1.0059,1.7941,6.277,1944
13600,City of Ember,2008,10,1,55000000.0,95,en,Adventure,Playtone,0.9202,5.0279,6.374,1943
286554,Two Night Stand,2014,9,4,1645000.0,86,en,Romance,Demarest Films,0.4912,2.5565,6.415,1942
9281,Witness,1985,2,4,12000000.0,112,en,Crime,Paramount Pictures,2.3737,7.1495,7.089,1942
553604,Honest Thief,2020,9,3,0.0,99,en,Thriller,The Solution,1.1833,8.5147,6.465,1941
13971,Wild Child,2008,8,4,20000000.0,98,en,Comedy,Working Title Films,0.7175,4.6607,6.695,1941
1035259,The Naked Gun,2025,7,2,42000000.0,85,en,Comedy,Fuzzy Door Productions,1.2573,8.5147,6.353,1938
11327,Midnight Express,1978,8,3,2300000.0,121,en,Drama,Columbia Pictures,3.1183,1.1624,7.443,1937
290,Barton Fink,1991,8,3,9000000.0,117,en,Comedy,Working Title Films,2.3023,3.3139,7.464,1937
25237,Come and See,1985,10,3,5000000.0,142,ru,Drama,Belarusfilm,1.0744,1.2691,8.195,1936
3432,Mr. Brooks,2007,5,3,20000000.0,120,en,Crime,Relativity Media,1.0073,6.7134,6.924,1936
22825,The Box,2009,10,3,30000000.0,115,en,Thriller,MRC,1.4822,5.8161,5.639,1935
395991,Only the Brave,2017,9,4,38000000.0,133,en,Drama,di Bonaventura Pictures,2.248,7.6836,7.5,1934
787752,Fresh,2022,3,3,1500000.0,114,en,Horror,Legendary Pictures,0.6582,3.0819,6.9,1933
2604,Born on the Fourth of July,1989,12,2,14000000.0,145,en,Drama,Universal Pictures,2.2764,12.2838,7.005,1933
11820,Mona Lisa Smile,2003,12,4,72300000.0,117,en,Drama,Revolution Studios,1.4797,5.8435,6.91,1932
82505,House at the End of the Street,2012,9,4,6900000.0,101,en,Horror,A Bigger Boat,0.8468,10.1687,5.793,1931
9531,Superman III,1983,6,4,39000000.0,125,en,Comedy,Dovemead Films,1.0552,3.6797,5.51,1931
326359,Frozen Fever,2015,3,0,0.0,8,en,Animation,Walt Disney Animation Studios,1.0409,5.6149,6.8,1930
11371,The Score,2001,7,4,68000000.0,124,en,Action,Horseshoe Bay Productions,2.9573,10.1679,6.705,1929
8689,Cannibal Holocaust,1980,2,3,100000.0,95,it,Horror,F.D. Cinematografica,0.8348,0.0,6.258,1929
798645,The Running Man,2025,11,1,110000000.0,133,en,Action,Paramount Pictures,4.2661,5.1235,6.732,1928
61012,Silent Hill: Revelation 3D,2012,10,2,20000000.0,94,en,Thriller,Konami,0.9624,1.8195,5.558,1927
845,Strangers on a Train,1951,6,2,1200000.0,101,en,Crime,Warner Bros. Pictures,5.6026,1.5503,7.7,1926
302156,Criminal,2016,4,3,31500000.0,113,en,Action,BenderSpink,0.7222,6.7134,6.216,1923
71688,The Iron Lady,2011,12,0,13000000.0,105,en,History,UK Film Council,0.7716,7.1363,6.354,1922
2640,Heathers,1989,3,4,3000000.0,103,en,Comedy,New World Pictures,1.0102,5.493,7.3,1922
9348,Species,1995,7,4,35000000.0,108,en,Science Fiction,Metro-Goldwyn-Mayer,1.4157,3.4407,5.992,1921
963,The Maltese Falcon,1941,10,5,375000.0,100,en,Mystery,Warner Bros. Pictures,2.0715,2.6501,7.704,1921
6844,The Ten Commandments,1956,10,4,13000000.0,220,en,Drama,Paramount Pictures,3.2201,3.5115,7.795,1920
445629,Fighting with My Family,2019,2,3,11000000.0,108,en,Comedy,WWE Studios,3.5042,13.6743,6.838,1919
491480,The Boy Who Harnessed the Wind,2019,2,3,0.0,113,en,Drama,Participant,6.293,0.5119,7.885,1917
77953,The Campaign,2012,8,3,95000000.0,85,en,Comedy,Location Gourmet,1.4027,7.1692,5.833,1917
283350,Before We Go,2014,9,3,0.0,95,en,Romance,Wonderland Sound and Vision,7.4976,7.4976,6.742,1916
241257,Regression,2015,10,3,20000000.0,106,en,Horror,Mod Producciones,1.2756,5.6532,5.584,1916
283587,Beasts of No Nation,2015,9,4,6000000.0,137,en,Drama,Participant,2.3832,0.8289,7.6,1915
136418,Hummingbird,2013,5,1,20000000.0,100,en,Action,Lionsgate,2.3941,35.8713,6.172,1915
28211,Chloe,2010,2,3,14000000.0,96,en,Drama,StudioCanal,1.0279,10.3817,6.137,1914
10775,Infernal Affairs,2002,12,3,6400000.0,101,cn,Drama,Media Asia Films,1.0605,5.6093,7.807,1914
9559,A Perfect World,1993,11,2,30000000.0,138,en,Drama,Malpaso Productions,9.0746,6.7134,7.504,1914
9353,Nacho Libre,2006,6,4,35000000.0,92,en,Comedy,Paramount Pictures,1.9982,10.5948,6.534,1914
1825,Over the Top,1987,2,4,25000000.0,94,en,Action,The Cannon Group,0.9623,8.4378,6.468,1913
615643,Minari,2021,2,4,2000000.0,115,en,Drama,Plan B Entertainment,0.8796,5.4431,7.326,1911
486131,Shaft,2019,6,4,30000000.0,111,en,Action,Davis Entertainment,1.0637,9.4487,6.526,1911
8489,Ali,2001,12,0,107000000.0,157,en,Drama,Columbia Pictures,4.0774,8.6553,6.743,1910
870028,The Accountant²,2025,4,2,80000000.0,133,en,Mystery,Artists Equity,1.5799,6.648,7.079,1909
1588,Bring It On,2000,8,4,28000000.0,99,en,Comedy,Universal Pictures,1.3732,9.5508,6.291,1909
551804,Freaky,2020,11,3,6000000.0,102,en,Horror,Universal Pictures,1.5247,5.1283,6.544,1906
4421,G.I. Jane,1997,8,1,50000000.0,125,en,Action,Caravan Pictures,9.4611,8.8246,6.492,1906
329440,The Forest,2016,1,3,10000000.0,93,en,Horror,Lava Bear Films,0.6308,5.5611,5.239,1905
763,Braindead,1992,8,3,3000000.0,103,en,Horror,WingNut Films,4.9872,0.6157,7.387,1905
8424,Love Me If You Dare,2003,9,2,0.0,93,fr,Drama,StudioCanal,0.819,2.3523,7.222,1904
441701,Veronica,2017,8,4,0.0,105,es,Horror,Sony Pictures International Productions,0.9998,0.5923,6.246,1902
590,The Hours,2002,12,4,25000000.0,114,en,Drama,Scott Rudin Productions,1.0916,10.1124,7.249,1901
1151031,Bring Her Back,2025,5,0,15000000.0,104,en,Horror,Causeway Films,0.962,1.504,7.337,1898
425972,Cargo,2017,10,4,0.0,105,en,Drama,Metrol Technology,0.4072,5.1122,6.4,1898
578701,Those Who Wish Me Dead,2021,5,2,20000000.0,100,en,Thriller,Bron Studios,9.6274,8.2317,6.595,1897
242095,The Signal,2014,3,5,4000000.0,97,en,Thriller,Signal Film Group,1.0549,2.8445,6.026,1897
538362,On My Skin,2018,9,2,0.0,100,it,Drama,Cinemaundici,0.4155,1.7936,8.015,1896
11645,Ran,1985,6,5,12000000.0,160,ja,Action,Nippon Herald Films,3.178,2.8929,8.015,1894
213681,Masterminds,2016,9,3,25000000.0,95,en,Action,Broadway Video,1.9982,5.0595,5.755,1895
379,Miller's Crossing,1990,9,4,14000000.0,115,en,Drama,Circle Films,2.3023,3.4093,7.443,1895
623491,The Babysitter: Killer Queen,2020,9,3,0.0,101,en,Comedy,Wonderland Sound and Vision,2.3421,1.1391,6.308,1894
11336,The Dead Zone,1983,10,4,10000000.0,103,en,Thriller,The De Laurentiis Company,2.6271,8.7901,7.014,1893
3112,The Night of the Hunter,1955,7,1,795000.0,93,en,Crime,Paul Gregory Productions,1.8222,2.0865,7.859,1892
15152,"OSS 117: Cairo, Nest of Spies",2006,4,2,15200000.0,99,fr,Crime,Artémis Productions,1.2097,4.2862,7.216,1891
593,Solaris,1972,3,0,0.0,167,ru,Drama,Unit Four,2.23,0.9259,7.758,1890
1306368,The Rip,2026,1,1,100000000.0,113,en,Action,Artists Equity,1.4254,13.0917,7.089,1888
10495,The Karate Kid Part III,1989,6,4,12500000.0,112,en,Action,Columbia Pictures,2.0576,3.077,5.925,1888
10153,Sphere,1998,2,4,80000000.0,134,en,Science Fiction,Warner Bros. Pictures,2.1417,3.5478,6.142,1888
664469,Amsterdam,2022,9,1,80000000.0,134,en,Mystery,DreamCrew,1.4652,6.5506,6.067,1886
962,The Gold Rush,1925,7,0,923000.0,95,en,Adventure,Charles Chaplin Productions,2.4611,2.4611,7.964,1886
407451,A Wrinkle in Time,2018,3,3,103000000.0,109,en,Adventure,Whitaker Entertainment,1.3005,2.6355,5.045,1884
7278,Meet the Spartans,2008,1,3,30000000.0,84,en,Comedy,New Regency Pictures,1.0965,2.2786,4.089,1884
486947,The Guilty,2018,2,3,0.0,85,da,Thriller,Nordisk Film Denmark,0.5396,0.9375,7.3,1883
399366,Marrowbone,2017,10,4,9300000.0,111,es,Thriller,Marrowbone,0.9402,3.4604,7.276,1883
846,The X-Files,1998,6,4,66000000.0,121,en,Mystery,Ten Thirteen Productions,1.0405,2.9998,6.91,1882
264999,Magic Mike XXL,2015,7,2,14800000.0,115,en,Comedy,Warner Bros. Pictures,0.8403,7.3348,6.147,1881
4584,Sense and Sensibility,1995,12,2,16000000.0,136,en,Drama,Columbia Pictures,4.5145,4.5475,7.418,1881
19265,Whatever Works,2009,6,4,15000000.0,92,en,Comedy,Wild Bunch,3.9776,3.6562,7.072,1879
48415,Welcome to the South,2010,10,4,4000000.0,102,it,Comedy,Medusa Film,0.6667,1.0797,6.7,1878
491584,Burning,2018,5,3,7280000.0,148,ko,Mystery,Pinehouse Film,1.3627,1.7483,7.378,1877
7516,Smokin' Aces,2006,12,5,17000000.0,109,en,Action,Universal Pictures,1.4254,8.4533,6.477,1877
76494,What to Expect When You're Expecting,2012,5,3,40000000.0,110,en,Romance,Lionsgate,0.946,4.9134,6.009,1876
4349,The Kingdom,2007,8,2,70000000.0,110,en,Thriller,Universal Pictures,3.0938,6.5532,6.748,1876
1318447,Apex,2026,4,4,0.0,96,en,Action,Chernin Entertainment,1.3288,9.8979,6.896,1874
62206,30 Minutes or Less,2011,8,3,28000000.0,83,en,Action,Columbia Pictures,1.5204,6.3683,5.773,1871
604079,The Long Walk,2025,9,2,20000000.0,108,en,Science Fiction,Lionsgate,1.8883,2.1959,6.867,1869
296100,The Night Before,2015,11,4,25000000.0,101,en,Comedy,Good Universe,1.4862,6.1524,6.1,1870
11351,Jeepers Creepers 2,2003,8,4,17000000.0,104,en,Horror,Myriad Pictures,1.4918,0.5855,6.199,1869
829557,365 Days: This Day,2022,4,1,0.0,110,pl,Romance,Ekipa,0.7578,2.6432,5.946,1869
151960,Planes,2013,8,4,50000000.0,91,en,Animation,DisneyToon Studios,0.8326,1.8938,5.937,1869
291270,Anomalisa,2015,12,2,8000000.0,91,en,Animation,Starburns Industries,1.0081,4.3201,7.09,1868
55846,Blitz,2011,5,4,15774948.0,97,en,Crime,Lipsync Productions,0.7021,35.8713,6.171,1868
11683,Land of the Dead,2005,6,5,15000000.0,93,en,Horror,Romero-Grunwald Productions,1.4102,13.9199,6.261,1868
9869,Patriot Games,1992,6,3,45000000.0,117,en,Drama,Paramount Pictures,1.3149,7.1495,6.678,1867
9563,Any Given Sunday,1999,12,2,55000000.0,163,en,Drama,Warner Bros. Pictures,2.2764,6.8539,6.821,1867
774825,The Ice Age Adventures of Buck Wild,2022,1,4,0.0,82,en,Animation,Bardel Entertainment,0.7538,5.408,6.552,1863
26123,American Pie Presents: The Book of Love,2009,12,2,8000000.0,93,en,Comedy,Capital Arts Entertainment,1.0803,1.8046,5.258,1862
10669,Deliverance,1972,8,4,2000000.0,109,en,Drama,Warner Bros. Pictures,2.3005,4.0512,7.311,1862
404,The Straight Story,1999,10,4,10000000.0,112,en,Drama,Les Films Alain Sarde,3.4553,1.4775,7.738,1862
1084244,Toy Story 5,2026,6,2,250000000.0,102,en,Animation,Pixar,3.2918,4.2435,8.311,1856
121986,Frances Ha,2013,5,4,0.0,86,en,Comedy,Scott Rudin Productions,2.165,2.4699,7.332,1861
499701,Dora and the Lost City of Gold,2019,8,3,49000000.0,102,en,Family,Nickelodeon Movies,1.0888,10.3322,6.617,1859
250219,I Can Quit Whenever I Want,2014,2,3,2000000.0,100,it,Comedy,Ascent Film,0.6142,4.9919,7.411,1858
11017,Billy Madison,1995,2,4,10000000.0,90,en,Comedy,Jack Giarraputo Productions,0.9739,6.7753,6.181,1858
10588,The Cat in the Hat,2003,11,4,109000000.0,82,en,Fantasy,Universal Pictures,1.389,6.6375,5.4,1858
9386,In the Line of Fire,1993,7,3,40000000.0,128,en,Action,Castle Rock Entertainment,1.5927,9.0746,6.974,1858
8952,I Love You Phillip Morris,2010,2,3,13000000.0,98,en,Comedy,EuropaCorp,2.0272,8.8079,6.406,1858
55420,Another Earth,2011,7,4,100000.0,92,en,Drama,Artists Public Domain,0.9629,1.5304,6.709,1857
22832,Ninja Assassin,2009,9,1,40000000.0,99,en,Action,Legendary Pictures,1.1473,2.5672,6.745,1857
9529,Candyman,1992,10,4,6000000.0,100,en,Drama,Propaganda Films,1.7427,3.1049,6.668,1857
9036,Eight Below,2006,2,4,40000000.0,120,en,Adventure,Walt Disney Pictures,1.945,4.916,7.039,1857
6877,Failure to Launch,2006,3,4,50000000.0,97,en,Romance,Failure to Launch Productions,0.6674,8.6775,5.851,1857
2142,Cop Land,1997,8,4,15000000.0,104,en,Crime,Miramax,1.7096,8.4378,6.816,1857
13836,Race to Witch Mountain,2009,3,4,50000000.0,98,en,Adventure,Walt Disney Pictures,0.9626,7.3971,5.796,1856
9665,Glory,1989,12,4,18000000.0,122,en,Drama,Freddie Fields Productions,1.7378,2.6277,7.489,1856
642885,Hocus Pocus 2,2022,9,1,30000000.0,104,en,Fantasy,Walt Disney Pictures,2.4388,3.6762,7.134,1854
11808,U.S. Marshals,1998,3,4,60000000.0,131,en,Thriller,Kopelson Entertainment,0.8733,4.4909,6.549,1855
1639,Speed 2: Cruise Control,1997,6,4,160000000.0,125,en,Action,20th Century Fox,1.1251,8.1384,4.596,1855
1852,World Trade Center,2006,8,2,65000000.0,129,en,Drama,Paramount Pictures,2.2764,10.8655,6.122,1854
181283,Child 44,2015,3,6,50000000.0,137,en,Crime,Summit Entertainment,0.8739,9.2886,6.28,1853
76617,Texas Chainsaw 3D,2013,1,3,20000000.0,92,en,Horror,Lionsgate,0.6992,8.6803,5.488,1853
716612,Spencer,2021,11,3,18000000.0,116,en,Drama,FilmNation Entertainment,0.9826,5.9963,6.701,1852
325789,The Infiltrator,2016,7,2,28000000.0,127,en,Crime,Good Films Collective,0.7113,9.0078,6.68,1852
2018,The Wedding Planner,2001,1,4,35000000.0,103,en,Comedy,Tapestry Films,3.5514,4.9134,5.924,1852
437586,mid90s,2018,10,4,1700000.0,86,en,Drama,A24,4.1278,2.0025,7.458,1851
585245,Clifford the Big Red Dog,2021,11,2,64000000.0,96,en,Family,Paramount Pictures,1.1184,1.5369,7.146,1850
44603,Hereafter,2010,10,4,50000000.0,129,en,Drama,Warner Bros. Pictures,9.0746,13.0917,6.146,1850
262543,Automata,2014,10,3,7000000.0,110,en,Thriller,Green Moon Productions,0.5338,5.4164,5.904,1848
170687,The Boxtrolls,2014,9,2,60000000.0,97,en,Animation,LAIKA,0.6394,4.571,6.725,1848
614,Wild Strawberries,1957,8,2,0.0,91,sv,Drama,SF Studios,2.1084,1.0808,8.1,1848
11675,Halloween H20: 20 Years Later,1998,8,2,17000000.0,86,en,Horror,Dimension Films,1.5615,8.5711,6.041,1847
80389,Get the Gringo,2012,3,3,35000000.0,96,en,Action,Icon Productions,1.0358,5.2865,6.608,1845
7459,Speed Racer,2008,5,2,120000000.0,135,en,Family,Warner Bros. Pictures,1.9307,2.9825,6.4,1845
416234,Winchester,2018,2,4,3500000.0,100,en,Horror,Imagination Design Works,1.104,5.1748,5.882,1844
403,Driving Miss Daisy,1989,12,2,7500000.0,99,en,Drama,Warner Bros. Pictures,1.2496,11.3118,7.229,1844
3035,Frankenstein,1931,11,5,291000.0,70,en,Drama,Universal Pictures,2.3299,1.1016,7.467,1843
395458,Suburbicon,2017,10,3,25000000.0,105,en,Thriller,Black Bear Pictures,7.6526,13.0917,5.887,1842
7288,Duplex,2003,9,4,40000000.0,89,en,Comedy,Miramax,4.4657,5.028,6.116,1842
42684,Skyline,2010,11,3,10500000.0,93,en,Science Fiction,RAT Entertainment,0.7176,2.0807,5.07,1841
238215,The Cobbler,2014,9,3,10000000.0,99,en,Fantasy,Golden Spike (II),2.2317,6.7753,5.871,1840
10033,Just Friends,2005,11,2,0.0,94,en,Comedy,BenderSpink,1.1539,8.4533,6.204,1840
475,Bonnie and Clyde,1967,8,6,2500000.0,111,en,Crime,Tatira-Hiller Productions,1.303,2.1716,7.492,1840
24253,The Girl Who Played with Fire,2009,9,4,4400000.0,129,sv,Drama,Nordisk Film Denmark,0.9571,1.6351,6.991,1839
656690,The Social Dilemma,2020,1,6,0.0,94,en,Documentary,Exposure Labs,0.5983,0.8316,7.459,1837
203739,Vampire Academy,2014,2,4,30000000.0,104,en,Comedy,Montford / Murphy Productions,1.5577,5.1068,6.315,1838
385103,Scoob!,2020,7,2,90000000.0,94,en,Animation,Warner Animation Group,1.0739,4.0184,6.98,1837
11172,Music and Lyrics,2007,2,4,40000000.0,104,en,Comedy,Castle Rock Entertainment,1.2385,4.9218,6.449,1837
11075,Audition,2000,3,4,250000.0,115,ja,Horror,Basara Pictures,2.6179,1.2427,7.115,1837
9788,Accepted,2006,8,4,23000000.0,93,en,Comedy,Universal Pictures,1.7132,4.5028,6.456,1837
9427,The Full Monty,1997,8,2,3500000.0,91,en,Comedy,Redwave Films,1.9836,2.3878,7.0,1837
2179,Tenacious D in The Pick of Destiny,2006,11,2,22000000.0,93,en,Comedy,New Line Cinema,0.7567,10.5948,6.797,1837
654,On the Waterfront,1954,6,1,910000.0,108,en,Crime,Columbia Pictures,1.2464,4.4996,7.852,1837
614560,Mank,2020,11,4,25000000.0,132,en,Drama,Netflix International Pictures,4.5377,9.1246,6.665,1836
12783,The Duchess,2008,9,4,17759769.0,110,en,Drama,Pathé Renn Productions,0.7101,6.9424,6.978,1836
10761,Made of Honor,2008,4,2,40000000.0,101,en,Comedy,Columbia Pictures,0.8963,6.8668,6.468,1836
9994,The Great Mouse Detective,1986,7,2,14000000.0,74,en,Animation,Silver Screen Partners II,1.4033,0.89,7.047,1836
9550,House of Flying Daggers,2004,7,4,15000000.0,119,zh,Adventure,China Film Co-Production,3.5542,3.0584,7.272,1836
916224,Suzume,2022,11,4,13000000.0,122,ja,Animation,CoMix Wave Films,3.6897,4.0254,7.89,1833
511809,West Side Story,2021,12,2,100000000.0,156,en,Drama,20th Century Studios,7.5877,2.0592,6.908,1834
227973,The Peanuts Movie,2015,11,3,99000000.0,88,en,Animation,Blue Sky Studios,0.8403,3.5192,7.0,1834
504253,I Want to Eat Your Pancreas,2018,9,5,0.0,108,ja,Animation,ABC Animation,0.6802,1.8882,8.232,1831
55931,The Animatrix,2003,5,4,5000000.0,102,en,Animation,Warner Bros. Pictures,1.5096,9.6407,7.2,1833
10679,Iron Sky,2012,4,2,7500000.0,93,en,Action,Blind Spot Pictures,0.627,1.232,5.748,1831
103332,Ruby Sparks,2012,7,2,8000000.0,104,en,Comedy,Fox Searchlight Pictures,1.1562,3.6724,7.109,1830
810693,Jujutsu Kaisen 0,2021,12,4,0.0,105,ja,Animation,MAPPA,1.1452,2.4168,8.101,1828
140420,Paperman,2012,11,4,0.0,7,en,Animation,Walt Disney Animation Studios,0.6998,0.6998,7.982,1828
9530,RV,2006,4,4,50000000.0,99,en,Family,Columbia Pictures,2.0671,4.7179,5.908,1828
9359,Maverick,1994,5,4,75000000.0,127,en,Action,Warner Bros. Pictures,2.0441,5.2865,6.901,1828
43933,Monsters,2010,6,4,500000.0,94,en,Drama,Vertigo Films,3.617,3.6726,6.192,1827
323675,Ride Along 2,2016,1,3,40000000.0,102,en,Action,Reel Chefs Catering,1.0637,6.427,6.254,1826
1022796,Wish,2023,11,0,175000000.0,95,en,Animation,Walt Disney Animation Studios,0.7119,1.8801,6.223,1825
417320,Descendants 2,2017,7,4,0.0,111,en,Family,"Bad Angels Productions, Ltd.",1.1582,4.5802,7.374,1825
271969,Ben-Hur,2016,8,2,100000000.0,125,en,Action,Metro-Goldwyn-Mayer,1.236,2.5986,5.777,1823
33217,Diary of a Wimpy Kid,2010,3,4,15000000.0,92,en,Comedy,Dayday Films,0.8142,2.5313,6.282,1823
9833,The Phantom of the Opera,2004,12,2,70000000.0,141,en,Thriller,Odyssey Entertainment,1.8784,7.5862,7.3,1823
565028,Candyman,2021,8,2,25000000.0,91,en,Horror,Metro-Goldwyn-Mayer,2.4829,3.1952,5.991,1821
424781,Sorry to Bother You,2018,7,4,3200000.0,112,en,Fantasy,Cinereach,1.0939,4.7351,6.776,1821
848538,Argylle,2024,1,2,200000000.0,139,en,Action,Marv,2.1336,8.1022,5.982,1820
112198,What's in a Name,2012,4,2,0.0,110,fr,Comedy,Chapter 2,0.9333,1.3627,7.321,1820
26736,Wizards of Waverly Place: The Movie,2009,8,4,0.0,94,en,Family,Disney Channel,1.169,6.8857,7.311,1819
2662,House of 1000 Corpses,2003,4,4,7000000.0,89,en,Horror,Spectacle Entertainment Group,1.9397,1.531,6.195,1819
10898,The Little Mermaid II: Return to the Sea,2000,1,6,0.0,75,en,Animation,Disney Television Animation,0.7157,1.8334,6.394,1817
9944,The Pelican Brief,1993,9,4,45000000.0,141,en,Thriller,Warner Bros. Pictures,0.949,5.8435,6.593,1816
9372,Super Size Me,2004,1,5,65000.0,100,en,Documentary,The Con,1.4225,1.4225,6.715,1816
234,The Cabinet of Dr. Caligari,1920,2,4,18000.0,77,de,Drama,Decla Film Gesellschaft Holz & Co.,0.7146,0.6247,7.9,1816
11023,Thirteen,2003,8,2,2000000.0,100,en,Drama,Michael London Productions,2.0134,3.1562,6.696,1815
6964,Something's Gotta Give,2003,12,4,80000000.0,128,en,Drama,Columbia Pictures,1.9149,4.6107,6.625,1815
10843,After Hours,1985,9,4,4500000.0,97,en,Comedy,Double Play,5.8366,2.263,7.5,1814
617505,Hubie Halloween,2020,10,2,14000000.0,102,en,Comedy,Happy Madison Productions,1.0101,6.7753,5.88,1813
86837,Amour,2012,9,3,8900000.0,127,fr,Drama,Les Films du Losange,2.1454,1.3445,7.751,1812
38317,Zookeeper,2011,7,2,80000000.0,102,en,Comedy,Broken Road Productions,0.9021,4.2905,5.446,1813
1391,Y Tu Mamá También,2001,6,4,5000000.0,106,es,Drama,Bésame Mucho Pictures,4.6126,1.9065,7.433,1813
26505,Arthur and the Revenge of Maltazard,2009,11,3,87000000.0,93,fr,Adventure,Apipoulaï Prod,3.4195,4.719,5.778,1811
25793,Precious: Based on the Novel 'Push' by Sapphire,2009,11,4,10000000.0,110,en,Drama,Smokewood Entertainment Group,2.111,2.0778,7.316,1809
10779,The Frighteners,1996,7,4,30000000.0,110,en,Horror,WingNut Films,4.9872,5.1653,6.965,1810
49009,The Way Back,2010,11,0,30000000.0,133,en,Drama,Exclusive Media,2.3737,7.6008,7.002,1809
221,Rebel Without a Cause,1955,10,3,1500000.0,111,en,Drama,Warner Bros. Pictures,1.5446,2.259,7.487,1809
9012,Jackass: The Movie,2002,10,4,5000000.0,85,en,Action,Lynch Siderow Productions,1.1825,3.2286,6.338,1807
2026,Hostage,2005,3,2,52000000.0,113,en,Action,Yari Film Group,0.7109,8.5919,6.358,1807
722778,The Hand of God,2021,11,2,13050000.0,130,it,Drama,The Apartment Pictures,1.2746,0.6611,7.522,1805
10778,The Man Who Wasn't There,2001,10,4,20000000.0,116,en,Crime,USA Films,2.3023,3.7823,7.504,1805
760741,Beast,2022,8,3,36000000.0,93,en,Action,RVK Studios,1.3288,8.5716,6.532,1804
9038,The Heartbreak Kid,2007,10,4,60000000.0,116,en,Comedy,Conundrum Entertainment,1.185,5.028,5.753,1803
635731,Pig,2021,7,4,3000000.0,92,en,Drama,AI Film,1.1347,10.8655,6.619,1802
626735,Dog,2022,2,3,20000000.0,101,en,Drama,FilmNation Entertainment,0.831,7.3348,7.279,1802
6435,Practical Magic,1998,10,4,75000000.0,104,en,Romance,Di Novi Pictures,2.263,8.1384,6.769,1802
1290821,Shelter,2026,1,2,50000000.0,107,en,Action,Black Bear Pictures,3.8502,35.8713,7.79,1799
152747,All Is Lost,2013,8,4,9000000.0,106,en,Action,Black Bear Pictures,1.1718,3.0916,6.646,1801
790,The Fog,1980,2,4,1000000.0,90,en,Horror,AVCO Embassy Pictures,2.3727,2.7378,6.739,1800
501907,A Beautiful Day in the Neighborhood,2019,9,5,25000000.0,109,en,History,TriStar Pictures,1.3231,3.8253,7.0,1799
11081,Taking Lives,2004,3,4,45000000.0,103,en,Thriller,Village Roadshow Pictures,1.4311,8.2317,6.367,1799
10796,The One,2001,11,4,49000000.0,87,en,Action,Revolution Studios,1.4037,5.5501,6.137,1799
10327,"Legally Blonde 2: Red, White & Blonde",2003,7,2,45000000.0,95,en,Comedy,Metro-Goldwyn-Mayer,0.8886,4.775,5.71,1799
4858,The Invasion,2007,8,4,80000000.0,99,en,Horror,Village Roadshow Pictures,1.7016,10.1124,6.076,1797
11249,Seed of Chucky,2004,11,4,12000000.0,86,en,Horror,David Kirschner Productions,1.3164,3.0748,5.506,1796
615469,Spiderhead,2022,6,2,0.0,107,en,Science Fiction,Grand Electric,2.248,8.6502,5.787,1795
46146,Troll Hunter,2010,10,4,3500000.0,104,no,Fantasy,Filmkameratene,0.9682,0.9827,6.71,1795
11153,National Lampoon's Vacation,1983,7,4,15000000.0,99,en,Comedy,Warner Bros. Pictures,2.213,4.6184,7.106,1794
258509,Alvin and the Chipmunks: The Road Chip,2015,12,3,90000000.0,92,en,Family,TSG Entertainment,1.1184,3.2271,6.04,1794
60670,The Crimson Rivers,2000,9,2,2365000.0,106,fr,Crime,Gaumont,1.7612,5.9743,6.92,1794
1007734,Nobody 2,2025,8,2,25000000.0,89,en,Action,Universal Pictures,1.0374,7.6116,6.921,1793
7972,Before the Devil Knows You're Dead,2007,9,2,18000000.0,117,en,Crime,Michael Cerenzie Productions,3.2191,4.8997,7.112,1793
5516,The Ladykillers,2004,3,3,35000000.0,104,en,Comedy,Touchstone Pictures,3.4895,16.1984,6.119,1793
1266,Street Kings,2008,4,3,20000000.0,109,en,Action,Fox Searchlight Pictures,1.5009,9.6407,6.666,1793
303,Notorious,1946,8,2,2000000.0,103,en,Romance,RKO Radio Pictures,5.6026,4.1204,7.712,1792
14462,The Manchurian Candidate,2004,7,4,80000000.0,130,en,Thriller,Clinica Estetico,1.702,9.1225,6.491,1790
12201,Edge of Darkness,2010,1,3,80000000.0,117,en,Crime,Icon Productions,1.395,5.2865,6.454,1790
4379,Monster-in-Law,2005,5,4,43000000.0,101,en,Romance,New Line Cinema,1.0672,4.9134,6.228,1791
11187,Child's Play 3,1991,8,4,13000000.0,90,en,Horror,Universal Pictures,1.6511,1.2578,5.903,1789
10808,Dr. Dolittle 2,2001,6,4,70000000.0,87,en,Comedy,Joseph M. Singer Entertainment,1.096,5.528,5.32,1790
635,Angel Heart,1987,3,4,17000000.0,113,en,Horror,Winkast Film Productions,3.1183,4.323,7.119,1789
425274,Now You See Me: Now You Don't,2025,11,2,90000000.0,112,en,Crime,Lionsgate,1.5204,6.3683,6.47,1789
334524,Gold,2016,2,2,20000000.0,120,en,Adventure,Living Films,1.5535,8.6775,6.629,1787
8845,Under Siege,1992,10,3,35000000.0,102,en,Action,Regency Enterprises,1.3893,4.8898,6.308,1788
2294,Jay and Silent Bob Strike Back,2001,8,2,22000000.0,104,en,Comedy,Dimension Films,2.0632,1.8957,6.438,1788
2251,Unfaithful,2002,5,4,50000000.0,124,en,Thriller,Fox 2000 Pictures,1.5051,7.2437,6.721,1787
454293,Night School,2018,9,3,29000000.0,111,en,Comedy,HartBeat Productions,1.172,6.427,6.119,1787
9035,Slither,2006,3,4,15000000.0,96,en,Horror,Strike Entertainment,6.6929,8.0084,6.547,1787
330764,The Brand New Testament,2015,9,2,8700000.0,114,fr,Comedy,Caviar,0.8332,2.1474,6.647,1786
226857,Endless Love,2014,2,2,20000000.0,104,en,Drama,Bluegrass Films,0.6293,2.3305,6.942,1786
10992,Cats & Dogs,2001,7,2,60000000.0,87,en,Family,Village Roadshow Pictures,0.5176,4.1105,5.405,1786
6312,Brotherhood of the Wolf,2001,1,2,29000000.0,151,fr,Adventure,Davis Films,1.0308,2.7151,6.738,1785
416144,Hotel Mumbai,2019,3,3,25000000.0,123,en,Thriller,Xeitgeist Entertainment Group,1.1745,4.1629,7.53,1785
300673,The Finest Hours,2016,1,2,80000000.0,117,en,Action,Red Hawk Entertainment,3.1504,4.7176,6.594,1785
298382,The Dressmaker,2015,10,3,11930000.0,118,en,Drama,White Hot Productions,0.6877,6.7019,6.997,1784
1551,Flatliners,1990,8,4,26000000.0,115,en,Drama,Stonebridge Entertainment,1.8784,3.9008,6.516,1784
333352,Eye in the Sky,2015,9,0,13000000.0,102,en,Drama,Raindog Films,1.0158,5.1748,7.003,1782
512,Scoop,2006,7,3,4000000.0,96,en,Comedy,BBC Film,3.9776,15.4476,6.596,1783
3600,I Still Know What You Did Last Summer,1998,11,4,24000000.0,100,en,Horror,Columbia Pictures,0.8863,4.3131,5.363,1782
549509,The Brutalist,2024,12,4,9600000.0,215,en,Drama,Brookstreet Pictures,7.3051,7.7298,6.933,1781
233063,Suck Me Shakespeer,2013,11,3,0.0,117,de,Comedy,Rat Pack Filmproduktion,0.4732,1.6468,7.011,1779
8843,The Cell,2000,8,4,33000000.0,107,en,Horror,Caro-McLeod,1.5048,4.9134,6.282,1780
2119,Days of Thunder,1990,6,2,60000000.0,107,en,Adventure,Paramount Pictures,2.7841,12.2838,6.393,1779
398929,Alibi.com,2017,2,2,7546570.0,90,fr,Comedy,Fechner Films,1.5221,1.5221,6.462,1778
777443,The Electric State,2025,2,0,320000000.0,125,en,Action,AGBO,1.8474,8.834,6.474,1777
45132,Super,2010,11,4,2500000.0,96,en,Comedy,This is that,6.6929,3.1047,6.518,1777
922,Dead Man,1995,12,5,9000000.0,122,en,Drama,Pandora Film,2.0795,8.6846,7.307,1776
150,48 Hrs.,1982,12,1,12000000.0,96,en,Crime,Paramount Pictures,1.4476,4.3159,6.676,1776
407448,Detroit,2017,7,4,34000000.0,143,en,Drama,Annapurna Pictures,2.4876,2.5713,7.237,1774
401246,The Square,2017,8,4,0.0,151,sv,Drama,Plattform Produktion,1.3196,3.0534,6.747,1775
60747,Red Dawn,2012,3,3,65000000.0,93,en,Action,Contrafilm,1.1072,8.6502,5.725,1775
19458,Princess Protection Program,2009,6,0,0.0,89,en,Family,Walt Disney Television,0.8661,2.1845,6.643,1775
21575,A Prophet,2009,8,2,13000000.0,155,fr,Crime,Why Not Productions,3.8658,2.8651,7.566,1773
11096,Hide and Seek,2005,1,3,30000000.0,101,en,Horror,MBC Beteiligungs Filmproduktion,1.0618,10.1679,6.348,1772
539681,DC League of Super-Pets,2022,7,2,90000000.0,105,en,Family,Warner Animation Group,2.7096,7.3971,7.145,1772
40662,Batman: Under the Red Hood,2010,7,1,0.0,75,en,Mystery,Warner Bros. Animation,1.4275,5.1758,7.763,1772
10157,Police Academy 2: Their First Assignment,1985,3,3,7600000.0,87,en,Comedy,The Ladd Company,4.5285,2.5611,6.1,1772
1273221,Scary Movie,2026,6,2,30000000.0,96,en,Comedy,Wayans Bros. Entertainment,0.9509,4.6113,6.434,1769
532639,Pinocchio,2022,9,2,150000000.0,105,en,Fantasy,Walt Disney Pictures,3.5231,6.1524,6.251,1769
396806,Anon,2018,5,3,20000000.0,100,en,Science Fiction,K5 Film,1.8838,5.767,6.021,1769
634528,The Marksman,2021,1,4,23000000.0,108,en,Action,Sculptor Media,0.9026,8.5147,6.773,1768
11529,Sweet Home Alabama,2002,9,3,30000000.0,108,en,Comedy,Touchstone Pictures,1.2792,4.775,6.418,1767
399106,Piper,2016,6,3,0.0,6,en,Family,Pixar,0.772,0.0,8.135,1765
9920,Ultraviolet,2006,3,4,30000000.0,87,en,Science Fiction,Ultravi Productions,0.9574,6.9434,5.202,1765
4689,Sympathy for Mr. Vengeance,2002,3,4,4000000.0,129,ko,Action,CJ Entertainment,3.4838,2.79,7.465,1765
597891,Kate,2021,9,4,25000000.0,106,en,Action,Clubhouse Pictures,1.1962,5.2446,6.616,1764
568620,Snake Eyes: G.I. Joe Origins,2021,7,3,88000000.0,121,en,Action,Paramount Pictures,0.9896,2.6351,6.427,1764
1407,La Vie en Rose,2007,2,2,25000000.0,140,fr,Music,TF1 International,0.7668,5.9978,7.363,1764
65759,Happy Feet Two,2011,11,3,130000000.0,99,en,Animation,Warner Bros. Pictures,1.648,6.9543,6.209,1762
1985,The Constant Gardener,2005,8,2,25000000.0,129,en,Drama,Scion Films,1.3748,5.8452,6.985,1763
760883,Blood Red Sky,2021,7,4,17739525.0,123,de,Horror,Rat Pack Filmproduktion,0.9627,1.5994,6.771,1761
9667,The Jacket,2005,3,4,29000000.0,103,en,Drama,Section Eight,0.5565,7.7298,6.863,1761
560057,The Sea Beast,2022,6,4,0.0,115,en,Animation,Netflix,1.3197,6.6178,7.325,1760
9691,Assassins,1995,10,4,50000000.0,132,en,Action,Warner Bros. Pictures,2.0441,8.4378,6.502,1760
247,The Killing,1956,6,2,320000.0,85,en,Crime,United Artists,4.1712,2.3913,7.644,1760
284427,Who Am I,2014,9,3,0.0,105,de,Thriller,Deutsche Columbia Filmproduktion,1.1308,1.9725,7.557,1758
268920,Hot Pursuit,2015,5,4,35000000.0,87,en,Action,New Line Cinema,2.4388,4.775,5.734,1759
548473,Color Out of Space,2020,1,4,6000000.0,111,en,Horror,SpectreVision,1.3724,10.8655,6.084,1758
475430,Artemis Fowl,2020,5,4,125000000.0,94,en,Adventure,Tribeca Productions,6.8627,0.5789,5.52,1758
84348,V/H/S,2012,7,5,242000.0,116,en,Thriller,The Collective,1.1082,0.5691,6.1,1758
171372,Frank,2014,5,4,1000000.0,95,en,Comedy,Runaway Fridge Productions,0.7755,5.7677,6.836,1757
314405,Tale of Tales,2015,5,3,12000000.0,134,it,Romance,Archimede,0.9385,4.1786,6.426,1756
68817,Footloose,2011,10,3,24000000.0,113,en,Drama,Weston Pictures,0.9718,4.6431,6.577,1756
11228,Daylight,1996,12,4,80000000.0,115,en,Action,Davis Entertainment,1.2822,8.4378,6.14,1756
37786,Sex and the City 2,2010,5,2,100000000.0,146,en,Comedy,Village Roadshow Pictures,1.1337,4.0599,6.041,1755
37257,Witness for the Prosecution,1957,12,1,3000000.0,116,en,Drama,Edward Small Productions,1.7176,1.4709,8.207,1752
10735,What a Girl Wants,2003,3,3,20000000.0,105,en,Family,Sloane Square Films,1.0486,3.1095,6.305,1748
10357,Volcano,1997,4,4,90000000.0,104,en,Science Fiction,20th Century Fox,1.3786,4.4909,5.973,1748
705,All About Eve,1950,11,3,1400000.0,139,en,Drama,20th Century Fox,1.4082,2.3303,8.076,1748
1087891,The Amateur,2025,4,2,60000000.0,123,en,Thriller,20th Century Studios,1.1009,5.5669,6.9,1747
205220,Philomena,2013,11,4,12000000.0,98,en,Drama,Baby Cow Productions,1.5438,5.6339,7.339,1747
583406,Judas and the Black Messiah,2021,2,4,26000000.0,125,en,Drama,MACRO,0.904,5.8321,7.285,1746
231176,Sun in Buckets,2013,10,3,8000000.0,83,it,Comedy,Taodue Film,0.6445,0.8905,6.766,1746
9647,Scrooged,1988,11,1,32000000.0,101,en,Fantasy,Paramount Pictures,2.0441,4.5082,6.789,1744
698687,Transformers One,2024,9,2,75000000.0,104,en,Animation,Paramount Animation,1.0376,8.6502,7.98,1744
167032,Curse of Chucky,2013,10,1,5000000.0,97,en,Horror,Universal 1440 Entertainment,1.3164,5.2321,6.0,1742
11878,Yojimbo,1961,4,1,0.0,110,ja,Drama,TOHO,3.178,2.1812,8.1,1738
10998,Fatal Attraction,1987,9,4,14000000.0,119,en,Thriller,Paramount Pictures,1.5051,3.5081,6.833,1739
2323,Field of Dreams,1989,4,4,15000000.0,105,en,Drama,Universal Pictures,1.4752,6.7134,7.125,1738
630240,Titane,2021,7,2,6600000.0,108,fr,Drama,Kazak Productions,1.5772,1.5093,6.326,1737
208134,Jackass Presents: Bad Grandpa,2013,10,1,15000000.0,92,en,Comedy,Paramount Pictures,1.1825,3.2286,6.185,1737
123025,"Batman: The Dark Knight Returns, Part 1",2012,9,1,3500000.0,76,en,Science Fiction,Warner Premiere,1.2923,5.3573,7.74,1737
77883,The Possession,2012,8,3,14000000.0,92,en,Horror,Ghost House Pictures,0.8676,7.2777,6.033,1737
12233,Oliver & Company,1988,11,4,31000000.0,74,en,Animation,Walt Disney Pictures,0.6541,1.8862,6.738,1737
412105,You Get Me,2017,6,0,0.0,89,en,Thriller,Awesomeness Films,0.4323,4.1347,5.624,1736
50531,Ask Me If I'm Happy,2000,12,4,0.0,100,it,Comedy,Medusa Film,0.8816,0.8047,7.7,1736
30018,Mother,2009,5,3,5000000.0,129,ko,Crime,Barunson E&A,5.3531,1.0232,7.706,1736
284303,Goodnight Mommy,2015,1,3,0.0,100,de,Horror,Koch Media,0.7125,0.389,6.678,1735
33909,Wall Street: Money Never Sleeps,2010,9,0,70000000.0,133,en,Drama,Pressman Film,2.2764,3.5081,6.09,1734
974635,Hit Man,2024,5,3,8800000.0,116,en,Comedy,Aggregate Films,4.659,5.1235,6.781,1733
11644,Blow Out,1981,7,4,18000000.0,108,en,Crime,Cinema 77,2.294,7.9888,7.357,1733
9760,Epic Movie,2007,1,3,20000000.0,85,en,Comedy,Regency Enterprises,1.0965,2.4503,3.863,1733
87825,Trouble with the Curve,2012,9,4,60000000.0,111,en,Drama,Malpaso Productions,0.9026,9.0746,6.982,1732
64328,The Muppets,2011,11,2,45000000.0,103,en,Comedy,Walt Disney Pictures,1.0888,2.9365,6.668,1732
9331,Clear and Present Danger,1994,8,2,62000000.0,141,en,Action,Paramount Pictures,1.3149,7.1495,6.6,1732
527261,The Silence,2019,5,3,0.0,91,en,Horror,Constantin Film,0.9213,4.7371,6.027,1731
454227,Outlaw King,2018,9,3,0.0,122,en,Action,Anonymous Content,1.0039,4.7176,6.83,1730
205321,Sharknado,2013,7,3,1000000.0,87,en,Action,Syfy,1.1045,1.5071,3.917,1729
93856,Chernobyl Diaries,2012,5,3,1000000.0,88,en,Horror,Oren Peli / Brian Witten Pictures,0.6294,1.8577,5.326,1728
1430,Bowling for Columbine,2002,10,2,4000000.0,120,en,Documentary,Vif Babelsberger Filmproduktion,1.5787,1.5787,7.517,1728
777270,Belfast,2021,11,4,11000000.0,98,en,Drama,TKBC,6.8627,1.188,7.027,1726
252838,The Wedding Ringer,2015,1,4,23000000.0,101,en,Comedy,Screen Gems,0.9023,6.427,6.46,1726
453201,The 15:17 to Paris,2018,2,2,30000000.0,94,en,Drama,Warner Bros. Pictures,9.0746,0.4956,5.41,1725
9208,Broken Arrow,1996,2,4,50000000.0,108,en,Action,The Mark Gordon Company,2.6432,7.9888,6.067,1724
1195506,Novocaine,2025,3,0,18000000.0,110,en,Action,Safehouse Pictures,0.6248,6.1577,6.776,1723
21407,The Collector,2009,7,3,3400000.0,90,en,Horror,Imaginarium Entertainment Group,0.988,3.6321,6.627,1723
11565,Big Momma's House 2,2006,1,3,40000000.0,99,en,Comedy,Big Lou House Productions,0.9209,4.1233,5.763,1722
2671,Ring,1998,1,5,1200000.0,96,ja,Horror,KADOKAWA Shoten,1.722,4.0443,7.1,1722
556694,Three Thousand Years of Longing,2022,8,2,60000000.0,108,en,Drama,FilmNation Entertainment,1.648,3.5899,6.879,1721
447273,Snow White,2025,3,2,271600000.0,109,en,Family,Walt Disney Pictures,1.2533,3.6167,4.275,1720
294016,Trumbo,2015,10,1,15000000.0,124,en,Drama,Shivhans Pictures,1.4027,9.0078,7.17,1721
256961,Paul Blart: Mall Cop 2,2015,4,3,38000000.0,94,en,Action,Columbia Pictures,0.9626,4.2905,5.167,1719
1694,Re-Animator,1985,10,4,900000.0,86,en,Science Fiction,Empire Pictures,1.1814,3.4309,7.052,1719
10030,Good Luck Chuck,2007,9,4,25000000.0,96,en,Comedy,Milestone Entertainment,0.6747,1.8938,5.936,1718
9610,Conan the Destroyer,1984,6,4,18000000.0,103,en,Adventure,The De Laurentiis Company,1.7883,6.3894,6.139,1718
8469,Animal House,1978,7,4,2700000.0,109,en,Comedy,Universal Pictures,2.1994,1.7563,6.949,1718
35554,Cado dalle nubi,2009,11,4,0.0,95,it,Comedy,Taodue Film,0.6445,0.8905,6.723,1717
522924,The Art of Racing in the Rain,2019,8,3,18000000.0,109,en,Drama,Original Film,0.8898,6.7134,8.156,1716
9963,Premonition,2007,2,3,20000000.0,96,en,Thriller,TriStar Pictures,0.5997,8.1384,6.28,1716
4643,The Guardian,2006,9,3,10000000.0,139,en,Action,Touchstone Pictures,1.3893,6.7134,7.127,1716
8836,The X-Files: I Want to Believe,2008,7,3,30000000.0,104,en,Mystery,Ten Thirteen Productions,1.5463,2.9998,5.872,1713
467660,Unsane,2018,3,3,1500000.0,98,en,Horror,Fingerprint Releasing,2.161,2.8959,6.249,1712
406761,Hotel Artemis,2018,6,3,15000000.0,94,en,Science Fiction,The Ink Factory,0.8793,5.899,6.074,1712
50698,Grave Encounters,2011,9,4,1000000.0,93,en,Thriller,Digital Interference Productions,0.7726,1.4704,6.329,1712
8838,Mercury Rising,1998,4,4,60000000.0,111,en,Action,Universal Pictures,0.7075,8.5919,6.293,1712
341006,The Belko Experiment,2017,3,4,5000000.0,89,en,Horror,Orion Pictures,1.2432,1.9448,6.176,1710
11358,Walking Tall,2004,4,4,46000000.0,86,en,Adventure,Mandeville Films,0.9232,7.3971,6.311,1710
1041613,Immaculate,2024,3,2,9000000.0,89,en,Horror,Black Bear Pictures,0.9464,11.3308,6.2,1709
381,To Catch a Thief,1955,8,2,2500000.0,106,en,Mystery,Paramount Pictures,5.6026,4.1204,7.263,1709
287424,Maggie,2015,5,4,4000000.0,95,en,Horror,Sly Predator,0.3182,6.3894,5.407,1708
16307,The Wicker Man,1973,12,3,810000.0,93,en,Horror,British Lion Films,0.9142,1.5456,7.331,1707
1086747,The Watchers,2024,6,3,30000000.0,102,en,Fantasy,Blinding Edge Pictures,0.5822,7.799,6.353,1707
818397,Memory,2022,4,3,30000000.0,114,en,Action,Black Bear Pictures,1.395,8.5147,6.722,1707
619979,Deep Water,2022,3,3,49000000.0,116,en,Drama,New Regency Pictures,1.5051,6.648,5.829,1706
646097,Rebel Ridge,2024,8,1,0.0,131,en,Crime,filmscience,1.0254,5.6612,6.966,1706
489925,Eighth Grade,2018,1,4,2000000.0,94,en,Comedy,A24,2.1665,2.1989,7.144,1706
8834,Conspiracy Theory,1997,8,4,75000000.0,135,en,Action,Silver Pictures,2.0441,5.2865,6.621,1705
451,Leaving Las Vegas,1995,10,4,3600000.0,111,en,Drama,Initial Productions,1.3233,10.8655,7.247,1705
11775,Intolerable Cruelty,2003,10,4,60000000.0,100,en,Comedy,Universal Pictures,2.3023,7.6526,5.963,1704
250574,Creep,2014,3,5,420.0,82,en,Horror,Blumhouse Productions,0.8371,3.2043,6.402,1703
524251,I See You,2019,9,2,3000000.0,98,en,Horror,Zodiac Features,0.6137,4.6559,6.978,1702
505058,Unfriended: Dark Web,2018,7,3,1000000.0,92,en,Horror,BH Tilt,1.0336,1.2391,6.29,1702
2334,Taxi 3,2003,1,2,14500000.0,87,fr,Action,EuropaCorp,1.0059,1.7941,5.761,1702
309886,Blood Father,2016,8,3,13000000.0,88,fr,Action,Wild Bunch,3.0115,5.2865,6.163,1701
168,Star Trek IV: The Voyage Home,1986,11,2,21000000.0,118,en,Science Fiction,Paramount Pictures,2.2406,2.9207,7.184,1700
632727,Texas Chainsaw Massacre,2022,2,4,20000000.0,83,en,Horror,Legendary Pictures,0.6055,1.2578,5.174,1699
316152,Free State of Jones,2016,6,4,50000000.0,140,en,Action,STXfilms,1.734,8.6775,6.783,1699
246403,Tusk,2014,9,4,3000000.0,102,en,Comedy,Phase 4 Films,2.0632,1.4377,5.539,1699
8007,Behind Enemy Lines,2001,11,4,40000000.0,106,en,Action,Davis Entertainment,0.8728,6.8795,6.446,1699
34653,A Single Man,2009,12,4,7000000.0,100,en,Drama,Fade To Black,1.4286,6.0339,7.267,1696
9314,Nineteen Eighty-Four,1984,11,4,7430072.0,113,en,Drama,Umbrella-Rosenblum Film Production,1.2972,3.9959,6.787,1694
7364,Sahara,2005,4,2,130000000.0,124,en,Action,Baldwin Entertainment Group,1.2968,8.6775,5.921,1693
6280,Junior,1994,11,1,60000000.0,110,en,Comedy,Northern Lights Entertainment,1.2251,6.3894,5.196,1693
10294,Vacancy,2007,4,4,19000000.0,85,en,Horror,Screen Gems,0.904,5.9534,6.27,1692
6538,Charlie Wilson's War,2007,12,2,75000000.0,102,en,Comedy,Universal Pictures,1.0907,16.1984,6.543,1690
791177,Bones and All,2022,11,4,16000000.0,131,en,Horror,Frenesy Film,1.9634,3.4321,6.989,1689
11001,Blue Streak,1999,9,4,65000000.0,93,en,Action,Columbia Pictures,1.1812,4.1233,6.518,1689
16577,Astro Boy,2009,10,3,10000000.0,94,en,Animation,Summit Entertainment,0.7998,4.719,6.335,1688
398,Capote,2005,9,4,7000000.0,114,en,Crime,United Artists,1.0801,4.8997,6.976,1688
245168,Suffragette,2015,10,4,14000000.0,106,en,Drama,Pathé,0.7696,3.9005,7.186,1687
12104,Pink Floyd: The Wall,1982,7,2,12000000.0,95,en,Music,Goldcrest,3.1183,0.8341,7.945,1687
11667,Street Fighter,1994,12,4,35000000.0,102,en,Action,Capcom,1.6737,7.0039,4.678,1687
10776,Little Shop of Horrors,1986,12,4,25000000.0,94,en,Horror,Geffen Pictures,2.9573,2.7071,6.988,1686
1325734,The Drama,2026,4,2,28000000.0,105,en,Romance,A24,1.6157,14.2417,6.923,1684
11968,Into the Blue,2005,9,4,50000000.0,110,en,Action,Mandalay Pictures,1.1764,4.916,5.93,1685
639720,IF,2024,5,2,110000000.0,104,en,Comedy,Paramount Pictures,6.0242,2.4042,6.941,1684
406994,Better Watch Out,2017,10,4,0.0,89,en,Horror,Best Medicine Productions,0.7629,1.4988,6.648,1684
11031,This Is Spinal Tap,1984,3,4,2500000.0,82,en,Comedy,Spinal Tap Prod.,2.6713,3.2423,7.398,1683
1272837,28 Years Later: The Bone Temple,2026,1,2,63000000.0,109,en,Horror,Columbia Pictures,2.4829,4.3602,7.094,1682
9722,Bewitched,2005,6,1,85000000.0,102,en,Comedy,Bewitched,1.3924,10.1124,5.094,1682
713,The Piano,1993,5,1,7000000.0,120,en,Drama,CiBy 2000,2.6422,4.7487,7.37,1682
338189,It's Only the End of the World,2016,9,2,7400000.0,99,fr,Drama,Sons of Manual,2.1999,1.9562,7.185,1680
283378,Fallen,2016,11,3,0.0,91,en,Drama,Apex Entertainment,1.2712,2.1891,6.113,1680
126963,Dragon Ball Z: Battle of Gods,2013,3,5,0.0,85,ja,Animation,Bandai Namco Games,0.7922,2.3428,6.845,1680
579974,RRR,2022,3,3,69000000.0,187,te,Action,DVV Entertainment,3.186,2.8969,7.712,1676
892,Delicatessen,1991,4,2,4000000.0,99,fr,Comedy,Constellation,1.7026,1.2928,7.311,1677
13335,Harold & Kumar Escape from Guantanamo Bay,2008,4,4,12000000.0,101,en,Comedy,New Line Cinema,1.0438,2.8906,6.318,1675
10131,A Nightmare on Elm Street 4: The Dream Master,1988,8,4,6500000.0,93,en,Horror,New Line Cinema,2.3392,2.9156,5.879,1676
188166,Blue Ruin,2014,4,4,420000.0,90,en,Crime,Paradise City,1.0254,3.2405,6.793,1675
86828,Absolutely Anything,2015,2,4,0.0,85,en,Comedy,Phoenix Pictures,1.3891,5.408,5.915,1675
9726,A Good Year,2006,9,5,35000000.0,117,en,Comedy,Fox 2000 Pictures,9.4611,6.2703,6.7,1675
9411,Fallen,1998,1,4,46000000.0,124,en,Crime,Turner Pictures,1.3653,9.1225,6.812,1672
437,Cube 2: Hypercube,2002,4,0,0.0,94,en,Thriller,Lions Gate Films,0.962,2.1067,5.496,1671
11368,Blood Simple,1985,1,4,1500000.0,97,en,Crime,River Road Productions,2.3023,2.0423,7.244,1671
347201,Boruto: Naruto the Movie,2015,8,4,0.0,95,ja,Adventure,Pierrot,0.9688,2.1008,7.5,1670
23742,Cop Out,2010,2,4,30000000.0,107,en,Action,Marc Platt Productions,2.0632,8.5919,5.548,1670
9829,United 93,2006,4,4,15000000.0,111,en,Drama,Sidney Kimmel Entertainment,1.7118,0.3652,7.1,1668
2605,Short Circuit,1986,5,4,10000000.0,98,en,Science Fiction,TriStar Pictures,1.1422,2.8645,6.65,1668
51052,Arthur Christmas,2011,11,3,10000000.0,97,en,Drama,Columbia Pictures,0.6582,5.5475,6.776,1667
36670,Never Say Never Again,1983,10,4,36000000.0,134,en,Adventure,TaliaFilm II Productions,1.1689,3.9244,6.083,1666
84332,Safety Not Guaranteed,2012,6,4,750000.0,86,en,Comedy,Duplass Brothers Productions,1.447,5.8091,6.781,1665
80280,[REC]³ Genesis,2012,3,4,6400000.0,80,es,Horror,Filmax,0.9998,0.8785,5.347,1666
14254,The Uninvited,2009,1,4,0.0,87,en,Horror,DreamWorks Pictures,0.7861,3.7683,6.471,1666
3116,Midnight Cowboy,1969,5,6,3600000.0,113,en,Drama,Florin Productions,0.8414,3.5478,7.535,1666
9604,Red Heat,1988,6,4,29000000.0,104,en,Action,Carolco Pictures,1.4476,6.3894,6.23,1664
9793,The Hills Have Eyes 2,2007,3,3,15000000.0,89,en,Horror,Fox Atomic,0.5471,0.9161,5.6,1664
112336,Hitchcock,2012,11,3,15700000.0,98,en,Drama,Cold Spring Pictures,1.0035,9.5383,6.556,1663
10061,Escape from L.A.,1996,8,4,50000000.0,101,en,Action,Paramount Pictures,2.3727,8.3238,5.864,1663
7520,Cocktail,1988,7,4,20000000.0,104,en,Romance,Interscope Communications,1.4157,12.2838,6.105,1663
903,Cool Hand Luke,1967,11,2,3200000.0,127,en,Drama,Warner Bros.-Seven Arts,0.9299,3.7689,7.732,1663
38357,Morning Glory,2010,11,2,40000000.0,107,en,Drama,Bad Robot,0.898,7.1399,6.374,1662
4960,"Synecdoche, New York",2008,10,4,20000000.0,124,en,Drama,Likely Story,1.9844,4.8997,7.528,1661
442062,Goosebumps 2: Haunted Halloween,2018,10,3,35000000.0,90,en,Comedy,Columbia Pictures,0.624,2.14,6.095,1660
4478,Indecent Proposal,1993,4,2,38000000.0,117,en,Romance,Paramount Pictures,1.5051,3.0916,6.407,1660
512895,Lady and the Tramp,2019,11,1,60000000.0,101,en,Family,Walt Disney Pictures,1.1882,4.4182,7.159,1658
244,King Kong,1933,4,4,672000.0,100,en,Adventure,RKO Radio Pictures,0.9527,1.1776,7.587,1658
396461,Under the Silver Lake,2018,8,2,8500000.0,139,en,Crime,Michael De Luca Productions,1.4562,10.3499,6.3,1657
6068,Six Days Seven Nights,1998,6,4,70000000.0,102,en,Comedy,Roger Birnbaum Productions,1.2251,7.1495,6.106,1657
506574,Descendants 3,2019,8,4,15000000.0,106,en,Family,"Bad Angels Productions, Ltd.",1.1582,4.5802,7.679,1655
452832,Serenity,2019,1,3,25000000.0,102,en,Thriller,Nebulastar,2.3941,8.6775,5.467,1655
614930,Teenage Mutant Ninja Turtles: Mutant Mayhem,2023,7,0,75000000.0,100,en,Animation,Paramount Pictures,0.947,0.8737,7.222,1654
446894,Smallfoot,2018,9,3,80000000.0,96,en,Family,Warner Animation Group,1.1135,7.3348,6.815,1654
463257,The Peanut Butter Falcon,2019,8,4,6200000.0,97,en,Adventure,Bona Fide Productions,0.4255,4.1238,7.4,1653
48034,Little White Lies,2010,10,2,25000000.0,154,fr,Comedy,Les Productions du Trésor,2.3523,1.6009,7.095,1653
20760,Lilo & Stitch 2: Stitch Has a Glitch,2005,8,0,0.0,68,en,Animation,Disney Television Animation,0.9005,2.3542,6.697,1653
6073,The Mexican,2001,3,3,57000000.0,123,en,Action,Newmarket Films,2.0894,11.6228,5.953,1651
9728,Friday the 13th Part III,1982,8,4,2300000.0,95,en,Horror,Jason Productions,1.5615,0.9142,5.877,1648
2114,Final Fantasy: The Spirits Within,2001,7,0,137000000.0,106,en,Action,Chris Lee Productions,0.7267,3.9991,6.2,1648
535,Flashdance,1983,4,3,7000000.0,95,en,Drama,Paramount Pictures,1.5051,4.0052,6.492,1648
1071215,Thanksgiving,2023,11,3,15000000.0,106,en,Horror,Electromagnetic Productions,2.6461,6.8668,6.464,1646
522518,A Dog's Journey,2019,5,4,16000000.0,109,en,Family,Amblin Entertainment,1.1358,2.3449,8.046,1646
10715,Looney Tunes: Back in Action,2003,11,4,80000000.0,92,en,Animation,Goldmann Pictures,1.7598,4.7362,6.375,1645
10537,The Doors,1991,3,4,38000000.0,140,en,Music,Carolco Pictures,2.2764,3.4703,7.106,1645
11596,Wes Craven's New Nightmare,1994,10,3,8000000.0,112,en,Horror,New Line Cinema,2.0992,2.0038,6.452,1644
323677,Race,2016,2,4,5000000.0,134,en,Drama,Trinity Race,1.2856,1.9455,7.262,1643
42949,Arthur 3: The War of the Two Worlds,2010,8,6,70200000.0,101,fr,Animation,EuropaCorp,3.4195,4.719,5.818,1643
9504,Glengarry Glen Ross,1992,9,3,12500000.0,100,en,Crime,Zupnik Cinema Group II,1.2973,6.8539,7.325,1643
734265,Love Hard,2021,11,4,0.0,105,en,Comedy,Wonderland Sound and Vision,0.6574,5.1485,6.923,1642
377264,Morgan,2016,9,3,8000000.0,92,en,Horror,TSG Entertainment,0.7167,6.215,5.823,1641
14199,The Adventures of Sharkboy and Lavagirl,2005,6,4,50000000.0,92,en,Adventure,Troublemaker Studios,2.8327,2.4772,5.208,1641
1236153,Mercy,2026,1,0,60000000.0,100,en,Science Fiction,Atlas Entertainment,1.236,7.1108,7.083,1639
504562,Motherless Brooklyn,2019,10,3,26000000.0,145,en,Drama,Class 5 Films,10.0001,10.0001,6.681,1639
10047,The Messenger: The Story of Joan of Arc,1999,10,2,85000000.0,158,en,Adventure,Gaumont,3.4195,6.9434,6.4,1638
2067,Mission to Mars,2000,3,4,90000000.0,114,en,Science Fiction,Touchstone Pictures,2.294,2.4685,6.038,1638
12139,Dennis the Menace,1993,6,2,35000000.0,96,en,Family,Hughes Entertainment,1.4434,1.9107,5.881,1637
8676,Fool's Gold,2008,2,3,70000000.0,112,en,Adventure,De Line Pictures,1.2792,8.6775,5.799,1637
1480,Touch of Evil,1958,3,6,829000.0,111,en,Crime,Universal International Pictures,2.7537,3.5115,7.745,1637
530382,In the Shadow of the Moon,2019,9,4,0.0,115,en,Science Fiction,42,1.0258,2.6782,6.184,1636
315011,Shin Godzilla,2016,7,4,15000000.0,120,ja,Action,Toho Pictures,1.4679,1.3628,7.245,1635
254904,The November Man,2014,8,2,15000000.0,108,en,Crime,SPD Films,1.4157,6.3029,6.111,1634
254473,Brick Mansions,2014,4,1,28000000.0,90,en,Action,EuropaCorp,1.1238,4.916,5.905,1635
389053,The Do-Over,2016,5,4,0.0,108,en,Action,Happy Madison Productions,1.0101,6.7753,5.709,1634
315465,The Boy and the Beast,2015,7,5,0.0,119,ja,Action,Nippon Television Network Corporation,1.6092,3.1489,7.907,1634
207933,Stonehearst Asylum,2014,10,3,0.0,112,en,Thriller,Icon Productions,1.3338,5.9534,6.846,1634
107811,21 & Over,2013,3,4,13000000.0,93,en,Comedy,Mandeville Films,0.9168,5.1928,5.8,1634
201,Star Trek: Nemesis,2002,12,4,60000000.0,116,en,Science Fiction,Paramount Pictures,0.8733,6.07,6.306,1633
614933,Atlas,2024,5,3,100000000.0,118,en,Science Fiction,Safehouse Pictures,1.3444,4.9134,6.648,1632
424121,Apostle,2018,9,4,0.0,129,en,Horror,XYZ Films,1.5249,5.123,6.146,1630
179,The Interpreter,2005,4,4,80000000.0,128,en,Crime,Mirage Enterprises,1.9812,10.1124,6.318,1631
20126,Deep Red,1975,3,4,0.0,127,it,Horror,Seda Spettacoli,1.4362,2.5655,7.7,1630
432068,C'est la vie!,2017,10,2,17200000.0,115,fr,Comedy,Gaumont,1.0697,1.158,7.024,1629
287948,The Transporter Refueled,2015,9,2,25000000.0,95,en,Action,EuropaCorp,1.1238,4.4194,5.508,1629
49020,Submarine,2011,3,4,1500000.0,98,en,Drama,Warp Films,3.8045,2.3449,7.359,1628
184345,A Haunted House 2,2014,4,3,4000000.0,87,en,Comedy,Automatik Entertainment,0.9509,4.6113,6.197,1628
142061,"Batman: The Dark Knight Returns, Part 2",2013,1,3,3500000.0,78,en,Science Fiction,Warner Premiere,1.2923,5.3573,7.922,1628
586863,Les Misérables,2019,11,3,2500000.0,104,fr,Crime,Srab Films,1.2207,0.9662,7.563,1626
39781,The Kids Are All Right,2010,7,4,3500000.0,106,en,Comedy,Mandalay Vision,0.9872,8.1176,6.593,1626
838,American Graffiti,1973,8,5,777000.0,112,en,Comedy,Lucasfilm Ltd.,2.9259,3.5558,7.047,1626
171424,The Green Inferno,2014,9,3,5000000.0,100,en,Adventure,Sobras International Pictures,2.6461,2.093,5.739,1625
71469,The Darkest Hour,2011,12,3,30000000.0,89,en,Horror,Regency Enterprises,0.8974,2.9825,5.299,1625
7305,Alive,1993,1,4,32000000.0,127,en,Adventure,Touchstone Pictures,1.945,1.8893,6.885,1625
1548,Ghost World,2001,7,4,7000000.0,111,en,Comedy,Mr. Mudd,2.195,3.4316,7.082,1625
10228,Pokémon: The First Movie,1998,7,5,30000000.0,96,ja,Animation,OLM,1.563,2.2419,6.978,1624
199373,The Frozen Ground,2013,7,3,27220000.0,105,en,Thriller,Picture Perfect Corporation,0.5535,10.8655,6.264,1622
288,High Noon,1952,6,0,730000.0,85,en,Western,Stanley Kramer Productions,1.5093,1.8762,7.654,1621
930094,"Red, White & Royal Blue",2023,7,3,20000000.0,118,en,Comedy,Amazon Studios,0.582,2.0149,7.934,1621
597219,The Half of It,2020,5,4,0.0,104,en,Comedy,Likely Story,0.7518,1.2784,7.1,1621
399121,An Officer and a Spy,2019,9,0,25300000.0,132,fr,History,R.P. Productions,2.6007,4.2862,7.056,1621
398175,Brawl in Cell Block 99,2017,9,5,10000000.0,132,en,Action,XYZ Films,1.1088,4.6876,6.952,1619
3114,The Searchers,1956,5,2,3750000.0,119,en,Western,Warner Bros. Pictures,1.5365,2.7396,7.679,1619
1156593,Your Fault,2024,12,3,0.0,117,es,Drama,Pokeepsie Films,1.2907,3.4939,7.087,1618
618344,Justice League Dark: Apokolips War,2020,5,1,0.0,90,en,Animation,Warner Bros. Animation,1.0079,1.547,8.189,1618
10222,Kickboxer,1989,4,3,1500000.0,98,en,Action,Kings Road Entertainment,0.507,7.0039,6.845,1618
353326,The Man Who Knew Infinity,2016,4,4,10000000.0,108,en,Drama,Animus Films,0.4967,4.1629,7.154,1617
173185,It Boy,2013,3,2,0.0,92,fr,Comedy,EuropaCorp,1.0622,2.8646,6.521,1617
152737,August: Osage County,2013,12,3,25000000.0,121,en,Comedy,Jean Doumanian Productions,2.2729,7.1363,6.862,1616
110416,Song of the Sea,2014,6,0,0.0,94,en,Family,Cartoon Saloon,0.8114,0.7986,7.979,1617
13179,Tinker Bell,2008,9,3,48000000.0,78,en,Animation,DisneyToon Studios,0.9839,5.135,6.955,1617
308639,Dope,2015,6,4,7000000.0,103,en,Crime,Revolt Films,1.0275,2.7098,7.044,1616
73567,Killer Joe,2012,6,3,10000000.0,102,en,Crime,ANA Media,1.7981,8.6775,6.527,1615
9454,EverAfter,1998,7,4,26000000.0,121,en,Drama,20th Century Fox,1.2792,4.9218,7.455,1616
4176,Murder on the Orient Express,1974,11,4,1400000.0,128,en,Drama,EMI Films,3.2191,2.8422,7.144,1615
2924,Backdraft,1991,5,4,75000000.0,137,en,Drama,Trilogy Entertainment Group,4.1046,8.3238,6.662,1615
440298,Cold War,2018,6,4,4954500.0,88,pl,Romance,Opus Film,0.9803,1.6557,7.424,1614
146239,Delivery Man,2013,10,3,26000000.0,105,en,Comedy,DreamWorks Pictures,1.0207,4.6876,6.253,1614
11355,Never Been Kissed,1999,4,4,25000000.0,107,en,Romance,Fox 2000 Pictures,1.5095,4.9218,6.161,1614
531454,Eurovision Song Contest: The Story of Fire Saga,2020,6,4,0.0,121,en,Music,Gary Sanchez Productions,1.1717,7.1399,6.403,1613
175,The Big Blue,1988,5,1,13500000.0,168,fr,Romance,Gaumont,3.4195,4.0221,7.447,1612
1151534,Nowhere,2023,9,4,0.0,108,es,Thriller,Rock & Ruz,0.6968,2.2373,7.312,1611
14191,Aquamarine,2006,3,4,12000000.0,103,en,Fantasy,Fox 2000 Pictures,0.7483,4.6607,6.471,1611
9702,Bound by Honor,1993,2,4,35000000.0,190,en,Crime,Hollywood Pictures,1.394,1.6034,8.21,1611
13855,The Chaser,2008,2,3,2600000.0,125,ko,Crime,Bidangil Pictures,2.4585,1.4175,7.778,1610
487297,What Men Want,2019,2,4,20000000.0,117,en,Comedy,BET Films,3.5514,3.7816,6.197,1609
87826,Here Comes the Boom,2012,10,2,42000000.0,105,en,Comedy,Broken Road Productions,0.9021,4.2905,6.226,1609
13483,Awake,2007,11,2,86000000.0,84,en,Thriller,The Weinstein Company,0.9855,4.3409,6.591,1609
533533,TRON: Ares,2025,10,2,220000000.0,119,en,Science Fiction,Walt Disney Pictures,0.9922,7.4691,6.46,1608
521935,Cam,2018,10,0,1000000.0,95,en,Horror,Divide / Conquer,1.1629,2.3751,5.9,1607
98357,Broken City,2013,1,4,56000000.0,109,en,Thriller,1984 Private Defense Contractors,0.9205,7.5299,5.954,1607
284536,The Gambler,2014,12,3,25000000.0,111,en,Thriller,Paramount Pictures,2.0311,7.5299,6.048,1606
23759,Centurion,2010,2,0,12000000.0,97,en,Adventure,UK Film Council,1.2836,5.7677,6.245,1606
6069,The Witches of Eastwick,1987,6,4,22000000.0,118,en,Comedy,Warner Bros. Pictures,1.648,4.6107,6.549,1605
980078,Winnie the Pooh: Blood and Honey,2023,1,3,100000.0,84,en,Horror,Jagged Edge Productions,1.5672,0.5842,4.925,1604
705996,Decision to Leave,2022,6,2,0.0,139,ko,Thriller,Moho Film,3.4838,2.9118,7.32,1604
13186,Wrong Turn 2: Dead End,2007,8,5,4000000.0,97,en,Horror,20th Century Fox,1.3201,1.1234,6.175,1604
542224,Gretel & Hansel,2020,1,3,5000000.0,87,en,Fantasy,Automatik Entertainment,1.8839,3.8985,6.026,1603
491472,At Eternity's Gate,2018,11,3,0.0,111,en,Drama,Iconoclast,1.2445,12.2687,6.987,1603
484482,Sink or Swim,2018,10,2,0.0,122,fr,Drama,Chi-Fou-Mi Productions,1.6592,1.7,6.923,1603
1023922,MaXXXine,2024,7,3,10000000.0,103,en,Horror,A24,2.2431,7.7557,6.267,1602
72784,The Loft,2014,10,1,14000000.0,103,en,Thriller,Open Road Films,1.0753,6.6178,6.407,1602
1090,The Thirteenth Floor,1999,4,4,16000000.0,100,en,Thriller,Columbia Pictures,1.4341,2.3426,7.081,1602
26428,Agora,2009,5,6,70000000.0,127,en,Adventure,Mod Producciones,1.2756,5.5148,7.008,1601
1965,A Perfect Murder,1998,6,4,60000000.0,107,en,Crime,Kopelson Entertainment,1.3893,3.5081,6.551,1601
440471,Escape Plan 2: Hades,2018,6,1,20000000.0,93,en,Action,Leomus Pictures,0.6718,8.4378,5.153,1599
44244,Camp Rock 2: The Final Jam,2010,9,4,0.0,104,en,Comedy,Alan Sacks Productions,0.7824,2.1845,6.3,1599
10851,Revolver,2005,9,6,27000000.0,111,en,Drama,Revolver Pictures Co.,5.5444,35.8713,6.357,1599
174772,Europa Report,2013,6,3,0.0,90,en,Science Fiction,Wayfare Entertainment,0.604,1.3757,6.303,1598
14784,The Fall,2006,9,5,30000000.0,117,en,Adventure,Googly Films,1.5048,4.0745,7.631,1598
281,Strange Days,1995,10,4,42000000.0,145,en,Crime,Lightstorm Entertainment,2.4876,5.8452,7.024,1598
227,The Outsiders,1983,3,4,10000000.0,91,en,Crime,American Zoetrope,3.601,4.5867,7.17,1598
574,The Man Who Knew Too Much,1956,5,2,1200000.0,121,en,Thriller,Paramount Pictures,5.6026,2.4574,7.43,1597
894205,Werewolf by Night,2022,9,6,0.0,55,en,Action,Marvel Studios,1.2213,3.2041,6.966,1595
471498,Oxygen,2021,5,2,0.0,100,fr,Science Fiction,Getaway Films,0.9276,3.3469,6.613,1595
11329,Runaway Jury,2003,10,4,60000000.0,127,en,Drama,New Regency Pictures,1.0055,3.6691,6.942,1595
1696,The Devil's Rejects,2005,7,4,7000000.0,111,en,Drama,Cinerenta,1.9397,1.531,6.718,1595
2255,Chasing Amy,1997,4,4,250000.0,114,en,Comedy,View Askew Productions,2.0632,6.648,6.747,1594
413518,Pinocchio,2019,12,3,12400000.0,124,it,Drama,Archimede,0.9385,0.8842,6.559,1593
11814,Weird Science,1985,8,3,7500000.0,93,en,Comedy,Universal Pictures,3.3642,8.2109,6.535,1593
11797,Fright Night,1985,8,4,9000000.0,107,en,Comedy,Columbia Pictures,1.7208,2.0653,7.046,1593
11416,The Mission,1986,9,5,24500000.0,125,en,Adventure,Goldcrest,1.1159,10.1679,7.398,1592
417870,Girls Trip,2017,7,4,19000000.0,122,en,Comedy,Will Packer Productions,1.172,3.7105,6.813,1592
10010,Brother Bear 2,2006,7,2,0.0,73,en,Adventure,DisneyToon Studios,0.5933,6.8668,6.66,1591
110,Three Colors: Red,1994,5,3,0.0,100,fr,Drama,mk2 Films,1.4434,2.535,7.888,1591
395993,Stronger,2017,9,4,30000000.0,119,en,Drama,Lionsgate,1.0206,11.2983,7.0,1590
137116,Smurfs: The Lost Village,2017,3,3,60000000.0,89,en,Family,The Kerner Entertainment Company,0.8296,2.1845,6.363,1589
102362,Dead Man Down,2013,3,4,30000000.0,118,en,Thriller,WWE Studios,2.1584,8.8777,6.168,1589
38684,Jane Eyre,2011,3,4,13000000.0,120,en,Drama,BBC Film,2.3832,4.3599,7.2,1588
10402,Deuce Bigalow: Male Gigolo,1999,12,4,17000000.0,88,en,Comedy,Quinta Communications,1.3654,4.0319,5.971,1589
11260,Meet Dave,2008,7,1,60000000.0,90,en,Comedy,Dune Entertainment,1.0794,5.528,5.331,1588
9768,Cry-Baby,1990,4,4,11000000.0,85,en,Comedy,Universal Pictures,2.7113,8.6846,6.532,1588
8326,Holes,2003,4,4,20000000.0,117,en,Adventure,Phoenix Pictures,1.3893,4.1238,6.905,1588
817758,TÁR,2022,10,4,35000000.0,158,en,Music,Focus Features,4.4835,11.01,7.09,1587
289222,The Zookeeper's Wife,2017,3,4,20000000.0,126,en,Drama,Scion Films,1.0157,5.4152,7.318,1587
4808,Charade,1963,12,6,4000000.0,113,en,Comedy,Stanley Donen Films,1.2393,4.1204,7.656,1587
511785,Alex Strangelove,2018,4,0,0.0,99,en,Comedy,Mighty Engine,0.588,1.0086,6.6,1586
11287,A League of Their Own,1992,7,2,40000000.0,128,en,Comedy,Columbia Pictures,1.9386,16.1984,7.197,1586
1241436,Warfare,2025,4,2,20000000.0,95,en,War,DNA Films,1.2001,1.0927,7.073,1585
404378,A Street Cat Named Bob,2016,11,4,8000000.0,103,en,Family,Iris Productions,1.2445,1.7737,7.884,1584
10135,Road House,1989,5,4,15000000.0,114,en,Action,United Artists,0.7576,3.7876,6.768,1582
969492,Land of Bad,2024,2,4,18000000.0,113,en,Action,Broken Open Pictures,1.0549,3.4492,7.288,1582
53319,What a Beautiful Day,2011,1,2,6000000.0,92,it,Comedy,Taodue Film,0.6445,0.8905,6.5,1582
20533,Jonah Hex,2010,6,4,47000000.0,81,en,Western,Warner Bros. Pictures,0.8466,7.6836,4.973,1582
820609,No One Will Save You,2023,9,3,22800000.0,93,en,Horror,20th Century Studios,1.6944,3.5891,6.708,1581
11454,Manhunter,1986,8,4,15000000.0,120,en,Crime,DEG,4.0774,4.0385,7.009,1581
11618,The Haunting,1999,7,4,80000000.0,113,en,Horror,DreamWorks Pictures,1.1251,8.5147,5.512,1580
565310,The Farewell,2019,7,4,3000000.0,100,en,Comedy,Big Beach,0.8371,7.2481,7.41,1577
228194,The Hundred-Foot Journey,2014,8,2,22000000.0,122,en,Drama,Amblin Entertainment,1.478,5.1748,7.269,1577
227348,Paranormal Activity: The Marked Ones,2014,1,2,5000000.0,84,en,Horror,Blumhouse Productions,1.5247,0.8138,5.443,1577
10676,Halloween III: Season of the Witch,1982,10,4,2500000.0,98,en,Horror,The De Laurentiis Company,1.0047,1.8196,5.234,1577
858024,Hamnet,2025,11,2,30000000.0,125,en,Drama,Hera Pictures,2.9604,6.9369,7.718,1576
9886,Johnny Mnemonic,1995,5,4,25000000.0,97,en,Science Fiction,TriStar Pictures,0.6842,9.6407,5.766,1576
8066,Stay,2005,9,5,50000000.0,99,en,Mystery,Epsilon Motion Pictures,2.1586,7.3177,6.641,1575
11873,The Color of Money,1986,10,4,13800000.0,119,en,Drama,Touchstone Pictures,5.8366,3.7689,6.852,1575
241239,A Most Violent Year,2014,12,2,20000000.0,125,en,Crime,Participant,1.1718,8.7254,6.598,1574
606,Out of Africa,1985,12,4,31000000.0,161,en,History,Universal Pictures,1.9812,3.0916,7.152,1574
468224,Tolkien,2019,5,4,20000000.0,112,en,War,Fox Searchlight Pictures,1.1866,5.6197,6.912,1573
269795,2:22,2017,6,3,0.0,99,en,Science Fiction,Screen Australia,0.6481,3.337,6.029,1572
9441,Stepmom,1998,12,4,50000000.0,125,en,Drama,1492 Pictures,4.9744,5.8435,7.154,1571
374473,"I, Daniel Blake",2016,10,4,0.0,100,en,Drama,Sixteen Films,1.4365,0.9465,7.714,1569
32985,Solomon Kane,2009,12,2,45000000.0,104,en,Adventure,Davis Films,0.9624,2.765,6.043,1569
5551,Space Cowboys,2000,8,4,65000000.0,130,en,Action,Village Roadshow Pictures,9.0746,9.0746,6.385,1569
4474,My Super Ex-Girlfriend,2006,7,3,0.0,95,en,Comedy,S E Productions Inc.,1.2251,5.7331,5.162,1568
993710,Back in Action,2025,1,2,158900000.0,114,en,Action,Chernin Entertainment,1.547,6.5532,6.43,1568
124459,The Incredible Burt Wonderstone,2013,3,3,30000000.0,100,en,Comedy,New Line Cinema,0.7352,5.8553,5.754,1568
1642,The Net,1995,7,4,22000000.0,114,en,Crime,Columbia Pictures,1.0264,8.1384,6.053,1568
24150,Halloween II,2009,8,4,10000000.0,105,en,Horror,Dimension Films,1.9397,1.4733,5.309,1567
6488,Arachnophobia,1990,7,4,31000000.0,109,en,Comedy,Amblin Entertainment,1.945,3.3646,6.456,1567
333669,Bastille Day,2016,4,4,20000000.0,92,en,Action,StudioCanal,1.3594,8.5716,6.319,1566
1266127,Ready or Not: Here I Come,2026,3,3,14000000.0,108,en,Horror,Searchlight Pictures,1.4287,7.7685,7.577,1565
934632,Rebel Moon - Part Two: The Scargiver,2024,4,4,83000000.0,121,en,Science Fiction,The Stone Quarry,3.3444,3.6205,6.074,1565
10400,The Hurricane,1999,9,4,50000000.0,146,en,Drama,Beacon Pictures,1.0524,9.1225,7.442,1564
10158,White Men Can't Jump,1992,3,4,31000000.0,115,en,Comedy,20th Century Fox,1.1022,5.6455,6.654,1565
1301421,The Sheep Detectives,2026,4,3,75000000.0,109,en,Comedy,Working Title Films,2.8944,8.5559,7.944,1561
17473,The Room,2003,6,4,6000000.0,100,en,Drama,Chloe Productions,1.2507,1.2507,3.987,1564
9556,Darkman,1990,8,4,14000000.0,95,en,Action,Universal Pictures,5.0662,8.5147,6.424,1564
157,Star Trek III: The Search for Spock,1984,6,4,18000000.0,105,en,Science Fiction,Paramount Pictures,2.2406,2.9207,6.582,1564
698948,Thirteen Lives,2022,7,0,55000000.0,147,en,Drama,Imagine Entertainment,4.1046,4.6962,7.819,1563
607259,Fatherhood,2021,6,4,0.0,109,en,Drama,Columbia Pictures,1.4479,6.427,7.485,1563
347969,The Ridiculous 6,2015,12,4,60000000.0,119,en,Western,Happy Madison Productions,0.9021,6.7753,5.236,1563
2001,We Own the Night,2007,10,4,21000000.0,118,en,Drama,2929 Productions,1.879,5.8049,6.686,1563
724089,Gabriel's Inferno: Part II,2020,7,4,0.0,106,en,Romance,PassionFlix,1.4095,2.1918,8.3,1561
10607,Don't Be a Menace to South Central While Drinking Your Juice in the Hood,1996,1,4,3800000.0,89,en,Comedy,Ivory Way Productions,1.0546,2.7895,7.057,1561
8688,Snake Eyes,1998,8,4,73000000.0,98,en,Crime,Paramount Pictures,2.294,10.8655,6.204,1561
581528,"The Gangster, the Cop, the Devil",2019,5,2,6500000.0,110,ko,Action,Acemaker Movieworks,0.7831,3.9962,7.871,1560
480105,47 Meters Down: Uncaged,2019,8,3,12000000.0,90,en,Horror,The Fyzz,0.7974,2.0432,5.722,1560
365177,Borderlands,2024,8,2,115000000.0,101,en,Action,Lionsgate,2.6461,11.01,5.547,1560
22897,It's Complicated,2009,12,2,85000000.0,121,en,Comedy,Waverly Films,1.9149,7.1363,6.514,1560
1232546,Until Dawn,2025,4,2,15000000.0,103,en,Horror,PlayStation Productions,1.0354,3.2047,6.256,1559
515042,Free Solo,2018,9,4,0.0,100,en,Documentary,National Geographic Documentary Films,0.9697,0.862,7.9,1559
301502,Blonde,2022,9,4,22000000.0,167,en,Drama,Plan B Entertainment,1.1195,7.2183,5.883,1557
187596,Walk of Shame,2014,5,4,6000000.0,95,en,Comedy,Lakeshore Entertainment,1.0101,3.5378,5.968,1555
144336,Sabotage,2014,3,4,35000000.0,110,en,Action,Open Road Films,1.5009,6.3894,5.624,1555
13398,Tokyo Godfathers,2003,12,4,2400000.0,92,ja,Animation,Madhouse,1.3602,1.3585,7.925,1555
11470,Jason X,2001,11,4,11000000.0,91,en,Horror,Crystal Lake Entertainment,0.9226,1.7034,4.861,1555
